Jumlah_Terjual,Harga_Satuan,Total_Penjualan,Tahun,Bulan,Hari,Kategori_Makanan,Kategori_Minuman,Kategori_Snack,Metode_Pembayaran_E-Wallet,Metode_Pembayaran_QRIS,Metode_Pembayaran_Transfer Bank,Channel_Penjualan_Offline Store,Channel_Penjualan_Shopee,Channel_Penjualan_Tokopedia,Channel_Penjualan_WhatsApp,Kategori_Volume_Sedang,Kategori_Volume_Banyak
-1.5766672930770564,-0.7676251412707763,15253.0,2024,1,1,True,False,False,False,False,True,False,True,False,False,False,False
-1.2264635548745522,-0.8715011471646387,28934.0,2024,1,1,False,False,True,False,True,False,True,False,False,False,False,False
-1.5766672930770564,-0.6366567928727895,16244.0,2024,1,1,False,True,False,False,True,False,False,True,False,False,False,False
1.2249626125429778,0.5113977404605212,224379.0,2024,1,1,False,True,False,False,True,False,True,False,False,False,False,True
1.2249626125429778,0.31382187683288226,210924.0,2024,1,1,False,True,False,False,False,True,False,False,False,False,False,True
-0.17585234026703933,-0.39758338999493076,90265.0,2024,1,1,False,True,False,False,False,True,False,False,False,False,True,False
-0.17585234026703933,1.0852267704747074,146365.0,2024,1,1,True,False,False,False,False,True,False,False,False,True,True,False
-1.2264635548745522,-0.6541016182900794,32224.0,2024,1,1,True,False,False,False,True,False,False,False,False,True,False,False
1.575166350745482,1.2032436575780396,301660.0,2024,1,1,True,False,False,False,True,False,False,False,False,False,False,True
-1.2264635548745522,-1.316476353073843,22200.0,2024,1,1,False,False,True,False,True,False,True,False,False,False,False,False
1.575166350745482,0.6476523995910201,259620.0,2024,1,1,True,False,False,False,False,True,False,False,True,False,False,True
-0.5260560784695436,-0.3556893774397725,73480.0,2024,1,1,True,False,False,False,True,False,False,True,False,False,True,False
0.5245551361379692,-0.7644533548312691,106939.0,2024,1,1,True,False,False,True,False,False,False,False,False,True,True,False
0.17435139793546492,-1.0772707924276714,77460.0,2024,1,1,False,False,True,False,False,True,False,False,False,True,True,False
1.575166350745482,-0.8802235598732836,144010.0,2024,1,1,True,False,False,False,False,True,False,True,False,False,False,True
-0.17585234026703933,-0.06599954929811061,102810.0,2024,1,2,False,True,False,False,False,True,False,False,False,True,True,False
-0.5260560784695436,-0.6342779530431591,65048.0,2024,1,2,True,False,False,False,False,False,False,False,False,False,True,False
-1.2264635548745522,0.4845697134930224,49456.0,2024,1,2,True,False,False,False,False,False,False,True,False,False,False,False
0.5245551361379692,2.0744276662960304,257306.0,2024,1,2,False,False,False,False,False,True,False,False,False,True,True,False
-0.5260560784695436,-0.8541884795156616,58392.0,2024,1,2,False,False,True,False,False,False,True,False,False,False,True,False
1.575166350745482,-0.23661522818993797,192710.0,2024,1,2,False,True,False,False,False,False,False,True,False,False,False,True
1.2249626125429778,-0.9276681986975795,126378.0,2024,1,2,False,False,True,False,True,False,False,False,True,False,False,True
-0.8762598166720479,-0.8922499167897486,42930.0,2024,1,2,True,False,False,True,False,False,True,False,False,False,False,False
0.5245551361379692,-0.6522514095337002,112882.0,2024,1,2,True,False,False,True,False,False,True,False,False,False,True,False
1.2249626125429778,0.268623920069904,207846.0,2024,1,2,True,False,False,False,True,False,True,False,False,False,False,True
0.17435139793546492,0.3768611323180888,143478.0,2024,1,2,True,False,False,False,False,False,False,False,False,False,True,False
0.8747588743404735,-1.4584137962417922,80208.0,2024,1,2,False,False,True,False,False,False,True,False,False,False,False,True
-1.2264635548745522,-1.403171849087041,20888.0,2024,1,3,False,False,True,False,False,True,False,True,False,False,False,False
-0.8762598166720479,1.5008629518184697,97254.0,2024,1,3,True,False,False,False,True,False,True,False,False,False,False,False
0.8747588743404735,0.938003016574246,225272.0,2024,1,3,True,False,False,False,True,False,False,False,False,True,False,True
-0.5260560784695436,0.31884387202876874,93896.0,2024,1,3,True,False,False,False,False,True,True,False,False,False,True,False
-1.2264635548745522,-0.5392565176262545,33962.0,2024,1,3,True,False,False,False,True,False,True,False,False,False,False,False
-0.8762598166720479,-0.947359706176187,41679.0,2024,1,3,False,False,True,False,False,True,False,False,False,True,False,False
1.575166350745482,-1.2681066098713574,114660.0,2024,1,3,False,False,True,False,False,True,True,False,False,False,False,True
0.5245551361379692,0.6604717031173618,182413.0,2024,1,4,True,False,False,True,False,False,True,False,False,False,True,False
-1.2264635548745522,1.8460590426515084,70060.0,2024,1,4,False,False,False,False,False,True,False,False,True,False,False,False
-1.5766672930770564,1.5538582169119033,32819.0,2024,1,4,True,False,False,False,False,True,True,False,False,False,False,False
-1.5766672930770564,-0.06348855170016737,20581.0,2024,1,4,False,True,False,False,True,False,False,True,False,False,False,False
-1.5766672930770564,-0.707757672225077,15706.0,2024,1,4,True,False,False,False,True,False,True,False,False,False,False,False
-0.17585234026703933,0.38518707172179534,119880.0,2024,1,4,False,True,False,False,False,True,True,False,False,False,True,False
1.575166350745482,-0.8380652317814997,147200.0,2024,1,4,False,False,True,True,False,False,False,True,False,False,False,True
0.5245551361379692,1.7838127337761787,241913.0,2024,1,4,False,False,False,False,True,False,False,False,True,False,True,False
0.17435139793546492,-0.21044799006400317,116814.0,2024,1,5,False,True,False,True,False,False,False,False,False,False,True,False
-1.2264635548745522,-0.6033530352579635,32992.0,2024,1,5,True,False,False,True,False,False,False,False,False,True,False,False
-0.5260560784695436,-0.8580210547967329,58276.0,2024,1,5,True,False,False,False,False,True,True,False,False,False,True,False
-0.8762598166720479,2.034516020265564,109368.0,2024,1,5,False,False,False,False,False,True,False,False,False,True,False,False
-0.5260560784695436,1.6593201160255193,134468.0,2024,1,5,False,False,False,True,False,False,True,False,False,False,True,False
-1.5766672930770564,-0.48018199519043203,17428.0,2024,1,5,True,False,False,False,True,False,False,False,True,False,False,False
-0.8762598166720479,0.29968099562341244,69987.0,2024,1,5,False,True,False,True,False,False,False,False,False,False,False,False
0.5245551361379692,-0.07683648629976038,143360.0,2024,1,5,False,True,False,False,False,True,False,False,False,False,True,False
0.5245551361379692,-0.3818566155657073,127204.0,2024,1,5,True,False,False,True,False,False,False,False,False,True,True,False
1.2249626125429778,-0.14212242384628454,179874.0,2024,1,5,False,True,False,False,False,True,False,True,False,False,False,True
-0.5260560784695436,0.31950466087033275,93916.0,2024,1,5,True,False,False,False,True,False,False,False,False,True,True,False
-1.5766672930770564,-0.036528366964355775,20785.0,2024,1,5,True,False,False,True,False,False,True,False,False,False,False,False
-0.8762598166720479,-1.6647120725780762,25395.0,2024,1,5,False,False,True,False,True,False,False,True,False,False,False,False
1.575166350745482,-0.9918968740976013,135560.0,2024,1,5,True,False,False,False,False,True,False,False,False,False,False,True
1.575166350745482,-0.7989465323609104,150160.0,2024,1,5,True,False,False,False,True,False,True,False,False,False,False,True
1.575166350745482,-0.05701282105284008,206300.0,2024,1,6,False,True,False,False,False,False,False,False,False,True,False,True
0.17435139793546492,0.11809622196162255,131730.0,2024,1,6,False,True,False,False,False,False,False,False,False,False,True,False
-0.17585234026703933,-0.9669190558864817,68725.0,2024,1,6,False,False,True,False,False,False,False,False,True,False,True,False
0.8747588743404735,-0.05939166088247051,164896.0,2024,1,6,True,False,False,False,True,False,False,False,True,False,False,True
-0.5260560784695436,-1.1785036429552778,48576.0,2024,1,6,False,False,True,False,False,False,False,True,False,False,True,False
-1.2264635548745522,1.1814376258064272,60002.0,2024,1,6,True,False,False,False,False,False,False,False,False,True,False,False
1.2249626125429778,1.9052657228556438,319302.0,2024,1,7,False,False,False,False,True,False,True,False,False,False,False,True
-1.2264635548745522,0.4015746349925828,48200.0,2024,1,7,True,False,False,False,False,False,False,False,True,False,False,False
1.2249626125429778,-0.8971397542173223,128457.0,2024,1,7,True,False,False,False,False,False,False,False,False,True,False,True
-0.5260560784695436,-0.033488738293161326,83232.0,2024,1,7,False,True,False,False,False,True,False,False,False,True,True,False
0.8747588743404735,-1.4543169054240954,80456.0,2024,1,7,False,False,True,False,True,False,False,False,True,False,False,True
-0.17585234026703933,-0.6211943339801917,81805.0,2024,1,7,False,True,False,False,True,False,False,False,False,True,True,False
-0.17585234026703933,-1.287005170740088,56615.0,2024,1,7,False,False,True,True,False,False,True,False,False,False,True,False
-1.5766672930770564,-1.6051089190690024,8916.0,2024,1,8,False,False,True,False,True,False,False,True,False,False,False,False
-1.5766672930770564,-1.3265203434656159,11024.0,2024,1,8,False,False,True,False,False,True,False,False,False,False,False,False
-1.5766672930770564,-1.1281515332281,12525.0,2024,1,8,False,False,True,False,False,False,False,False,True,False,False,False
-0.5260560784695436,1.1871204098438777,120176.0,2024,1,8,True,False,False,False,True,False,False,False,False,True,True,False
0.5245551361379692,-1.5588537001595217,64862.0,2024,1,8,False,False,True,False,False,True,False,True,False,False,True,False
0.5245551361379692,-1.4350218712504264,71421.0,2024,1,8,False,False,True,False,False,True,False,False,False,True,True,False
-0.5260560784695436,-0.3801385645776409,72740.0,2024,1,8,False,True,False,False,False,True,False,False,True,False,True,False
-1.5766672930770564,-0.1594350914952616,19855.0,2024,1,8,False,True,False,False,False,True,False,True,False,False,False,False
0.17435139793546492,1.9081731937585253,213000.0,2024,1,8,False,False,False,False,False,True,False,True,False,False,True,False
-0.5260560784695436,-0.2375403325681276,77056.0,2024,1,8,True,False,False,False,False,False,False,False,False,True,True,False
-0.17585234026703933,-0.6852908516119007,79380.0,2024,1,8,True,False,False,True,False,False,True,False,False,False,True,False
-1.2264635548745522,-0.3862178219200298,36278.0,2024,1,9,True,False,False,False,False,True,True,False,False,False,False,False
-1.5766672930770564,0.3735571881102688,23888.0,2024,1,9,True,False,False,True,False,False,False,False,False,True,False,False
0.5245551361379692,1.573285408853885,230762.0,2024,1,9,True,False,False,False,True,False,False,False,False,False,True,False
-0.5260560784695436,-0.12890664701500434,80344.0,2024,1,9,False,True,False,False,True,False,False,False,False,False,True,False
1.2249626125429778,-0.08608753008165651,183690.0,2024,1,9,True,False,False,False,False,True,False,False,False,True,False,True
-1.2264635548745522,-0.3115486828232967,37408.0,2024,1,9,False,True,False,False,False,False,False,False,True,False,False,False
1.2249626125429778,0.590956716984828,229797.0,2024,1,9,True,False,False,True,False,False,False,False,False,True,False,True
-0.17585234026703933,-0.06877486243267945,102705.0,2024,1,9,False,True,False,False,False,True,False,True,False,False,True,False
0.5245551361379692,-0.4805784684953704,121975.0,2024,1,9,False,True,False,False,False,False,False,False,False,False,True,False
-1.5766672930770564,-1.397224749512965,10489.0,2024,1,9,False,False,True,False,False,False,False,True,False,False,False,False
1.575166350745482,-0.055823401138024864,206390.0,2024,1,10,False,True,False,True,False,False,False,False,False,False,False,True
-0.5260560784695436,2.1311233489022223,148748.0,2024,1,10,False,False,False,True,False,False,False,True,False,False,True,False
-0.17585234026703933,-0.5074064954628692,86110.0,2024,1,10,True,False,False,False,False,False,False,False,True,False,True,False
-0.17585234026703933,0.10289807860565031,109200.0,2024,1,10,False,True,False,False,False,True,False,True,False,False,True,False
-1.5766672930770564,-0.40392696287394525,18005.0,2024,1,10,True,False,False,True,False,False,True,False,False,False,False,False
0.8747588743404735,-0.6167009698575564,131160.0,2024,1,10,True,False,False,False,False,True,False,False,False,False,False,True
0.5245551361379692,1.8418299940654987,244986.0,2024,1,10,False,False,False,False,False,True,False,False,True,False,True,False
0.5245551361379692,-0.8285498724629781,103544.0,2024,1,10,True,False,False,False,False,True,True,False,False,False,True,False
-1.5766672930770564,2.1812111430927743,37566.0,2024,1,10,False,False,False,False,False,True,False,False,True,False,False,False
-0.8762598166720479,2.0807712391750446,110418.0,2024,1,10,False,False,False,False,False,False,False,False,False,False,False,False
1.2249626125429778,0.057303648537733634,193455.0,2024,1,10,False,True,False,True,False,False,False,True,False,False,False,True
-0.17585234026703933,1.8453982538099445,175125.0,2024,1,11,False,False,False,False,False,False,True,False,False,False,True,False
-0.5260560784695436,1.875001593912012,140996.0,2024,1,11,False,False,False,True,False,False,False,False,True,False,True,False
-0.5260560784695436,0.550252124344485,100900.0,2024,1,11,True,False,False,False,False,False,False,False,False,True,True,False
-1.2264635548745522,-1.5764306833451245,18266.0,2024,1,11,False,False,True,False,False,True,False,True,False,False,False,False
-0.8762598166720479,-0.4373628782570842,53256.0,2024,1,11,False,True,False,False,True,False,False,False,False,False,False,False
0.17435139793546492,-0.08146200819070845,122670.0,2024,1,11,False,True,False,True,False,False,False,False,False,False,True,False
-0.5260560784695436,-0.21414840757676162,77764.0,2024,1,11,True,False,False,True,False,False,True,False,False,False,True,False
1.575166350745482,-0.2570996822784223,191160.0,2024,1,11,True,False,False,True,False,False,False,False,True,False,False,True
-0.17585234026703933,1.3391018434036,155970.0,2024,1,11,True,False,False,True,False,False,True,False,False,False,True,False
1.575166350745482,-1.4874885052706086,98060.0,2024,1,11,False,False,True,True,False,False,False,True,False,False,False,True
0.5245551361379692,0.7819246921968269,188846.0,2024,1,11,True,False,False,False,True,False,False,False,False,False,True,False
0.5245551361379692,1.0956672341714189,205464.0,2024,1,11,True,False,False,True,False,False,False,True,False,False,True,False
-1.5766672930770564,-1.2996923164981171,11227.0,2024,1,12,False,False,True,False,True,False,False,False,True,False,False,False
-0.8762598166720479,-0.16908260858209614,59346.0,2024,1,12,False,True,False,False,False,True,False,False,True,False,False,False
0.5245551361379692,0.6105160666951227,179767.0,2024,1,12,True,False,False,False,False,True,False,False,False,False,True,False
0.17435139793546492,1.3273398020237606,186630.0,2024,1,12,True,False,False,False,False,False,False,False,False,False,True,False
-1.2264635548745522,0.7652728133894138,53704.0,2024,1,12,True,False,False,False,True,False,True,False,False,False,False,False
0.17435139793546492,-0.4262616257188088,107016.0,2024,1,12,True,False,False,False,True,False,False,False,True,False,True,False
-0.5260560784695436,-0.45308965268630763,70532.0,2024,1,12,True,False,False,False,True,False,True,False,False,False,True,False
-0.5260560784695436,-1.325198765782488,44136.0,2024,1,12,False,False,True,True,False,False,False,False,True,False,True,False
-0.5260560784695436,0.09880118778795345,87236.0,2024,1,12,False,True,False,False,False,False,False,False,False,True,True,False
1.575166350745482,-0.8044971586300481,149740.0,2024,1,12,False,False,True,False,True,False,False,True,False,False,False,True
-1.2264635548745522,0.882628911651182,55480.0,2024,1,12,True,False,False,False,True,False,False,False,False,True,False,False
0.5245551361379692,0.024792837532784346,148743.0,2024,1,12,False,True,False,False,False,True,False,False,True,False,True,False
-0.5260560784695436,-0.29436817294263246,75336.0,2024,1,12,False,True,False,False,False,False,True,False,False,False,True,False
1.575166350745482,-1.0209715831264177,133360.0,2024,1,12,True,False,False,False,False,False,True,False,False,False,False,True
-1.2264635548745522,1.4646517233007619,64288.0,2024,1,13,True,False,False,False,False,False,False,False,True,False,False,False
0.8747588743404735,-0.5547189765188524,134912.0,2024,1,13,False,True,False,True,False,False,False,False,False,True,False,True
-0.8762598166720479,2.049185532548285,109701.0,2024,1,13,False,False,False,False,False,True,True,False,False,False,False,False
1.575166350745482,0.8387525325713318,274080.0,2024,1,13,True,False,False,True,False,False,False,False,False,False,False,True
1.575166350745482,-0.3784205135895745,181980.0,2024,1,13,False,True,False,False,False,False,False,True,False,False,False,True
-0.17585234026703933,-0.5774501126686543,83460.0,2024,1,13,True,False,False,False,False,True,False,False,False,False,True,False
1.575166350745482,0.005629961127428059,211040.0,2024,1,13,False,True,False,False,False,False,False,False,True,False,False,True
0.17435139793546492,1.7745616899942824,206934.0,2024,1,13,False,False,False,True,False,False,False,True,False,False,True,False
-0.17585234026703933,1.2854457894686024,153940.0,2024,1,13,True,False,False,False,False,False,True,False,False,False,True,False
1.2249626125429778,0.26717018461846315,207747.0,2024,1,13,True,False,False,False,False,True,False,False,True,False,False,True
0.5245551361379692,0.3886231736979282,168014.0,2024,1,13,False,True,False,False,False,True,False,False,False,False,True,False
0.8747588743404735,1.5964130183086254,265128.0,2024,1,14,False,False,False,False,True,False,False,False,False,True,False,True
0.5245551361379692,0.12311821715750902,153951.0,2024,1,14,False,True,False,False,False,False,True,False,False,False,True,False
0.8747588743404735,1.5161932529427546,260272.0,2024,1,14,True,False,False,False,False,False,False,False,False,False,False,True
0.17435139793546492,-1.3452867465660339,65292.0,2024,1,14,False,False,True,True,False,False,False,False,False,True,True,False
-0.17585234026703933,0.5057149564230707,124440.0,2024,1,14,True,False,False,False,True,False,False,True,False,False,True,False
-1.2264635548745522,1.4970303765373985,64778.0,2024,1,14,True,False,False,False,False,True,False,True,False,False,False,False
0.8747588743404735,0.15906513013859117,178120.0,2024,1,14,False,True,False,False,False,False,False,False,True,False,False,True
-0.17585234026703933,0.10593770727684476,109315.0,2024,1,14,False,True,False,False,False,False,False,True,False,False,True,False
-1.5766672930770564,0.8343913262170093,27375.0,2024,1,14,True,False,False,False,False,True,False,False,False,True,False,False
-1.5766672930770564,-0.06983212457918186,20533.0,2024,1,14,True,False,False,False,False,False,False,True,False,False,False,False
-1.2264635548745522,1.5909945498078006,66200.0,2024,1,14,False,False,False,False,False,False,False,False,False,False,False,False
0.8747588743404735,1.9466311043375506,286328.0,2024,1,14,False,False,False,False,False,True,False,False,True,False,False,True
0.8747588743404735,0.3796364454526577,191472.0,2024,1,14,True,False,False,False,True,False,False,False,False,False,False,True
-1.2264635548745522,2.2023563860228226,75452.0,2024,1,14,False,False,False,False,True,False,False,True,False,False,False,False
1.575166350745482,-1.132909212887361,124890.0,2024,1,14,False,False,True,False,True,False,False,True,False,False,False,True
0.5245551361379692,-1.0698699574021544,90762.0,2024,1,15,False,False,True,False,False,True,True,False,False,False,True,False
0.8747588743404735,-0.18969922043889326,157008.0,2024,1,15,False,True,False,False,False,False,True,False,False,False,False,True
-0.17585234026703933,-0.053312403540081627,103290.0,2024,1,15,False,True,False,False,True,False,True,False,False,False,True,False
-0.5260560784695436,-0.8370079696349974,58912.0,2024,1,15,True,False,False,False,False,False,False,False,True,False,True,False
-0.5260560784695436,-1.2737893939088079,45692.0,2024,1,15,False,False,True,False,True,False,False,True,False,False,True,False
0.5245551361379692,-0.18124112326687394,137830.0,2024,1,15,True,False,False,True,False,False,False,False,False,True,True,False
-0.17585234026703933,0.16580517632254405,111580.0,2024,1,16,False,True,False,True,False,False,False,False,True,False,True,False
-0.17585234026703933,0.49818196362924105,124155.0,2024,1,16,False,True,False,False,False,True,False,False,False,False,True,False
1.2249626125429778,-0.8220741418156507,133569.0,2024,1,16,True,False,False,False,False,True,False,False,False,True,False,True
-1.2264635548745522,-1.3973569072812777,20976.0,2024,1,16,False,False,True,False,False,True,False,False,False,True,False,False
1.575166350745482,-0.09216678742404541,203640.0,2024,1,16,False,True,False,True,False,False,False,False,True,False,False,True
0.5245551361379692,0.5509129131860491,176610.0,2024,1,17,True,False,False,True,False,False,False,False,False,False,True,False
1.575166350745482,-1.0222931608095458,133260.0,2024,1,17,True,False,False,True,False,False,False,False,False,True,False,True
-0.17585234026703933,-0.3767024626015081,91055.0,2024,1,17,False,True,False,False,True,False,False,True,False,False,True,False
1.575166350745482,-0.38225308887064574,181690.0,2024,1,17,False,True,False,False,False,False,True,False,False,False,False,True
-0.8762598166720479,-0.1595672492635744,59562.0,2024,1,17,True,False,False,True,False,False,False,False,False,True,False,False
1.575166350745482,-0.9900466653412221,135700.0,2024,1,17,False,False,True,True,False,False,False,False,True,False,False,True
0.17435139793546492,2.019846507982843,218070.0,2024,1,17,False,False,False,False,False,False,False,False,False,True,True,False
-0.8762598166720479,-0.7084184610666411,47103.0,2024,1,17,True,False,False,True,False,False,False,False,False,False,False,False
0.5245551361379692,0.8517039938659863,192542.0,2024,1,17,True,False,False,False,True,False,False,False,False,False,True,False
0.17435139793546492,-0.7922064861769574,90402.0,2024,1,17,True,False,False,False,False,False,False,False,True,False,True,False
1.2249626125429778,-0.667713868426298,144081.0,2024,1,17,False,True,False,True,False,False,False,False,False,False,False,True
-0.5260560784695436,-0.10762924631664324,80988.0,2024,1,17,True,False,False,False,False,False,True,False,False,False,True,False
-1.5766672930770564,1.7980857727539612,34667.0,2024,1,18,False,False,False,False,False,False,True,False,False,False,False,False
-0.17585234026703933,-0.9875356677432788,67945.0,2024,1,18,False,False,True,True,False,False,False,False,True,False,True,False
1.575166350745482,-0.4098740624480214,179600.0,2024,1,18,True,False,False,False,False,True,False,False,False,True,False,True
-1.5766672930770564,-1.128283690996413,12524.0,2024,1,18,False,False,True,True,False,False,False,False,True,False,False,False
-1.2264635548745522,0.35928414913248613,47560.0,2024,1,18,False,True,False,False,True,False,False,True,False,False,False,False
-0.17585234026703933,2.128612351304279,185840.0,2024,1,18,False,False,False,False,False,False,False,False,False,False,True,False
0.8747588743404735,1.8415656785288732,279968.0,2024,1,18,False,False,False,True,False,False,True,False,False,False,False,True
0.5245551361379692,-1.2555516218816412,80927.0,2024,1,18,False,False,True,False,False,True,False,False,True,False,True,False
0.5245551361379692,0.6241283168313413,180488.0,2024,1,18,True,False,False,False,False,False,False,False,True,False,True,False
-0.17585234026703933,0.8916156398964525,139040.0,2024,1,18,True,False,False,True,False,False,False,True,False,False,True,False
1.2249626125429778,2.1020486398734057,320262.5,2024,1,18,False,False,False,False,False,False,False,False,False,True,False,True
1.2249626125429778,-1.317797930756971,99810.0,2024,1,18,False,False,True,True,False,False,False,False,False,True,False,True
1.575166350745482,0.27430670410735447,231370.0,2024,1,19,False,True,False,False,False,True,False,False,False,False,False,True
0.17435139793546492,-0.15692409389731837,119244.0,2024,1,19,True,False,False,True,False,False,False,False,False,False,True,False
0.8747588743404735,-1.4218060944191462,82424.0,2024,1,19,False,False,True,False,False,True,True,False,False,False,False,True
0.17435139793546492,-0.29595406616238606,112932.0,2024,1,19,False,True,False,True,False,False,False,False,True,False,True,False
0.8747588743404735,-1.7096457138044288,65000.0,2024,1,19,False,False,True,False,False,True,False,False,False,False,False,True
-1.2264635548745522,-0.9535711212868887,27692.0,2024,1,19,False,False,True,False,False,False,False,False,False,True,False,False
0.5245551361379692,-0.3177600979339984,130599.0,2024,1,19,False,True,False,False,False,False,True,False,False,False,True,False
0.17435139793546492,-0.14066868839484373,119982.0,2024,1,19,False,True,False,False,True,False,True,False,False,False,True,False
-0.17585234026703933,0.10593770727684476,109315.0,2024,1,20,False,True,False,False,True,False,False,False,False,False,True,False
-1.2264635548745522,-0.5851152632307968,33268.0,2024,1,20,True,False,False,False,False,True,False,False,False,True,False,False
-1.5766672930770564,-0.3177600979339984,18657.0,2024,1,20,True,False,False,False,True,False,False,False,False,True,False,False
0.17435139793546492,1.383242538020076,189168.0,2024,1,20,True,False,False,False,False,True,False,True,False,False,True,False
0.5245551361379692,-1.113482020945379,88452.0,2024,1,20,False,False,True,False,False,True,False,True,False,False,True,False
-1.2264635548745522,-0.8021183188004176,29984.0,2024,1,20,False,False,True,True,False,False,True,False,False,False,False,False
0.8747588743404735,0.49104544414034973,198216.0,2024,1,21,False,True,False,False,False,True,False,True,False,False,False,True
-0.17585234026703933,2.075220612905907,183820.0,2024,1,21,False,False,False,False,False,False,False,False,True,False,True,False
-0.17585234026703933,2.1694491017129347,187385.0,2024,1,21,False,False,False,False,False,True,False,False,True,False,True,False
0.17435139793546492,2.2138541118660364,226878.0,2024,1,21,False,False,False,False,False,False,False,False,False,False,True,False
0.8747588743404735,0.5831594086543727,203792.0,2024,1,21,True,False,False,False,False,True,False,False,False,False,False,True
-1.2264635548745522,1.8345613168082946,69886.0,2024,1,21,False,False,False,True,False,False,True,False,False,False,False,False
1.575166350745482,1.2372082040344297,304230.0,2024,1,21,True,False,False,False,False,False,False,False,True,False,False,True
-0.17585234026703933,-0.6601808756324683,80330.0,2024,1,21,False,True,False,False,True,False,True,False,False,False,True,False
-0.17585234026703933,1.826896166246152,174425.0,2024,1,21,False,False,False,False,False,False,False,True,False,False,True,False
1.575166350745482,0.13104768325627714,220530.0,2024,1,21,False,True,False,False,False,True,False,False,True,False,False,True
-0.17585234026703933,-0.19168158696358528,98055.0,2024,1,21,True,False,False,False,True,False,True,False,False,False,True,False
-0.8762598166720479,1.0145223644273584,86214.0,2024,1,21,True,False,False,False,False,False,False,False,False,True,False,False
-0.8762598166720479,-0.4516359172348668,52932.0,2024,1,21,False,True,False,False,False,True,True,False,False,False,False,False
1.2249626125429778,1.4601583591781266,288990.0,2024,1,21,True,False,False,False,False,False,False,True,False,False,False,True
0.8747588743404735,0.575626415860543,203336.0,2024,1,21,True,False,False,False,False,False,False,False,True,False,False,True
-0.8762598166720479,-0.8211490374374611,44544.0,2024,1,22,True,False,False,True,False,False,True,False,False,False,False,False
-1.2264635548745522,1.3441238385994865,62464.0,2024,1,22,True,False,False,False,True,False,False,False,False,True,False,False
-1.2264635548745522,-1.2338777478783416,23450.0,2024,1,22,False,False,True,False,False,False,False,False,False,True,False,False
0.5245551361379692,-0.002431662739652862,147301.0,2024,1,22,False,True,False,False,True,False,False,True,False,False,True,False
-1.5766672930770564,2.1855723494470967,37599.0,2024,1,22,False,False,False,False,False,False,True,False,False,False,False,False
-1.2264635548745522,0.3623237778036806,47606.0,2024,1,22,False,True,False,False,False,False,False,False,False,False,False,False
-0.8762598166720479,-1.0163460612354696,40113.0,2024,1,22,True,False,False,False,True,False,False,False,False,True,False,False
-1.2264635548745522,1.6829763565535107,67592.0,2024,1,22,False,False,False,False,False,True,True,False,False,False,False,False
0.5245551361379692,-0.9707516311675529,96012.0,2024,1,22,False,False,True,False,False,False,True,False,False,False,True,False
1.575166350745482,-0.5017237114254187,172650.0,2024,1,22,False,True,False,True,False,False,False,False,True,False,False,True
1.575166350745482,2.0195821924462174,320262.5,2024,1,22,False,False,False,False,False,False,False,False,True,False,False,True
-0.5260560784695436,1.3969869459246074,126528.0,2024,1,22,True,False,False,True,False,False,False,True,False,False,True,False
0.17435139793546492,-0.47595294660442233,104760.0,2024,1,23,True,False,False,False,False,False,False,False,True,False,True,False
-0.17585234026703933,-0.46353011638301894,87770.0,2024,1,23,False,True,False,False,True,False,False,False,False,False,True,False
-0.5260560784695436,-0.4189929484616047,71564.0,2024,1,23,True,False,False,False,True,False,False,False,True,False,True,False
-0.5260560784695436,1.0532445905430092,116124.0,2024,1,23,True,False,False,False,False,True,False,False,True,False,True,False
-0.5260560784695436,-1.091411673637141,51212.0,2024,1,23,False,False,True,False,False,True,False,True,False,False,True,False
-0.8762598166720479,1.5621841563156098,98646.0,2024,1,23,True,False,False,False,True,False,False,False,False,True,False,False
-0.8762598166720479,-0.8770517734337764,43275.0,2024,1,23,False,False,True,False,False,False,False,True,False,False,False,False
-1.5766672930770564,-0.9227783612700058,14079.0,2024,1,23,True,False,False,False,True,False,False,False,False,True,False,False
1.575166350745482,0.21021018647564552,226520.0,2024,1,23,False,True,False,False,True,False,False,True,False,False,False,True
-1.5766672930770564,0.3933808533571891,24038.0,2024,1,23,True,False,False,True,False,False,True,False,False,False,False,False
0.8747588743404735,-0.5800932680349103,133376.0,2024,1,24,True,False,False,False,False,False,True,False,False,False,False,True
-1.2264635548745522,0.08466030657848364,43404.0,2024,1,24,False,True,False,False,False,True,True,False,False,False,False,False
1.2249626125429778,-0.34247360060849236,166230.0,2024,1,24,True,False,False,True,False,False,False,False,True,False,False,True
0.8747588743404735,-0.23410423059199473,154320.0,2024,1,24,True,False,False,True,False,False,False,False,True,False,False,True
0.8747588743404735,1.6573377495008272,268816.0,2024,1,24,False,False,False,False,True,False,False,False,False,True,False,True
-0.8762598166720479,-0.33348687236322183,55614.0,2024,1,24,False,True,False,False,False,True,False,False,False,True,False,False
1.2249626125429778,-0.05265161469851761,185967.0,2024,1,25,False,True,False,True,False,False,True,False,False,False,False,True
-0.17585234026703933,-1.2350671677931568,58580.0,2024,1,25,False,False,True,True,False,False,False,False,True,False,True,False
1.2249626125429778,-0.8326467632806749,132849.0,2024,1,25,True,False,False,True,False,False,False,False,False,False,False,True
0.5245551361379692,0.22659774974643296,159432.0,2024,1,25,False,True,False,True,False,False,False,False,False,False,True,False
-1.2264635548745522,-0.33057940146034015,37120.0,2024,1,25,False,True,False,True,False,False,False,False,False,True,False,False
0.17435139793546492,0.4213983002395031,145500.0,2024,1,25,True,False,False,True,False,False,False,False,True,False,True,False
-1.2264635548745522,-0.9645402160568513,27526.0,2024,1,25,True,False,False,True,False,False,False,False,True,False,False,False
-0.8762598166720479,1.519232881613949,97671.0,2024,1,25,True,False,False,False,True,False,True,False,False,False,False,False
1.2249626125429778,-1.3693394603989637,96300.0,2024,1,25,False,False,True,False,True,False,False,False,False,False,False,True
0.5245551361379692,0.9726283518722001,198947.0,2024,1,25,True,False,False,False,False,False,True,False,False,False,True,False
0.17435139793546492,0.3682708773777567,143088.0,2024,1,25,True,False,False,False,False,True,False,True,False,False,True,False
-0.5260560784695436,1.694870555701663,135544.0,2024,1,25,False,False,False,False,False,False,True,False,False,False,True,False
-1.2264635548745522,1.2185739587023245,60564.0,2024,1,25,True,False,False,False,False,True,False,False,False,False,False,False
1.575166350745482,-1.1235260113371521,125600.0,2024,1,25,False,False,True,False,True,False,True,False,False,False,False,True
-1.5766672930770564,0.4513981136465091,24477.0,2024,1,26,True,False,False,False,False,False,False,False,False,True,False,False
0.17435139793546492,0.9235978198281506,168300.0,2024,1,26,True,False,False,False,False,True,False,True,False,False,True,False
0.5245551361379692,-0.32925782377721213,129990.0,2024,1,26,False,True,False,False,False,True,False,False,True,False,True,False
1.2249626125429778,-0.8325146055123621,132858.0,2024,1,26,True,False,False,True,False,False,False,False,False,False,False,True
0.17435139793546492,1.748130136331722,205734.0,2024,1,26,False,False,False,False,False,False,False,False,False,True,True,False
1.575166350745482,1.5624484718522353,320262.5,2024,1,26,True,False,False,False,True,False,False,False,True,False,False,True
-0.8762598166720479,-1.4080616865146147,31221.0,2024,1,26,False,False,True,False,True,False,False,False,False,True,False,False
0.5245551361379692,2.1035023753248465,258846.0,2024,1,26,False,False,False,True,False,False,False,False,False,False,True,False
-0.5260560784695436,0.8108672434573305,108788.0,2024,1,26,True,False,False,False,True,False,False,False,False,True,True,False
-1.2264635548745522,-0.36229726585541266,36640.0,2024,1,26,False,True,False,True,False,False,True,False,False,False,False,False
-1.5766672930770564,0.49487801942142096,24806.0,2024,1,26,True,False,False,True,False,False,True,False,False,False,False,False
-1.5766672930770564,-0.44767118418548274,17674.0,2024,1,26,True,False,False,False,False,False,False,True,False,False,False,False
-0.17585234026703933,-1.1485038295482717,61855.0,2024,1,26,False,False,True,False,False,False,False,False,True,False,True,False
0.8747588743404735,-0.20278283950186066,156216.0,2024,1,26,True,False,False,False,False,True,False,True,False,False,False,True
1.2249626125429778,-0.4197858950714815,160965.0,2024,1,26,False,True,False,False,False,False,False,False,True,False,False,True
0.5245551361379692,-0.6486831497892546,113071.0,2024,1,27,True,False,False,True,False,False,False,False,True,False,True,False
1.575166350745482,1.3816566448003222,315160.0,2024,1,27,True,False,False,True,False,False,False,False,False,False,False,True
-1.2264635548745522,0.6947005651103776,52636.0,2024,1,27,True,False,False,False,True,False,False,False,False,True,False,False
1.575166350745482,-0.9637472694469744,137690.0,2024,1,27,False,False,True,False,False,False,False,False,True,False,False,True
-1.2264635548745522,-0.4055128560936989,35986.0,2024,1,27,False,True,False,True,False,False,True,False,False,False,False,False
1.2249626125429778,-0.5837936855476688,149796.0,2024,1,27,False,True,False,True,False,False,False,False,False,True,False,True
-0.5260560784695436,1.2775163233698343,122912.0,2024,1,27,True,False,False,False,False,True,False,False,True,False,True,False
-1.2264635548745522,-1.1518077737560917,24692.0,2024,1,27,False,False,True,False,False,True,False,False,False,True,False,False
-0.8762598166720479,1.1727152130977823,89805.0,2024,1,27,True,False,False,False,True,False,False,True,False,False,False,False
-0.5260560784695436,0.4439972786209922,97684.0,2024,1,27,True,False,False,False,False,True,False,False,True,False,True,False
0.8747588743404735,-0.9596503786292776,110400.0,2024,1,27,False,False,True,True,False,False,True,False,False,False,False,True
0.17435139793546492,-0.06243128955366496,123534.0,2024,1,28,False,True,False,False,False,True,False,False,False,False,True,False
0.8747588743404735,-0.5867011564505504,132976.0,2024,1,28,True,False,False,False,False,False,False,False,False,True,False,True
-1.5766672930770564,-0.02357690566970118,20883.0,2024,1,28,False,True,False,False,True,False,False,False,False,True,False,False
0.8747588743404735,1.6184833656168633,266464.0,2024,1,28,False,False,False,False,True,False,False,False,False,True,False,True
-1.2264635548745522,0.3538656806316613,47478.0,2024,1,28,True,False,False,True,False,False,False,False,False,False,False,False
1.2249626125429778,-0.3601827415624078,165024.0,2024,1,28,False,True,False,True,False,False,True,False,False,False,False,True
0.17435139793546492,0.5147016846683413,149736.0,2024,1,28,False,True,False,True,False,False,True,False,False,False,True,False
-1.5766672930770564,-0.9741877331436858,13690.0,2024,1,28,False,False,True,False,True,False,False,False,False,True,False,False
1.2249626125429778,-0.8786376666535299,129717.0,2024,1,28,True,False,False,False,True,False,False,True,False,False,False,True
0.8747588743404735,2.145132072343379,298344.0,2024,1,28,False,False,False,False,False,True,False,False,False,True,False,True
-0.17585234026703933,1.3363265302690313,155865.0,2024,1,28,True,False,False,True,False,False,False,False,False,True,True,False
-1.5766672930770564,-0.04234330877011906,20741.0,2024,1,28,False,True,False,False,True,False,False,False,False,True,False,False
1.2249626125429778,-0.6469650988011881,145494.0,2024,1,28,True,False,False,False,False,False,False,False,False,True,False,True
-0.8762598166720479,-0.04379704422155988,62190.0,2024,1,28,False,True,False,False,True,False,True,False,False,False,False,False
0.17435139793546492,-1.1260370089350953,75246.0,2024,1,28,False,False,True,True,False,False,False,True,False,False,True,False
-0.17585234026703933,-0.4603583299435117,87890.0,2024,1,29,True,False,False,True,False,False,False,False,False,True,True,False
1.2249626125429778,-1.3607492054586316,96885.0,2024,1,29,False,False,True,True,False,False,True,False,False,False,False,True
-1.5766672930770564,1.3094985033015323,30970.0,2024,1,29,True,False,False,False,False,False,False,True,False,False,False,False
0.17435139793546492,0.38611217609998494,143898.0,2024,1,29,False,True,False,False,False,True,False,True,False,False,True,False
-0.8762598166720479,-1.3783261886442342,31896.0,2024,1,29,False,False,True,False,False,False,False,False,True,False,False,False
1.2249626125429778,-1.156168980110414,110817.0,2024,1,29,False,False,True,False,True,False,False,False,False,True,False,True
-0.8762598166720479,0.241928050870718,68676.0,2024,1,29,False,True,False,True,False,False,False,True,False,False,False,False
-0.8762598166720479,-1.2826439643857657,34068.0,2024,1,29,False,False,True,True,False,False,False,False,True,False,False,False
0.17435139793546492,-0.4118564289727134,107670.0,2024,1,29,False,True,False,True,False,False,True,False,False,False,True,False
0.8747588743404735,0.5094153739358293,199328.0,2024,1,29,True,False,False,False,False,True,False,False,False,True,False,True
-0.5260560784695436,1.9759701289029927,144052.0,2024,1,29,False,False,False,True,False,False,False,False,False,False,True,False
0.5245551361379692,0.8005589375289319,189833.0,2024,1,29,True,False,False,True,False,False,False,True,False,False,True,False
1.575166350745482,0.009462536408499317,211330.0,2024,1,29,False,True,False,False,False,False,False,False,True,False,False,True
0.17435139793546492,2.178039356653267,225252.0,2024,1,29,False,False,False,False,True,False,True,False,False,False,True,False
-1.2264635548745522,0.4297242396432096,48626.0,2024,1,30,True,False,False,False,False,False,False,False,False,False,False,False
-0.8762598166720479,-1.2526441509787596,34749.0,2024,1,30,False,False,True,False,True,False,False,True,False,False,False,False
0.17435139793546492,1.6065891664687113,199308.0,2024,1,30,False,False,False,True,False,False,False,False,True,False,True,False
1.2249626125429778,-0.2641040439990008,171567.0,2024,1,30,False,True,False,False,False,True,False,False,False,False,False,True
0.17435139793546492,-0.8223384573522763,89034.0,2024,1,30,True,False,False,False,True,False,False,False,False,True,True,False
0.17435139793546492,-0.907315902377408,85176.0,2024,1,30,True,False,False,False,False,True,False,False,True,False,True,False
-0.8762598166720479,2.0855289188343056,110526.0,2024,1,31,False,False,False,True,False,False,True,False,False,False,False,False
-1.2264635548745522,-0.6484188342526289,32310.0,2024,1,31,True,False,False,False,False,False,False,True,False,False,False,False
1.2249626125429778,-0.8027791076419817,134883.0,2024,1,31,False,False,True,True,False,False,False,False,True,False,False,True
-0.5260560784695436,0.5822343042761831,101868.0,2024,1,31,True,False,False,False,True,False,False,False,True,False,True,False
0.5245551361379692,0.3545264694732253,166208.0,2024,1,31,False,True,False,False,True,False,False,False,True,False,True,False
1.575166350745482,2.1580835336380337,320262.5,2024,1,31,False,False,False,False,True,False,True,False,False,False,False,True
-0.5260560784695436,-0.24917021617965415,76704.0,2024,1,31,False,True,False,False,False,False,False,False,False,False,True,False
1.575166350745482,-0.28696733791711554,188900.0,2024,1,31,True,False,False,False,False,True,True,False,False,False,False,True
-0.8762598166720479,-0.5762606927538391,50103.0,2024,1,31,False,True,False,False,False,False,False,False,True,False,False,False
1.2249626125429778,-1.1766534341988983,109422.0,2024,2,1,False,False,True,False,True,False,False,False,False,False,False,True
-1.5766672930770564,1.99658674075979,36169.0,2024,2,1,False,False,False,False,False,False,False,False,False,True,False,False
0.17435139793546492,-0.5958200424641338,99318.0,2024,2,1,True,False,False,False,False,False,False,True,False,False,True,False
1.575166350745482,-0.7055109901637594,157230.0,2024,2,1,True,False,False,False,False,True,False,False,True,False,False,True
1.2249626125429778,1.2834634229439104,276957.0,2024,2,1,True,False,False,False,False,True,False,False,False,False,False,True
-0.8762598166720479,1.7236809491938538,102312.0,2024,2,1,False,False,False,False,True,False,False,False,False,False,False,False
-0.17585234026703933,-0.4507108128566772,88255.0,2024,2,1,True,False,False,False,True,False,False,True,False,False,True,False
0.17435139793546492,-0.33322255682659624,111240.0,2024,2,1,True,False,False,True,False,False,True,False,False,False,True,False
-0.17585234026703933,1.617293945702048,166495.0,2024,2,1,False,False,False,False,False,True,False,False,False,True,True,False
-1.5766672930770564,1.276326903455019,30719.0,2024,2,1,True,False,False,False,False,False,False,False,True,False,False,False
0.5245551361379692,1.3499387804052498,218932.0,2024,2,1,True,False,False,True,False,False,False,False,False,False,True,False
-0.8762598166720479,1.4540791018357377,96192.0,2024,2,1,True,False,False,True,False,False,False,False,False,True,False,False
-0.17585234026703933,-1.6368267834640748,43380.0,2024,2,1,False,False,True,True,False,False,False,False,True,False,True,False
-0.8762598166720479,0.18589315710608995,67404.0,2024,2,2,False,True,False,False,False,False,False,False,False,True,False,False
-1.2264635548745522,-0.710400827591333,31372.0,2024,2,2,True,False,False,False,False,False,False,False,False,True,False,False
1.575166350745482,2.039009384388199,320262.5,2024,2,2,False,False,False,False,False,True,False,False,False,False,False,True
0.8747588743404735,0.96271651924874,226768.0,2024,2,2,True,False,False,False,False,False,True,False,False,False,False,True
-0.17585234026703933,-0.6069212950024091,82345.0,2024,2,2,False,True,False,False,True,False,False,False,False,False,True,False
1.2249626125429778,1.090116607902281,263790.0,2024,2,2,True,False,False,False,True,False,False,True,False,False,False,True
0.8747588743404735,-0.3669227877463607,146280.0,2024,2,2,False,True,False,False,False,True,False,False,True,False,False,True
0.17435139793546492,0.25170772572586536,137796.0,2024,2,2,False,True,False,True,False,False,True,False,False,False,True,False
1.575166350745482,-0.502913131340234,172560.0,2024,2,2,True,False,False,True,False,False,False,False,False,True,False,True
0.8747588743404735,1.000117167681263,229032.0,2024,2,2,True,False,False,False,False,True,True,False,False,False,False,True
0.5245551361379692,1.2572961848179756,214025.0,2024,2,2,True,False,False,False,False,False,False,True,False,False,True,False
-0.8762598166720479,-0.12864233147837875,60264.0,2024,2,3,True,False,False,True,False,False,True,False,False,False,False,False
-0.17585234026703933,-0.7836162312366254,75660.0,2024,2,3,True,False,False,True,False,False,False,True,False,False,True,False
-0.17585234026703933,0.12708295020689309,110115.0,2024,2,3,False,True,False,False,False,True,False,False,True,False,True,False
-1.2264635548745522,-0.9724696821556194,27406.0,2024,2,3,False,False,True,False,False,True,False,False,False,False,False,False
0.17435139793546492,-0.6892555846612848,95076.0,2024,2,3,True,False,False,False,True,False,True,False,False,False,True,False
-0.17585234026703933,-1.4014537980989745,52285.0,2024,2,3,False,False,True,False,False,True,False,True,False,False,True,False
-0.5260560784695436,-1.5948006131406038,35976.0,2024,2,4,False,False,True,False,False,True,False,True,False,False,True,False
0.8747588743404735,-0.1118582949026529,161720.0,2024,2,4,False,True,False,False,False,False,True,False,False,False,False,True
0.17435139793546492,0.10131218538589669,130968.0,2024,2,4,False,True,False,False,False,True,True,False,False,False,True,False
-1.2264635548745522,-0.7306209661431917,31066.0,2024,2,4,True,False,False,True,False,False,False,False,False,False,False,False
0.5245551361379692,-1.2829082799223912,79478.0,2024,2,4,False,False,True,False,True,False,False,True,False,False,True,False
-1.2264635548745522,1.4041234654134986,63372.0,2024,2,4,True,False,False,True,False,False,True,False,False,False,False,False
-0.8762598166720479,1.5138144131131241,97548.0,2024,2,4,True,False,False,False,False,True,False,True,False,False,False,False
1.2249626125429778,-0.609035819295414,148077.0,2024,2,4,False,True,False,False,True,False,True,False,False,False,False,True
-0.17585234026703933,-1.283701226532268,56740.0,2024,2,4,False,False,True,False,False,True,False,False,False,True,True,False
0.17435139793546492,0.4213983002395031,145500.0,2024,2,4,False,True,False,False,False,False,False,False,True,False,True,False
1.2249626125429778,0.15681844807727352,200232.0,2024,2,5,False,True,False,False,False,True,False,False,False,True,False,True
1.2249626125429778,-0.30348705895621575,168885.0,2024,2,5,False,True,False,False,False,True,True,False,False,False,False,True
-0.8762598166720479,-0.2193025605409609,58206.0,2024,2,5,False,True,False,False,False,False,True,False,False,False,False,False
-1.5766672930770564,-0.5810183724131,16665.0,2024,2,5,True,False,False,False,True,False,True,False,False,False,False,False
-0.5260560784695436,0.8754923921622907,110744.0,2024,2,5,True,False,False,True,False,False,True,False,False,False,True,False
0.8747588743404735,-0.07829022175120119,163752.0,2024,2,5,True,False,False,False,False,False,False,False,False,True,False,True
-0.5260560784695436,2.0173355103848998,145304.0,2024,2,5,False,False,False,False,False,False,False,False,False,False,True,False
-1.5766672930770564,-0.8943644410827534,14294.0,2024,2,5,True,False,False,True,False,False,False,False,False,False,False,False
0.8747588743404735,1.7986144038272125,277368.0,2024,2,5,False,False,False,False,False,False,True,False,False,False,False,True
0.17435139793546492,1.2908642579694274,184974.0,2024,2,6,True,False,False,True,False,False,False,True,False,False,True,False
1.2249626125429778,1.5250478234197125,293409.0,2024,2,6,True,False,False,False,True,False,False,False,False,True,False,True
0.8747588743404735,-0.007717973472164941,168024.0,2024,2,6,False,True,False,False,False,False,False,False,False,False,False,True
-0.8762598166720479,-0.03547110481785336,62379.0,2024,2,6,False,True,False,False,True,False,False,False,False,True,False,False
1.575166350745482,-0.21626293186976647,194250.0,2024,2,6,False,True,False,False,False,True,False,True,False,False,False,True
1.575166350745482,1.2554459760615964,305610.0,2024,2,6,True,False,False,False,False,True,False,True,False,False,False,True
1.2249626125429778,2.083150079004675,320262.5,2024,2,6,False,False,False,True,False,False,False,False,False,True,False,True
-1.2264635548745522,-0.24322311660557808,38442.0,2024,2,7,True,False,False,True,False,False,False,True,False,False,False,False
1.575166350745482,0.24166373533409238,228900.0,2024,2,7,False,True,False,False,True,False,False,False,True,False,False,True
0.8747588743404735,0.9029812079713535,223152.0,2024,2,7,True,False,False,True,False,False,False,False,False,True,False,True
-1.5766672930770564,-1.6098665987282634,8880.0,2024,2,7,False,False,True,True,False,False,False,True,False,False,False,False
0.17435139793546492,0.6927181985856855,157818.0,2024,2,7,True,False,False,False,False,False,False,False,True,False,True,False
-1.5766672930770564,-0.0515943525520152,20671.0,2024,2,7,False,True,False,False,False,True,False,False,False,True,False,False
-0.17585234026703933,-1.6466064583192224,43010.0,2024,2,7,False,False,True,True,False,False,True,False,False,False,True,False
1.2249626125429778,1.8805522201811498,317619.0,2024,2,7,False,False,False,False,True,False,False,True,False,False,False,True
0.5245551361379692,-0.6613702955472835,112399.0,2024,2,7,True,False,False,False,False,False,True,False,False,False,True,False
-0.8762598166720479,1.1324070937623778,88890.0,2024,2,7,True,False,False,True,False,False,True,False,False,False,False,False
-1.5766672930770564,-0.6268771180176422,16318.0,2024,2,7,True,False,False,False,False,True,False,False,False,True,False,False
1.2249626125429778,2.072445299771338,320262.5,2024,2,7,False,False,False,False,False,True,True,False,False,False,False,True
0.17435139793546492,-1.1170502806898248,75654.0,2024,2,8,False,False,True,False,False,True,False,False,False,False,True,False
-0.17585234026703933,0.23809547558964675,114315.0,2024,2,8,False,True,False,False,False,False,True,False,False,False,True,False
1.2249626125429778,-1.1959484683725676,108108.0,2024,2,8,False,False,True,False,False,False,False,False,False,False,False,True
0.17435139793546492,-0.3103592629084815,112278.0,2024,2,8,True,False,False,False,True,False,False,False,False,False,True,False
-0.17585234026703933,-0.3757773582233184,91090.0,2024,2,8,False,True,False,True,False,False,False,False,False,True,True,False
1.575166350745482,-0.1582456715804464,198640.0,2024,2,8,False,True,False,False,True,False,True,False,False,False,False,True
-0.8762598166720479,2.145264230111692,111882.0,2024,2,8,False,False,False,True,False,False,False,True,False,False,False,False
-1.5766672930770564,0.47954771829713594,24690.0,2024,2,8,False,True,False,False,True,False,False,True,False,False,False,False
0.8747588743404735,-0.32938998154552496,148552.0,2024,2,8,True,False,False,True,False,False,False,True,False,False,False,True
-0.5260560784695436,-0.22472102904178579,77444.0,2024,2,8,False,True,False,True,False,False,False,False,True,False,True,False
1.2249626125429778,-1.2374460076227873,105282.0,2024,2,8,False,False,True,False,False,False,False,False,False,False,False,True
0.5245551361379692,-1.386519970279628,73990.0,2024,2,8,False,False,True,False,False,True,False,False,False,False,True,False
0.17435139793546492,-1.1347594216437402,74850.0,2024,2,8,False,False,True,False,False,False,False,False,False,True,True,False
-0.5260560784695436,1.8446053072000677,140076.0,2024,2,9,False,False,False,False,False,False,True,False,False,False,True,False
-0.5260560784695436,0.5784017289951119,101752.0,2024,2,9,True,False,False,False,False,False,False,True,False,False,True,False
0.17435139793546492,2.0971588024458323,221580.0,2024,2,9,False,False,False,False,False,False,True,False,False,False,True,False
-0.17585234026703933,0.38809454262467696,119990.0,2024,2,9,True,False,False,True,False,False,False,False,False,False,True,False
-0.8762598166720479,1.2313932622286663,91137.0,2024,2,9,True,False,False,False,True,False,False,False,False,True,False,False
0.17435139793546492,-0.5865689986822376,99738.0,2024,2,9,True,False,False,False,False,False,False,False,False,False,True,False
-0.5260560784695436,0.442807858706177,97648.0,2024,2,9,False,True,False,False,False,False,True,False,False,False,True,False
-0.8762598166720479,0.37435013472014556,71682.0,2024,2,9,True,False,False,False,False,True,False,True,False,False,False,False
1.2249626125429778,-0.42467573249905516,160632.0,2024,2,9,True,False,False,False,False,True,False,False,True,False,False,True
0.5245551361379692,-0.7078898299933898,109935.0,2024,2,9,True,False,False,True,False,False,False,False,True,False,True,False
-1.5766672930770564,-0.8660826786638138,14508.0,2024,2,9,False,False,True,False,False,True,False,False,False,False,False,False
0.8747588743404735,1.793592408631326,277064.0,2024,2,9,False,False,False,False,False,False,False,False,False,True,False,True
-1.5766672930770564,0.35294057625347164,23732.0,2024,2,9,True,False,False,False,False,True,True,False,False,False,False,False
-0.8762598166720479,-0.21652724740639206,58269.0,2024,2,9,True,False,False,False,False,True,False,False,True,False,False,False
-0.8762598166720479,1.891124841646174,106113.0,2024,2,10,False,False,False,False,True,False,False,False,True,False,False,False
1.575166350745482,0.908663992008804,279370.0,2024,2,10,True,False,False,False,True,False,False,False,False,True,False,True
0.8747588743404735,0.8443031588404694,219600.0,2024,2,10,True,False,False,True,False,False,False,True,False,False,False,True
0.8747588743404735,-1.4307928226644167,81880.0,2024,2,10,False,False,True,False,False,True,False,False,True,False,False,True
-0.8762598166720479,1.413770982500333,95277.0,2024,2,10,True,False,False,False,False,False,False,True,False,False,False,False
0.17435139793546492,-0.3496101200973837,110496.0,2024,2,10,True,False,False,False,False,True,False,True,False,False,True,False
0.5245551361379692,0.058360910684236045,150521.0,2024,2,10,False,True,False,False,False,False,False,False,True,False,True,False
-1.2264635548745522,-0.46894858488384383,35026.0,2024,2,10,False,True,False,False,False,True,False,False,False,False,False,False
-0.5260560784695436,0.9242586086697147,112220.0,2024,2,10,True,False,False,False,False,False,False,False,False,False,True,False
0.8747588743404735,0.1487568242101926,177496.0,2024,2,10,False,True,False,False,False,False,False,False,False,True,False,True
1.575166350745482,-0.3922970792624187,180930.0,2024,2,10,False,True,False,False,False,False,False,False,False,True,False,True
-1.2264635548745522,-0.1651178755327121,39624.0,2024,2,11,True,False,False,False,False,False,False,True,False,False,False,False
1.2249626125429778,-0.3322974524484066,166923.0,2024,2,11,False,True,False,False,True,False,False,False,False,True,False,True
1.575166350745482,1.1560633342903692,298090.0,2024,2,11,True,False,False,False,False,True,False,True,False,False,False,True
-0.8762598166720479,2.0703307754783333,110181.0,2024,2,11,False,False,False,False,False,False,False,False,False,False,False,False
0.8747588743404735,-1.144274780962262,99224.0,2024,2,11,False,False,True,False,False,True,False,True,False,False,False,True
-1.2264635548745522,0.16421928310279044,44608.0,2024,2,11,False,True,False,True,False,False,True,False,False,False,False,False
-1.2264635548745522,1.5276909787859685,65242.0,2024,2,11,True,False,False,False,True,False,False,False,True,False,False,False
1.2249626125429778,-1.507312170517529,86904.0,2024,2,11,False,False,True,False,False,True,False,True,False,False,False,True
0.8747588743404735,-1.6003512394097417,71616.0,2024,2,12,False,False,True,False,False,True,True,False,False,False,False,True
-1.2264635548745522,2.1301982445240326,74360.0,2024,2,12,False,False,False,True,False,False,False,False,True,False,False,False
-0.8762598166720479,2.13337003096354,111612.0,2024,2,12,False,False,False,True,False,False,False,False,False,False,False,False
-1.5766672930770564,0.20029835385218536,22577.0,2024,2,12,False,True,False,True,False,False,False,False,False,True,False,False
0.5245551361379692,-0.39348649917723394,126588.0,2024,2,12,True,False,False,False,True,False,False,True,False,False,True,False
-1.2264635548745522,-0.35555721967145976,36742.0,2024,2,12,False,True,False,True,False,False,False,False,False,True,False,False
1.2249626125429778,-1.0002228135013078,121437.0,2024,2,12,True,False,False,False,True,False,False,False,False,False,False,True
-0.17585234026703933,-0.22630692226153942,96745.0,2024,2,12,True,False,False,False,False,True,False,True,False,False,True,False
0.17435139793546492,-0.25485300021710466,114798.0,2024,2,12,False,True,False,True,False,False,False,False,False,False,True,False
-1.2264635548745522,-0.0851624257034669,40834.0,2024,2,12,False,True,False,False,False,True,False,False,False,True,False,False
1.2249626125429778,-1.0364340420190155,118971.0,2024,2,13,False,False,True,False,False,True,False,True,False,False,False,True
-1.5766672930770564,-0.3459097025846252,18444.0,2024,2,13,True,False,False,True,False,False,True,False,False,False,False,False
1.2249626125429778,-0.2582891021932375,171963.0,2024,2,13,False,True,False,False,False,True,False,True,False,False,False,True
0.17435139793546492,1.745619138733779,205620.0,2024,2,13,False,False,False,False,False,False,False,True,False,False,True,False
-1.5766672930770564,-0.6115468168933572,16434.0,2024,2,13,True,False,False,False,True,False,False,True,False,False,False,False
-1.2264635548745522,-0.03110989846353089,41652.0,2024,2,13,False,True,False,False,True,False,False,False,False,False,False,False
-0.5260560784695436,-0.6210621762118789,65448.0,2024,2,14,True,False,False,True,False,False,False,False,False,False,True,False
1.2249626125429778,0.09483645473856939,196011.0,2024,2,14,False,True,False,False,True,False,False,True,False,False,False,True
-0.17585234026703933,-1.4726868352195748,49590.0,2024,2,14,False,False,True,False,False,False,True,False,False,False,True,False
0.17435139793546492,-0.14820168118867344,119640.0,2024,2,14,False,True,False,False,False,False,False,True,False,False,True,False
-0.5260560784695436,-1.2785470735680688,45548.0,2024,2,14,False,False,True,False,False,False,False,False,False,True,True,False
1.2249626125429778,-0.02846674309727485,187614.0,2024,2,14,True,False,False,False,False,True,False,False,False,False,False,True
0.8747588743404735,-1.6754168518114132,67072.0,2024,2,14,False,False,True,False,False,False,False,False,False,False,False,True
0.17435139793546492,-1.2755074448968744,68460.0,2024,2,14,False,False,True,True,False,False,False,True,False,False,True,False
0.5245551361379692,0.4552306889275804,171542.0,2024,2,14,True,False,False,True,False,False,False,True,False,False,True,False
-0.17585234026703933,0.015938267055826613,105910.0,2024,2,14,False,True,False,True,False,False,False,False,True,False,True,False
0.5245551361379692,-1.2752431293602486,79884.0,2024,2,14,False,False,True,False,False,True,False,False,False,False,True,False
-0.17585234026703933,0.07977046915090996,108325.0,2024,2,14,False,True,False,False,False,False,False,False,True,False,True,False
0.17435139793546492,1.6778222035893116,202542.0,2024,2,14,False,False,False,False,False,True,False,False,True,False,True,False
0.5245551361379692,0.9110428318384344,195685.0,2024,2,14,True,False,False,False,True,False,False,False,True,False,True,False
1.2249626125429778,-0.16974339742366015,177993.0,2024,2,15,False,True,False,True,False,False,False,True,False,False,False,True
-0.17585234026703933,0.9335096524516108,140625.0,2024,2,15,True,False,False,False,False,True,False,True,False,False,True,False
0.8747588743404735,-0.8027791076419817,119896.0,2024,2,15,True,False,False,False,False,True,False,False,False,False,False,True
1.2249626125429778,0.20783134664601507,203706.0,2024,2,15,False,True,False,False,False,False,False,False,False,False,False,True
1.2249626125429778,1.9667190851210965,320262.5,2024,2,15,False,False,False,False,False,False,False,False,False,True,False,True
1.2249626125429778,1.455268521750553,288657.0,2024,2,15,True,False,False,True,False,False,False,False,True,False,False,True
0.17435139793546492,1.7976892994490228,207984.0,2024,2,15,False,False,False,False,False,False,False,False,False,True,True,False
-1.5766672930770564,-0.059920291955721725,20608.0,2024,2,15,False,True,False,False,False,True,False,True,False,False,False,False
1.2249626125429778,0.8884438534569453,250056.0,2024,2,16,True,False,False,True,False,False,False,False,False,True,False,True
-0.5260560784695436,-1.1047596082367341,50808.0,2024,2,16,False,False,True,False,False,True,False,False,False,False,True,False
-0.5260560784695436,0.13593752068385082,88360.0,2024,2,16,False,True,False,False,False,False,False,False,False,True,True,False
0.8747588743404735,2.076674348357348,294200.0,2024,2,16,False,False,False,False,False,True,False,False,False,True,False,True
-0.8762598166720479,-0.8701795694815107,43431.0,2024,2,16,False,False,True,True,False,False,False,True,False,False,False,False
1.2249626125429778,-0.6322955865184671,146493.0,2024,2,17,True,False,False,False,True,False,False,False,True,False,False,True
0.5245551361379692,-0.5200936412208982,119882.0,2024,2,17,True,False,False,False,False,True,False,False,True,False,True,False
-1.5766672930770564,-1.2251553351696967,11791.0,2024,2,17,False,False,True,True,False,False,False,False,False,True,False,False
1.575166350745482,-0.145822841359043,199580.0,2024,2,17,True,False,False,True,False,False,False,False,True,False,False,True
1.2249626125429778,-0.0716823333355611,184671.0,2024,2,17,True,False,False,True,False,False,False,False,True,False,False,True
1.2249626125429778,-0.3715483096373088,164250.0,2024,2,17,True,False,False,False,False,False,False,False,True,False,False,True
0.5245551361379692,-1.5321578309603359,66276.0,2024,2,17,False,False,True,False,True,False,False,False,True,False,True,False
-0.8762598166720479,-1.465286000194058,29922.0,2024,2,17,False,False,True,False,False,True,True,False,False,False,False,False
-0.17585234026703933,-1.342511433431465,54515.0,2024,2,17,False,False,True,False,False,False,False,False,False,False,True,False
0.17435139793546492,-0.6258198558711398,97956.0,2024,2,17,True,False,False,True,False,False,True,False,False,False,True,False
-0.5260560784695436,0.18443942165464913,89828.0,2024,2,17,False,True,False,False,True,False,False,False,True,False,True,False
0.5245551361379692,-0.6548945648999562,112742.0,2024,2,17,True,False,False,True,False,False,True,False,False,False,True,False
-1.5766672930770564,1.5879549211366062,33077.0,2024,2,17,False,False,False,False,False,True,False,False,True,False,False,False
0.17435139793546492,-0.05635203221127607,123810.0,2024,2,18,False,True,False,False,True,False,True,False,False,False,True,False
-0.5260560784695436,-0.440138191391653,70924.0,2024,2,18,True,False,False,True,False,False,False,False,False,True,True,False
-1.2264635548745522,-0.3654690522949199,36592.0,2024,2,18,True,False,False,False,True,False,False,True,False,False,False,False
-1.5766672930770564,1.1412616642393354,29697.0,2024,2,18,True,False,False,False,False,True,False,False,False,False,False,False
-0.17585234026703933,-0.8896067614234925,71650.0,2024,2,18,True,False,False,False,False,True,True,False,False,False,True,False
1.2249626125429778,-0.30983063183523024,168453.0,2024,2,18,False,True,False,True,False,False,False,True,False,False,False,True
1.2249626125429778,-0.6909736356493512,142497.0,2024,2,18,True,False,False,False,True,False,False,False,True,False,False,True
-0.5260560784695436,-0.5867011564505504,66488.0,2024,2,18,False,True,False,False,False,False,True,False,False,False,True,False
1.575166350745482,0.024792837532784346,212490.0,2024,2,18,False,True,False,False,False,False,False,False,True,False,False,True
0.8747588743404735,0.7873431606976518,216152.0,2024,2,18,True,False,False,False,False,True,False,False,False,True,False,True
0.5245551361379692,-1.2587234083211485,80759.0,2024,2,18,False,False,True,False,False,True,True,False,False,False,True,False
-1.2264635548745522,-0.34921364679244526,36838.0,2024,2,18,False,True,False,False,False,True,False,False,True,False,False,False
-0.8762598166720479,0.6674760648379404,78336.0,2024,2,19,True,False,False,False,False,True,False,False,False,False,False,False
0.17435139793546492,1.0322315053812738,173232.0,2024,2,19,True,False,False,False,True,False,False,False,True,False,True,False
0.8747588743404735,0.6458021908346409,207584.0,2024,2,19,True,False,False,False,False,False,False,False,True,False,False,True
-1.2264635548745522,-1.258987723857774,23070.0,2024,2,19,False,False,True,True,False,False,False,False,False,False,False,False
1.2249626125429778,-1.1714992812346992,109773.0,2024,2,19,False,False,True,True,False,False,False,False,True,False,False,True
-1.2264635548745522,-0.2857779180023003,37798.0,2024,2,19,True,False,False,False,True,False,True,False,False,False,False,False
0.5245551361379692,0.9303378660121036,196707.0,2024,2,20,True,False,False,False,False,False,False,False,False,False,True,False
-1.2264635548745522,-0.06322423616354177,41166.0,2024,2,20,False,True,False,False,False,True,True,False,False,False,False,False
-0.8762598166720479,-1.3140975132442125,33354.0,2024,2,20,False,False,True,False,False,True,False,True,False,False,False,False
-0.17585234026703933,0.5466838646000394,125990.0,2024,2,20,True,False,False,True,False,False,False,True,False,False,True,False
-0.8762598166720479,-0.5948949380859442,49680.0,2024,2,20,True,False,False,False,False,False,False,False,False,False,False,False
0.8747588743404735,0.3394604838855659,189040.0,2024,2,20,True,False,False,False,False,False,False,False,False,True,False,True
0.8747588743404735,0.5025431699835635,198912.0,2024,2,20,False,True,False,False,False,True,False,False,False,False,False,True
-0.8762598166720479,-0.7356429613390782,46485.0,2024,2,20,True,False,False,False,True,False,False,False,False,False,False,False
1.575166350745482,1.3282649064019503,311120.0,2024,2,20,True,False,False,False,False,False,False,False,False,False,False,True
0.5245551361379692,1.5604661053275433,230083.0,2024,2,20,True,False,False,False,False,True,False,False,False,True,True,False
1.575166350745482,1.1343894602870697,296450.0,2024,2,20,True,False,False,True,False,False,False,False,False,True,False,True
0.5245551361379692,-1.1163894918482606,88298.0,2024,2,20,False,False,True,False,False,False,False,False,False,False,True,False
-0.5260560784695436,-0.0518586680886408,82676.0,2024,2,20,False,True,False,True,False,False,False,False,False,True,True,False
0.17435139793546492,-0.5457322482735818,101592.0,2024,2,20,False,True,False,False,False,True,True,False,False,False,True,False
1.2249626125429778,-1.4327751891891087,91980.0,2024,2,21,False,False,True,True,False,False,False,True,False,False,False,True
-0.17585234026703933,1.6525800698415662,167830.0,2024,2,21,False,False,False,True,False,False,False,False,False,False,True,False
-0.17585234026703933,-1.1999132014219516,59910.0,2024,2,21,False,False,True,False,False,False,False,True,False,False,True,False
0.5245551361379692,-0.588947838511868,116235.0,2024,2,21,False,True,False,True,False,False,True,False,False,False,True,False
1.575166350745482,2.011652726347449,320262.5,2024,2,21,False,False,False,True,False,False,True,False,False,False,False,True
0.17435139793546492,-0.08767342330141013,122388.0,2024,2,21,True,False,False,False,True,False,False,False,True,False,True,False
0.17435139793546492,0.03972666535213097,128172.0,2024,2,21,False,True,False,False,True,False,True,False,False,False,True,False
0.17435139793546492,-0.20291499727017345,117156.0,2024,2,21,False,True,False,False,True,False,False,False,True,False,True,False
-0.17585234026703933,-0.8251137704868452,74090.0,2024,2,21,True,False,False,False,False,True,False,False,False,False,True,False
0.5245551361379692,1.4182643466229683,222551.0,2024,2,21,True,False,False,False,False,True,False,False,False,True,True,False
0.8747588743404735,-0.5557762386653547,134848.0,2024,2,21,True,False,False,False,False,False,False,False,False,False,False,True
-1.2264635548745522,-0.9120735820366689,28320.0,2024,2,21,True,False,False,False,False,False,False,False,False,True,False,False
0.8747588743404735,1.140865190934397,237552.0,2024,2,21,True,False,False,True,False,False,False,False,False,True,False,True
0.8747588743404735,-0.575599903912275,133648.0,2024,2,22,True,False,False,False,False,False,False,False,True,False,False,True
-1.5766672930770564,0.38069370759916005,23942.0,2024,2,22,True,False,False,False,True,False,False,False,False,True,False,False
-0.8762598166720479,-0.8013253721905408,44994.0,2024,2,22,True,False,False,False,False,True,True,False,False,False,False,False
0.17435139793546492,-0.8557743727354152,87516.0,2024,2,22,False,False,True,True,False,False,False,False,False,False,True,False
0.5245551361379692,0.05941817283073846,150577.0,2024,2,22,False,True,False,False,False,True,False,False,False,False,True,False
-1.5766672930770564,-0.45533633474762525,17616.0,2024,2,22,False,True,False,True,False,False,True,False,False,False,False,False
0.5245551361379692,-0.6641456086818524,112252.0,2024,2,22,False,True,False,False,False,True,False,True,False,False,True,False
-1.2264635548745522,0.8811751761997412,55458.0,2024,2,22,True,False,False,False,True,False,True,False,False,False,False,False
0.17435139793546492,-1.1089886568227438,76020.0,2024,2,22,False,False,True,False,False,True,False,False,False,False,True,False
-0.17585234026703933,-0.5355561001134961,85045.0,2024,2,22,True,False,False,False,False,False,True,False,False,False,True,False
1.575166350745482,-0.24401606321545488,192150.0,2024,2,22,False,True,False,False,True,False,False,False,False,True,False,True
0.8747588743404735,1.1037288580384996,235304.0,2024,2,22,True,False,False,False,False,False,True,False,False,False,False,True
-0.8762598166720479,-0.7263919175571821,46695.0,2024,2,23,True,False,False,False,True,False,False,True,False,False,False,False
-1.2264635548745522,0.4543055845493908,48998.0,2024,2,23,True,False,False,False,False,False,False,True,False,False,False,False
0.5245551361379692,-1.2733929206038694,79982.0,2024,2,23,False,False,True,False,False,True,True,False,False,False,True,False
0.5245551361379692,-0.4678913227373414,122647.0,2024,2,23,False,True,False,True,False,False,True,False,False,False,True,False
1.2249626125429778,-1.2813223867026375,102294.0,2024,2,23,False,False,True,True,False,False,False,False,False,True,False,True
-0.8762598166720479,-1.1212793292758345,37731.0,2024,2,23,False,False,True,True,False,False,True,False,False,False,False,False
0.17435139793546492,-0.6585949824127146,96468.0,2024,2,23,True,False,False,True,False,False,False,True,False,False,True,False
0.5245551361379692,0.4676535191489838,172200.0,2024,2,23,False,True,False,True,False,False,False,False,False,False,True,False
0.5245551361379692,2.0583044185618684,256452.0,2024,2,23,False,False,False,True,False,False,False,True,False,False,True,False
1.575166350745482,-1.032072835664693,132520.0,2024,2,23,True,False,False,False,False,True,False,False,False,True,False,True
-0.17585234026703933,-0.4256008368772448,89205.0,2024,2,23,True,False,False,False,False,False,False,True,False,False,True,False
1.575166350745482,2.113942839021558,320262.5,2024,2,23,False,False,False,False,True,False,True,False,False,False,False,True
-0.17585234026703933,-0.4774066820558632,87245.0,2024,2,23,True,False,False,False,False,False,True,False,False,False,True,False
0.8747588743404735,-0.07749727514132439,163800.0,2024,2,23,True,False,False,False,False,True,False,False,False,False,False,True
-0.17585234026703933,-0.1053825642553256,101320.0,2024,2,24,False,True,False,True,False,False,False,False,False,True,True,False
-1.2264635548745522,1.3922292662653464,63192.0,2024,2,24,True,False,False,False,True,False,False,True,False,False,False,False
1.575166350745482,0.23928489550446194,228720.0,2024,2,24,False,True,False,True,False,False,False,True,False,False,False,True
-0.8762598166720479,-0.18097680773024832,59076.0,2024,2,24,False,True,False,False,False,True,False,False,True,False,False,False
0.17435139793546492,0.17162011812830735,134160.0,2024,2,24,False,True,False,False,False,False,True,False,False,False,True,False
-0.8762598166720479,-1.375815191046291,31953.0,2024,2,24,False,False,True,False,False,False,False,False,False,True,False,False
1.2249626125429778,0.35928414913248613,214020.0,2024,2,25,True,False,False,False,False,True,False,False,False,False,False,True
-0.17585234026703933,-0.531591367064112,85195.0,2024,2,25,True,False,False,False,False,True,False,True,False,False,True,False
0.17435139793546492,-1.1939661018478755,72162.0,2024,2,25,False,False,True,True,False,False,False,False,False,False,True,False
1.575166350745482,-1.1709706501614479,122010.0,2024,2,25,False,False,True,True,False,False,False,False,False,False,False,True
-1.2264635548745522,1.6784829924308755,67524.0,2024,2,25,False,False,False,True,False,False,True,False,False,False,False,False
0.17435139793546492,0.7483566190453752,160344.0,2024,2,25,True,False,False,True,False,False,False,False,False,True,True,False
-1.5766672930770564,-0.3037513744928414,18763.0,2024,2,25,False,True,False,True,False,False,False,False,False,True,False,False
1.2249626125429778,-0.6348065841164103,146322.0,2024,2,25,True,False,False,False,False,True,False,False,False,False,False,True
0.8747588743404735,0.15034271742994623,177592.0,2024,2,25,False,True,False,False,False,False,False,False,False,True,False,True
1.2249626125429778,1.542624806605315,294606.0,2024,2,25,True,False,False,False,False,True,True,False,False,False,False,True
0.17435139793546492,1.63011324922839,200376.0,2024,2,25,False,False,False,False,True,False,False,False,True,False,True,False
-1.5766672930770564,1.71218322335064,34017.0,2024,2,25,False,False,False,False,False,True,False,False,False,False,False,False
-1.5766672930770564,2.0408595931445785,36504.0,2024,2,25,False,False,False,False,False,True,False,True,False,False,False,False
-0.8762598166720479,0.5527631219424283,75732.0,2024,2,25,True,False,False,False,True,False,False,False,False,True,False,False
0.17435139793546492,-0.8863028172156725,86130.0,2024,2,26,True,False,False,False,True,False,False,False,False,False,True,False
-0.5260560784695436,0.7208678032363124,106064.0,2024,2,26,True,False,False,False,True,False,False,False,True,False,True,False
-0.5260560784695436,-0.1526950453113087,79624.0,2024,2,26,True,False,False,False,True,False,False,True,False,False,True,False
-0.5260560784695436,0.15774355245546315,89020.0,2024,2,26,False,True,False,True,False,False,False,False,True,False,True,False
0.17435139793546492,-0.5384635710163777,101922.0,2024,2,26,True,False,False,True,False,False,False,True,False,False,True,False
-1.2264635548745522,1.8255745885630241,69750.0,2024,2,26,False,False,False,True,False,False,False,False,True,False,False,False
-1.2264635548745522,-0.7262597597888693,31132.0,2024,2,26,True,False,False,False,False,False,False,False,False,True,False,False
0.5245551361379692,-1.317797930756971,77630.0,2024,2,26,False,False,True,False,False,True,False,False,True,False,True,False
1.575166350745482,-1.7170465488299458,80690.0,2024,2,26,False,False,True,False,False,True,False,False,False,False,False,True
-0.8762598166720479,0.3053637796608629,70116.0,2024,2,27,False,True,False,True,False,False,False,True,False,False,False,False
-1.2264635548745522,-0.9139237907930481,28292.0,2024,2,27,True,False,False,False,True,False,True,False,False,False,False,False
0.17435139793546492,-0.20410441718498867,117102.0,2024,2,27,False,True,False,False,False,False,False,True,False,False,True,False
-0.17585234026703933,-0.04908335495407196,103450.0,2024,2,27,False,True,False,False,False,True,True,False,False,False,True,False
1.575166350745482,0.25316146117730615,229770.0,2024,2,27,False,True,False,False,False,False,False,False,True,False,False,True
-0.5260560784695436,0.8166821852630938,108964.0,2024,2,27,True,False,False,False,False,True,False,False,False,False,True,False
-1.5766672930770564,0.5152303157415925,24960.0,2024,2,27,True,False,False,True,False,False,False,False,False,False,False,False
-0.5260560784695436,-0.5245870053435335,68368.0,2024,2,27,True,False,False,False,True,False,True,False,False,False,True,False
0.17435139793546492,-0.3263503528743305,111552.0,2024,2,27,True,False,False,False,False,True,False,False,False,False,True,False
0.5245551361379692,-0.00903955115529296,146951.0,2024,2,27,False,True,False,False,False,True,False,False,False,False,True,False
1.575166350745482,-0.5958200424641338,165530.0,2024,2,28,True,False,False,False,True,False,False,False,False,True,False,True
-1.5766672930770564,-0.07485411977506834,20495.0,2024,2,28,False,True,False,True,False,False,True,False,False,False,False,False
1.2249626125429778,0.7059339754169658,237627.0,2024,2,28,True,False,False,True,False,False,False,False,False,False,False,True
1.2249626125429778,-0.48335378162993925,156636.0,2024,2,28,True,False,False,False,False,True,False,False,False,True,False,True
-0.17585234026703933,-0.9798705171811363,68235.0,2024,2,28,True,False,False,False,False,True,False,True,False,False,True,False
0.17435139793546492,-1.3032605762425626,67200.0,2024,2,28,False,False,True,False,True,False,False,False,False,True,True,False
-1.5766672930770564,0.12430763707232423,22002.0,2024,2,29,False,True,False,False,True,False,False,False,False,False,False,False
0.8747588743404735,-0.4063058027035757,143896.0,2024,2,29,True,False,False,False,True,False,False,False,False,True,False,True
-1.2264635548745522,-1.4482376480817065,20206.0,2024,2,29,False,False,True,False,False,True,False,False,True,False,False,False
0.8747588743404735,-1.0865218362095674,102720.0,2024,2,29,False,False,True,False,False,False,False,True,False,False,False,True
-0.8762598166720479,1.2078691794689878,90603.0,2024,2,29,True,False,False,False,True,False,False,False,True,False,False,False
0.5245551361379692,1.2114374392134333,211596.0,2024,2,29,True,False,False,False,True,False,False,False,False,True,True,False
-1.2264635548745522,0.13250141870771795,44128.0,2024,2,29,False,True,False,True,False,False,True,False,False,False,False,False
-1.5766672930770564,1.4577795193484961,32092.0,2024,2,29,True,False,False,False,False,True,False,False,False,True,False,False
-0.17585234026703933,-1.350573057298546,54210.0,2024,2,29,False,False,True,False,True,False,False,True,False,False,True,False
-1.5766672930770564,-1.6785886382509203,8360.0,2024,2,29,False,False,True,False,True,False,False,True,False,False,False,False
0.8747588743404735,-0.27494098100065056,151848.0,2024,2,29,True,False,False,True,False,False,False,True,False,False,False,True
1.2249626125429778,-0.21494135418663846,174915.0,2024,3,1,True,False,False,False,False,True,False,False,False,True,False,True
0.5245551361379692,0.20598113788963585,158340.0,2024,3,1,False,True,False,False,False,False,False,False,True,False,True,False
0.17435139793546492,-0.2753374543055889,113868.0,2024,3,1,False,True,False,False,True,False,False,True,False,False,True,False
1.2249626125429778,-0.09058089420429179,183384.0,2024,3,1,False,True,False,True,False,False,False,False,True,False,False,True
-0.17585234026703933,1.9141202933326014,177725.0,2024,3,1,False,False,False,False,False,False,False,False,True,False,True,False
0.8747588743404735,-1.7175751799031969,64520.0,2024,3,1,False,False,True,False,False,False,False,True,False,False,False,True
1.575166350745482,0.5851417751790647,254890.0,2024,3,1,True,False,False,False,False,True,False,False,False,False,False,True
0.8747588743404735,-0.19313532241502612,156800.0,2024,3,2,False,True,False,False,False,True,False,True,False,False,False,True
0.5245551361379692,-0.6431325235201168,113365.0,2024,3,2,True,False,False,False,False,True,True,False,False,False,True,False
-1.5766672930770564,1.279630847662839,30744.0,2024,3,2,True,False,False,False,True,False,False,False,False,False,False,False
-1.2264635548745522,0.4782261406140079,49360.0,2024,3,2,True,False,False,False,False,True,False,False,False,False,False,False
-1.5766672930770564,1.7318747308292475,34166.0,2024,3,2,False,False,False,False,False,False,False,False,True,False,False,False
-0.5260560784695436,-0.10630766863351522,81028.0,2024,3,2,True,False,False,True,False,False,False,False,False,True,True,False
-1.2264635548745522,2.2064532768405196,75514.0,2024,3,2,False,False,False,False,True,False,True,False,False,False,False,False
0.5245551361379692,-1.3808371862421775,74291.0,2024,3,2,False,False,True,False,True,False,False,False,False,False,True,False
-0.5260560784695436,-1.1461249897186412,49556.0,2024,3,2,False,False,True,False,False,False,False,False,False,True,True,False
0.17435139793546492,-0.3246323018862641,111630.0,2024,3,2,False,True,False,True,False,False,False,False,False,True,True,False
-0.5260560784695436,-0.918020681610745,56460.0,2024,3,3,True,False,False,False,True,False,False,True,False,False,True,False
-0.8762598166720479,-0.5787716903517823,50046.0,2024,3,3,True,False,False,True,False,False,False,False,False,True,False,False
-1.2264635548745522,-0.08873068544791256,40780.0,2024,3,3,False,True,False,False,False,False,False,True,False,False,False,False
-0.17585234026703933,2.079317503723604,183975.0,2024,3,3,False,False,False,False,False,False,False,False,True,False,True,False
-0.8762598166720479,-0.7360394346440167,46476.0,2024,3,3,True,False,False,False,True,False,False,True,False,False,False,False
-0.8762598166720479,1.0157117843421737,86241.0,2024,3,3,True,False,False,False,False,True,False,False,False,True,False,False
1.2249626125429778,-0.6159080232476797,147609.0,2024,3,3,False,True,False,False,False,False,False,False,False,True,False,True
-1.5766672930770564,-1.024143369565925,13312.0,2024,3,3,False,False,True,True,False,False,True,False,False,False,False,False
-1.2264635548745522,0.35994493797405014,47570.0,2024,3,4,False,True,False,False,True,False,False,True,False,False,False,False
-1.5766672930770564,-0.9986369202815542,13505.0,2024,3,4,True,False,False,False,False,True,False,True,False,False,False,False
0.5245551361379692,0.2626768204958279,161343.0,2024,3,4,False,True,False,False,True,False,True,False,False,False,True,False
-0.17585234026703933,-0.3234428819714489,93070.0,2024,3,4,False,True,False,False,True,False,False,False,True,False,True,False
0.8747588743404735,-0.0008457695198992385,168440.0,2024,3,4,False,True,False,False,True,False,False,False,False,True,False,True
-1.5766672930770564,-0.5663488601303789,16776.0,2024,3,4,True,False,False,False,True,False,False,True,False,False,False,False
0.5245551361379692,0.022942628776405117,148645.0,2024,3,4,False,True,False,True,False,False,False,False,True,False,True,False
0.5245551361379692,-0.48190004617849846,121905.0,2024,3,4,False,True,False,False,False,False,False,True,False,False,True,False
-0.17585234026703933,-1.158944293244983,61460.0,2024,3,4,False,False,True,True,False,False,False,True,False,False,True,False
1.575166350745482,-0.4028697007274429,180130.0,2024,3,4,True,False,False,False,False,False,False,False,False,False,False,True
1.2249626125429778,-0.1503162054816783,179316.0,2024,3,4,False,True,False,False,True,False,False,False,True,False,False,True
0.5245551361379692,0.40474642143209005,168868.0,2024,3,4,True,False,False,True,False,False,False,True,False,False,True,False
-0.5260560784695436,-1.1376668925466218,49812.0,2024,3,4,False,False,True,False,True,False,False,False,False,False,True,False
1.2249626125429778,2.1024451131783444,320262.5,2024,3,5,False,False,False,False,False,False,True,False,False,False,False,True
0.17435139793546492,-1.305771573840506,67086.0,2024,3,5,False,False,True,False,False,False,False,True,False,False,True,False
0.17435139793546492,-0.022519643523198764,125346.0,2024,3,5,True,False,False,False,False,True,False,False,True,False,True,False
-1.5766672930770564,0.7668587066091674,26864.0,2024,3,5,True,False,False,False,False,False,True,False,False,False,False,False
-0.8762598166720479,-0.0319028450734077,62460.0,2024,3,5,False,True,False,False,False,True,False,True,False,False,False,False
1.2249626125429778,0.3167293477357639,211122.0,2024,3,5,True,False,False,False,False,True,True,False,False,False,False,True
0.17435139793546492,-0.48084278403199604,104538.0,2024,3,5,False,True,False,False,False,True,False,True,False,False,True,False
0.17435139793546492,-0.01617607064418427,125634.0,2024,3,5,False,True,False,False,True,False,False,False,False,True,True,False
1.575166350745482,-0.2507561093994078,191640.0,2024,3,5,False,True,False,False,False,True,False,False,False,False,False,True
-0.17585234026703933,-1.5361225640097198,47190.0,2024,3,5,False,False,True,True,False,False,False,False,True,False,True,False
-0.5260560784695436,-0.01762980609562509,83712.0,2024,3,6,True,False,False,False,False,True,False,False,True,False,True,False
0.8747588743404735,-1.725504646001965,64040.0,2024,3,6,False,False,True,False,False,False,True,False,False,False,False,True
-0.8762598166720479,0.22858011627112498,68373.0,2024,3,6,False,True,False,False,False,True,False,False,False,True,False,False
-1.5766672930770564,-0.5089923886826229,17210.0,2024,3,6,True,False,False,False,False,True,False,False,True,False,False,False
0.17435139793546492,-1.6476637204657247,51564.0,2024,3,6,False,False,True,False,False,False,False,False,False,False,True,False
-1.2264635548745522,-0.04022878447711423,41514.0,2024,3,6,False,True,False,False,False,False,False,False,False,True,False,False
0.5245551361379692,-0.9344082448815324,97937.0,2024,3,7,False,False,True,False,False,False,False,True,False,False,True,False
1.575166350745482,-1.339868278065209,109230.0,2024,3,7,False,False,True,False,False,True,True,False,False,False,False,True
0.5245551361379692,-1.1297374264478537,87591.0,2024,3,7,False,False,True,False,False,False,False,True,False,False,True,False
-1.5766672930770564,-0.8417656492942582,14692.0,2024,3,7,False,False,True,True,False,False,True,False,False,False,False,False
-0.8762598166720479,-0.016836859485748278,62802.0,2024,3,7,True,False,False,False,False,False,True,False,False,False,False,False
1.575166350745482,-0.02767379648739804,208520.0,2024,3,7,False,True,False,True,False,False,False,True,False,False,False,True
-1.2264635548745522,1.1745654218541615,59898.0,2024,3,7,True,False,False,False,False,False,False,False,False,True,False,False
0.17435139793546492,-0.5819434767912895,99948.0,2024,3,8,True,False,False,False,True,False,False,False,False,True,True,False
-0.5260560784695436,-0.06692465367630022,82220.0,2024,3,8,False,True,False,False,False,False,False,False,False,True,True,False
-1.5766672930770564,-1.013306432564275,13394.0,2024,3,8,True,False,False,True,False,False,False,False,False,False,False,False
-0.8762598166720479,-0.22075629599240174,58173.0,2024,3,8,False,True,False,True,False,False,False,False,False,False,False,False
1.2249626125429778,1.3232429112060637,279666.0,2024,3,8,True,False,False,False,True,False,False,False,False,False,False,True
-0.5260560784695436,-0.22855360432285704,77328.0,2024,3,8,False,True,False,True,False,False,False,False,True,False,True,False
-0.17585234026703933,-0.6472294143378137,80820.0,2024,3,8,True,False,False,False,False,False,False,False,False,True,True,False
0.17435139793546492,-0.881280822019786,86358.0,2024,3,9,True,False,False,True,False,False,False,True,False,False,True,False
1.2249626125429778,-0.964672373825164,123858.0,2024,3,9,True,False,False,False,False,False,True,False,False,False,False,True
0.8747588743404735,-0.37115183633237037,146024.0,2024,3,9,False,True,False,True,False,False,False,True,False,False,False,True
0.5245551361379692,-0.23463286166524594,135002.0,2024,3,9,False,True,False,False,True,False,False,False,True,False,True,False
-0.5260560784695436,1.1226274189072303,118224.0,2024,3,9,True,False,False,True,False,False,True,False,False,False,True,False
-0.17585234026703933,-1.4214096211142078,51530.0,2024,3,9,False,False,True,False,False,False,False,True,False,False,True,False
0.5245551361379692,-0.05000845933226158,144781.0,2024,3,10,True,False,False,True,False,False,False,True,False,False,True,False
0.17435139793546492,-0.6648063975234164,96186.0,2024,3,10,True,False,False,True,False,False,False,False,True,False,True,False
1.575166350745482,0.7761097503910636,269340.0,2024,3,10,True,False,False,False,False,True,False,False,True,False,False,True
-0.5260560784695436,-0.48401457047150326,69596.0,2024,3,10,True,False,False,False,False,False,False,False,True,False,True,False
-1.2264635548745522,1.9116092957346582,71052.0,2024,3,10,False,False,False,True,False,False,False,False,False,False,False,False
-0.17585234026703933,1.6763684681378708,168730.0,2024,3,10,False,False,False,True,False,False,False,True,False,False,True,False
0.17435139793546492,-0.4669662183591518,105168.0,2024,3,11,False,True,False,True,False,False,False,False,True,False,True,False
0.8747588743404735,0.7595900293519633,214472.0,2024,3,11,True,False,False,False,False,False,False,True,False,False,False,True
1.575166350745482,0.3228086050781528,235040.0,2024,3,11,True,False,False,False,False,True,False,False,True,False,False,True
0.17435139793546492,-0.4792568908122424,104610.0,2024,3,11,True,False,False,True,False,False,True,False,False,False,True,False
1.2249626125429778,-0.07432548870181714,184491.0,2024,3,11,False,True,False,True,False,False,True,False,False,False,False,True
1.2249626125429778,-0.15494172737262635,179001.0,2024,3,11,False,True,False,False,False,True,False,False,False,False,False,True
-1.2264635548745522,0.6835993125721022,52468.0,2024,3,11,True,False,False,False,True,False,True,False,False,False,False,False
1.2249626125429778,0.21404276175671677,204129.0,2024,3,11,False,True,False,False,False,True,False,False,True,False,False,True
-0.8762598166720479,1.7587027577967462,103107.0,2024,3,11,False,False,False,False,False,True,False,True,False,False,False,False
-1.5766672930770564,-1.0035267577091278,13468.0,2024,3,11,False,False,True,False,True,False,False,False,False,False,False,False
1.575166350745482,-1.1827326915412872,121120.0,2024,3,12,False,False,True,False,False,False,False,False,True,False,False,True
0.5245551361379692,-0.4631336430780806,122899.0,2024,3,12,True,False,False,True,False,False,True,False,False,False,True,False
-0.17585234026703933,1.4795855511201086,161285.0,2024,3,12,True,False,False,True,False,False,False,False,True,False,True,False
1.575166350745482,0.1610474966632832,222800.0,2024,3,12,False,True,False,True,False,False,False,False,True,False,False,True
-0.8762598166720479,-0.5084637576093717,51642.0,2024,3,12,False,True,False,False,True,False,False,False,True,False,False,False
-1.2264635548745522,-0.09494210055861425,40686.0,2024,3,12,False,True,False,False,False,False,False,False,False,False,False,False
0.5245551361379692,0.781792534428514,188839.0,2024,3,12,True,False,False,True,False,False,False,False,True,False,True,False
-0.17585234026703933,-1.0255971050173658,66505.0,2024,3,12,False,False,True,False,False,True,True,False,False,False,True,False
-1.5766672930770564,-0.24044780347100922,19242.0,2024,3,13,False,True,False,False,False,False,False,True,False,False,False,False
0.8747588743404735,-0.37815619805294887,145600.0,2024,3,13,True,False,False,False,False,False,False,False,True,False,False,True
-0.17585234026703933,1.2535957673052172,152735.0,2024,3,13,True,False,False,False,False,False,False,False,False,False,True,False
-0.5260560784695436,-0.920003048135437,56400.0,2024,3,13,True,False,False,False,False,False,False,False,False,False,True,False
-0.17585234026703933,1.3681765524324165,157070.0,2024,3,13,True,False,False,False,True,False,False,True,False,False,True,False
-0.5260560784695436,2.018524930299715,145340.0,2024,3,13,False,False,False,True,False,False,True,False,False,False,True,False
-1.5766672930770564,1.4748278714608476,32221.0,2024,3,13,True,False,False,False,False,True,False,False,True,False,False,False
1.2249626125429778,0.6928503563539984,236736.0,2024,3,13,True,False,False,False,False,True,True,False,False,False,False,True
-1.5766672930770564,-0.21652724740639206,19423.0,2024,3,13,False,True,False,False,False,True,False,True,False,False,False,False
-0.5260560784695436,-0.6332206908966567,65080.0,2024,3,13,True,False,False,True,False,False,False,False,True,False,True,False
-0.5260560784695436,1.2135519635064382,120976.0,2024,3,13,True,False,False,False,False,False,False,False,False,False,True,False
0.5245551361379692,-1.5921574577743478,63098.0,2024,3,13,False,False,True,False,True,False,False,True,False,False,True,False
0.8747588743404735,1.5600696320226048,262928.0,2024,3,13,True,False,False,True,False,False,False,True,False,False,False,True
1.575166350745482,2.1746032546771343,320262.5,2024,3,13,False,False,False,False,False,False,False,False,False,True,False,True
-1.2264635548745522,0.5647894788588932,50670.0,2024,3,14,True,False,False,False,True,False,False,False,False,False,False,False
-0.8762598166720479,-0.049479828259010365,62061.0,2024,3,14,True,False,False,False,False,True,False,True,False,False,False,False
-0.5260560784695436,0.15100350627151024,88816.0,2024,3,14,False,True,False,True,False,False,True,False,False,False,True,False
-1.5766672930770564,-0.15573467398250315,19883.0,2024,3,14,True,False,False,False,False,True,False,True,False,False,False,False
-1.5766672930770564,-0.16234256239814326,19833.0,2024,3,14,False,True,False,False,False,False,True,False,False,False,False,False
-0.17585234026703933,0.7149207036622363,132355.0,2024,3,14,True,False,False,True,False,False,False,False,False,True,True,False
-0.17585234026703933,1.8139447049514976,173935.0,2024,3,14,False,False,False,True,False,False,False,False,False,True,True,False
1.575166350745482,-1.2962562145219843,112530.0,2024,3,15,False,False,True,False,True,False,False,False,True,False,False,True
0.17435139793546492,-1.1183718583729527,75594.0,2024,3,15,False,False,True,False,False,False,False,False,False,True,True,False
0.8747588743404735,-0.9963902382202365,108176.0,2024,3,15,True,False,False,False,False,False,False,False,False,True,False,True
-0.17585234026703933,1.199675397833594,150695.0,2024,3,15,True,False,False,False,False,False,False,True,False,False,True,False
1.2249626125429778,-1.2017634101783308,107712.0,2024,3,15,False,False,True,False,True,False,True,False,False,False,False,True
0.17435139793546492,-0.5174504858546422,102876.0,2024,3,15,False,True,False,False,True,False,False,False,False,False,True,False
-0.17585234026703933,0.7092379196247858,132140.0,2024,3,15,True,False,False,True,False,False,False,False,False,False,True,False
1.575166350745482,-0.04961198602732317,206860.0,2024,3,15,True,False,False,False,False,True,False,False,False,True,False,True
1.2249626125429778,0.37474660802508397,215073.0,2024,3,15,False,True,False,False,False,False,True,False,False,False,False,True
-0.8762598166720479,0.8605585643429441,82719.0,2024,3,15,True,False,False,False,False,True,False,False,False,True,False,False
0.8747588743404735,-0.9268752520877027,112384.0,2024,3,15,True,False,False,False,False,False,True,False,False,False,False,True
0.17435139793546492,-1.3652425695812669,64386.0,2024,3,15,False,False,True,False,False,True,False,False,False,True,True,False
-0.17585234026703933,0.3148791389793847,117220.0,2024,3,15,False,True,False,False,False,False,False,False,False,True,True,False
1.575166350745482,0.5744369959457277,254080.0,2024,3,15,True,False,False,True,False,False,False,False,True,False,False,True
-1.5766672930770564,2.2094929055117136,37780.0,2024,3,15,False,False,False,False,True,False,False,False,False,False,False,False
-1.2264635548745522,-1.3130402510977102,22252.0,2024,3,16,False,False,True,False,False,False,False,False,False,False,False,False
-0.8762598166720479,-0.5202257989892111,51375.0,2024,3,16,True,False,False,False,False,True,False,False,False,True,False,False
1.575166350745482,-0.17357597270473143,197480.0,2024,3,16,False,True,False,False,False,True,False,False,False,True,False,True
-1.2264635548745522,-0.934011771576594,27988.0,2024,3,16,False,False,True,False,False,False,False,True,False,False,False,False
-1.5766672930770564,0.9220119266083969,28038.0,2024,3,16,True,False,False,True,False,False,False,False,False,True,False,False
-0.8762598166720479,0.48351245134652,74160.0,2024,3,16,False,True,False,False,False,True,False,False,False,False,False,False
-0.8762598166720479,-0.5959522002324465,49656.0,2024,3,16,True,False,False,True,False,False,False,False,False,False,False,False
0.8747588743404735,-0.253927895838915,153120.0,2024,3,16,False,True,False,False,True,False,False,False,True,False,False,True
0.17435139793546492,-0.1250740717339331,120690.0,2024,3,17,False,True,False,False,False,False,True,False,False,False,True,False
-1.5766672930770564,-0.13591100873558287,20033.0,2024,3,17,False,True,False,False,False,True,False,True,False,False,False,False
-0.17585234026703933,1.0565485347508294,145280.0,2024,3,17,True,False,False,False,True,False,False,False,False,False,True,False
1.575166350745482,-1.3948459096833346,105070.0,2024,3,17,False,False,True,False,False,True,False,False,True,False,False,True
-0.17585234026703933,-0.3541034842200189,91910.0,2024,3,17,True,False,False,True,False,False,True,False,False,False,True,False
1.2249626125429778,-0.03890720679398621,186903.0,2024,3,17,False,True,False,True,False,False,False,True,False,False,False,True
0.8747588743404735,1.3057980857887739,247536.0,2024,3,17,True,False,False,False,False,True,False,True,False,False,False,True
-1.5766672930770564,-0.42163610382786076,17871.0,2024,3,17,False,True,False,False,False,True,False,True,False,False,False,False
-1.5766672930770564,0.49804980586092823,24830.0,2024,3,17,False,True,False,False,False,True,False,False,True,False,False,False
-1.5766672930770564,1.323110753437751,31073.0,2024,3,17,True,False,False,False,False,False,True,False,False,False,False,False
-1.5766672930770564,0.23835979112627234,22865.0,2024,3,17,False,True,False,False,True,False,False,False,True,False,False,False
-1.5766672930770564,-0.543617723980577,16948.0,2024,3,17,True,False,False,True,False,False,False,False,False,False,False,False
-1.2264635548745522,-0.07644001299482198,40966.0,2024,3,17,False,True,False,False,False,False,False,False,False,False,False,False
-1.5766672930770564,0.18562884156946435,22466.0,2024,3,18,False,True,False,True,False,False,False,False,True,False,False,False
-0.17585234026703933,-1.0705307462437184,64805.0,2024,3,18,False,False,True,False,False,True,False,False,False,False,True,False
1.2249626125429778,-0.937976504625978,125676.0,2024,3,18,True,False,False,False,False,False,False,False,True,False,False,True
0.8747588743404735,-0.8503559042345904,117016.0,2024,3,18,True,False,False,False,False,True,False,False,False,True,False,True
-0.5260560784695436,-1.3386788581503937,43728.0,2024,3,18,False,False,True,True,False,False,False,False,False,True,True,False
-1.5766672930770564,-0.8684615184934442,14490.0,2024,3,18,False,False,True,True,False,False,False,True,False,False,False,False
0.17435139793546492,1.831653845905413,209526.0,2024,3,18,False,False,False,False,True,False,False,False,True,False,True,False
-1.2264635548745522,-0.44383860890441146,35406.0,2024,3,19,True,False,False,True,False,False,False,True,False,False,False,False
1.2249626125429778,-0.9842317235354587,122526.0,2024,3,19,True,False,False,False,True,False,False,False,False,True,False,True
0.8747588743404735,0.18021037306863946,179400.0,2024,3,19,False,True,False,False,False,False,False,False,False,False,False,True
-1.2264635548745522,-0.4797855218854936,34862.0,2024,3,19,True,False,False,False,True,False,False,False,False,True,False,False
0.17435139793546492,1.3780883850558765,188934.0,2024,3,19,True,False,False,False,True,False,False,False,True,False,True,False
-1.5766672930770564,-0.5191685368427086,17133.0,2024,3,19,True,False,False,False,False,True,False,False,False,True,False,False
0.8747588743404735,1.2073405483957365,241576.0,2024,3,19,True,False,False,False,True,False,False,False,False,True,False,True
-0.8762598166720479,1.040160971480042,86796.0,2024,3,19,True,False,False,True,False,False,False,False,False,False,False,False
-0.17585234026703933,1.9952651630766618,180795.0,2024,3,19,False,False,False,True,False,False,False,False,False,False,True,False
-1.2264635548745522,-1.318458719598535,22170.0,2024,3,19,False,False,True,False,True,False,False,True,False,False,False,False
0.5245551361379692,-0.4258651524138704,124873.0,2024,3,19,True,False,False,True,False,False,True,False,False,False,True,False
-0.8762598166720479,1.9887894324293345,108330.0,2024,3,19,False,False,False,False,False,False,True,False,False,False,False,False
-0.8762598166720479,-0.14595499912735582,59871.0,2024,3,19,True,False,False,True,False,False,False,False,True,False,False,False
0.8747588743404735,-0.6192119674554997,131008.0,2024,3,19,False,True,False,False,True,False,False,False,False,True,False,True
-1.5766672930770564,1.4851361773892462,32299.0,2024,3,19,True,False,False,False,False,True,False,False,False,True,False,False
1.575166350745482,-1.6230823755595436,87800.0,2024,3,20,False,False,True,True,False,False,False,True,False,False,False,True
0.17435139793546492,1.9943400586984723,216912.0,2024,3,20,False,False,False,False,False,True,True,False,False,False,True,False
-1.5766672930770564,-0.3920327637257931,18095.0,2024,3,20,False,True,False,False,False,True,True,False,False,False,False,False
0.8747588743404735,1.7567203912720544,274832.0,2024,3,20,False,False,False,False,True,False,False,False,False,False,False,True
-0.5260560784695436,1.2751374835402038,122840.0,2024,3,20,True,False,False,False,False,False,False,False,True,False,True,False
-0.5260560784695436,-1.130266057521105,50036.0,2024,3,20,False,False,True,True,False,False,False,False,False,False,True,False
-1.2264635548745522,0.3566409937662301,47520.0,2024,3,20,False,True,False,True,False,False,True,False,False,False,False,False
-1.2264635548745522,2.117378940997691,74166.0,2024,3,20,False,False,False,True,False,False,False,False,False,True,False,False
0.8747588743404735,-1.046213716874163,105160.0,2024,3,20,True,False,False,False,True,False,False,False,False,False,False,True
-1.5766672930770564,-0.065735233761485,20564.0,2024,3,20,False,True,False,False,True,False,False,False,True,False,False,False
1.575166350745482,-0.07485411977506834,204950.0,2024,3,20,False,True,False,False,False,True,False,False,False,False,False,True
0.17435139793546492,0.9756679805433945,170664.0,2024,3,20,True,False,False,False,False,True,False,False,False,False,True,False
1.2249626125429778,1.5664132049016195,296226.0,2024,3,20,True,False,False,True,False,False,False,False,False,True,False,True
-1.2264635548745522,-0.8253780860234707,29632.0,2024,3,21,True,False,False,False,True,False,False,False,False,True,False,False
-0.17585234026703933,1.5098496800637402,162430.0,2024,3,21,True,False,False,False,False,False,False,False,True,False,True,False
-0.8762598166720479,-0.13591100873558287,60099.0,2024,3,21,True,False,False,False,False,True,False,False,False,False,False,False
-0.17585234026703933,-0.8533955329057848,73020.0,2024,3,21,True,False,False,False,False,True,False,False,True,False,True,False
-0.5260560784695436,-0.17410460377798262,78976.0,2024,3,21,False,True,False,False,False,True,False,False,False,True,True,False
0.5245551361379692,-1.0151566413206545,93660.0,2024,3,21,True,False,False,False,True,False,False,False,False,False,True,False
1.575166350745482,2.1235903561083926,320262.5,2024,3,21,False,False,False,False,False,True,False,False,False,False,False,True
1.2249626125429778,-0.6164366543209309,147573.0,2024,3,21,True,False,False,True,False,False,True,False,False,False,False,True
1.2249626125429778,1.7695396947983961,310059.0,2024,3,21,False,False,False,False,False,True,False,True,False,False,False,True
0.5245551361379692,-0.4152925309488462,125433.0,2024,3,21,True,False,False,False,False,False,True,False,False,False,True,False
0.5245551361379692,-0.00970033999685697,146916.0,2024,3,21,False,True,False,False,False,True,False,False,False,True,True,False
0.17435139793546492,-0.3505352244755733,110454.0,2024,3,21,False,True,False,True,False,False,False,True,False,False,True,False
1.575166350745482,-0.11436929250059613,201960.0,2024,3,22,False,True,False,False,False,False,True,False,False,False,False,True
1.2249626125429778,1.152230759009298,268020.0,2024,3,22,True,False,False,False,False,True,False,True,False,False,False,True
-0.17585234026703933,-0.03084558292690529,104140.0,2024,3,22,False,True,False,False,False,True,False,True,False,False,True,False
1.2249626125429778,-1.3772689264977318,95760.0,2024,3,22,False,False,True,False,True,False,False,False,False,True,False,True
0.8747588743404735,-1.0952442489182124,102192.0,2024,3,22,False,False,True,True,False,False,True,False,False,False,False,True
0.5245551361379692,0.269945497753032,161728.0,2024,3,22,True,False,False,False,True,False,False,False,True,False,True,False
-0.8762598166720479,-0.6115468168933572,49302.0,2024,3,22,False,True,False,False,True,False,False,True,False,False,False,False
-0.17585234026703933,-1.1906621576400553,60260.0,2024,3,23,False,False,True,False,False,True,False,False,True,False,True,False
-0.5260560784695436,0.8420564767791517,109732.0,2024,3,23,True,False,False,False,True,False,False,False,False,True,True,False
-1.2264635548745522,2.1859688227520353,75204.0,2024,3,23,False,False,False,False,False,True,True,False,False,False,False,False
-0.5260560784695436,-0.11582302795203696,80740.0,2024,3,23,False,True,False,False,False,False,False,False,True,False,True,False
0.5245551361379692,-0.21798098285783288,135884.0,2024,3,23,False,True,False,False,False,False,True,False,False,False,True,False
-1.5766672930770564,-0.39692260115336675,18058.0,2024,3,23,True,False,False,False,False,True,True,False,False,False,False,False
-0.5260560784695436,1.9758379711346798,144048.0,2024,3,23,False,False,False,False,False,True,False,True,False,False,True,False
0.8747588743404735,0.4482263272070019,195624.0,2024,3,23,True,False,False,False,True,False,False,True,False,False,False,True
1.2249626125429778,-1.3327317585763176,98793.0,2024,3,23,False,False,True,True,False,False,False,False,True,False,False,True
1.2249626125429778,0.5421905004774041,226476.0,2024,3,24,True,False,False,False,False,True,False,True,False,False,False,True
-0.17585234026703933,-0.3985084943731204,90230.0,2024,3,24,False,True,False,False,False,False,False,False,False,False,True,False
-1.5766672930770564,-1.2954632679121074,11259.0,2024,3,24,False,False,True,False,False,False,True,False,False,False,False,False
1.575166350745482,-0.3428700739134308,184670.0,2024,3,24,True,False,False,True,False,False,True,False,False,False,False,True
0.17435139793546492,-1.6472672471607863,51582.0,2024,3,24,False,False,True,False,False,False,True,False,False,False,True,False
-0.8762598166720479,0.4232485089958823,72792.0,2024,3,24,False,True,False,False,True,False,True,False,False,False,False,False
0.5245551361379692,-0.8740121447625819,101136.0,2024,3,24,False,False,True,True,False,False,False,False,True,False,True,False
-0.5260560784695436,1.1478695526549756,118988.0,2024,3,24,True,False,False,False,False,False,False,False,False,True,True,False
-0.17585234026703933,1.1534201789241132,148945.0,2024,3,24,True,False,False,True,False,False,True,False,False,False,True,False
-1.2264635548745522,-0.29436817294263246,37668.0,2024,3,24,True,False,False,True,False,False,False,True,False,False,False,False
1.575166350745482,-0.14066868839484373,199970.0,2024,3,24,False,True,False,False,True,False,False,False,False,True,False,True
0.5245551361379692,-0.7877131220543222,105707.0,2024,3,25,True,False,False,False,False,False,False,False,True,False,True,False
0.17435139793546492,-1.1693847569416944,73278.0,2024,3,25,False,False,True,True,False,False,False,False,False,False,True,False
-0.17585234026703933,-0.4604904877118245,87885.0,2024,3,25,True,False,False,False,False,False,True,False,False,False,True,False
-1.2264635548745522,-0.8841882929226677,28742.0,2024,3,25,True,False,False,False,True,False,False,False,True,False,False,False
-0.5260560784695436,0.31897602979708156,93900.0,2024,3,25,False,True,False,False,True,False,False,True,False,False,True,False
0.5245551361379692,-1.6481923515389758,60130.0,2024,3,25,False,False,True,False,False,True,False,False,True,False,True,False
0.17435139793546492,1.618747681153489,199860.0,2024,3,25,False,False,False,False,True,False,False,False,True,False,True,False
-0.8762598166720479,-0.39626181231180274,54189.0,2024,3,25,True,False,False,False,True,False,True,False,False,False,False,False
-0.17585234026703933,0.30100257330654046,116695.0,2024,3,25,False,True,False,True,False,False,False,False,False,False,True,False
0.5245551361379692,-0.32648251064264333,130137.0,2024,3,25,False,True,False,False,True,False,False,False,False,False,True,False
1.2249626125429778,-1.0590330204005047,117432.0,2024,3,25,True,False,False,False,True,False,True,False,False,False,False,True
0.17435139793546492,-0.5210187455990878,102714.0,2024,3,26,True,False,False,False,True,False,False,False,False,True,True,False
1.575166350745482,0.3497687898139644,237080.0,2024,3,26,True,False,False,False,False,False,False,False,False,False,False,True
0.5245551361379692,-0.6355995307262872,113764.0,2024,3,26,False,True,False,True,False,False,False,True,False,False,True,False
-0.5260560784695436,-1.5785452076381292,36468.0,2024,3,26,False,False,True,True,False,False,True,False,False,False,True,False
-0.8762598166720479,0.5787982023000502,76323.0,2024,3,26,True,False,False,False,False,False,False,False,True,False,False,False
-0.8762598166720479,-1.5928182466159118,27027.0,2024,3,27,False,False,True,False,True,False,False,False,True,False,False,False
1.575166350745482,0.022017524398215502,212280.0,2024,3,27,False,True,False,False,True,False,False,False,False,True,False,True
0.17435139793546492,0.08888935516449331,130404.0,2024,3,27,False,True,False,True,False,False,True,False,False,False,True,False
-0.8762598166720479,-1.2626881413705324,34521.0,2024,3,27,False,False,True,False,False,True,True,False,False,False,False,False
-0.5260560784695436,0.38016507652590886,95752.0,2024,3,27,True,False,False,False,False,True,True,False,False,False,True,False
1.2249626125429778,-0.16961123965534736,178002.0,2024,3,27,True,False,False,False,True,False,False,False,False,True,False,True
-0.17585234026703933,-0.9591217475560264,69020.0,2024,3,27,True,False,False,False,False,True,True,False,False,False,True,False
0.17435139793546492,1.9643402452914662,215550.0,2024,3,27,False,False,False,False,False,True,False,True,False,False,True,False
-0.17585234026703933,-0.9899145075729092,67855.0,2024,3,27,True,False,False,False,False,True,False,False,False,True,True,False
0.8747588743404735,1.933151011969645,285512.0,2024,3,27,False,False,False,False,False,False,True,False,False,False,False,True
1.575166350745482,-0.8482413799415855,146430.0,2024,3,27,False,False,True,False,False,False,False,False,False,True,False,True
-0.8762598166720479,-0.6637491353769139,48117.0,2024,3,27,False,True,False,False,False,False,False,True,False,False,False,False
0.5245551361379692,0.15919728790690396,155862.0,2024,3,27,False,True,False,False,False,False,False,True,False,False,True,False
0.8747588743404735,1.4180000310863428,254328.0,2024,3,28,True,False,False,True,False,False,False,False,False,True,False,True
0.8747588743404735,0.8534220448540527,220152.0,2024,3,28,True,False,False,False,True,False,False,True,False,False,False,True
-1.2264635548745522,-0.10088920013269033,40596.0,2024,3,28,False,True,False,False,False,True,True,False,False,False,False,False
-0.17585234026703933,-0.05754145212609129,103130.0,2024,3,28,False,True,False,False,True,False,False,False,True,False,True,False
-1.5766672930770564,-1.0963015110647147,12766.0,2024,3,28,False,False,True,True,False,False,True,False,False,False,False,False
-1.5766672930770564,0.456816582147334,24518.0,2024,3,28,False,True,False,False,False,False,True,False,False,False,False,False
0.8747588743404735,-1.565329430806849,73736.0,2024,3,28,False,False,True,False,False,False,False,False,False,False,False,True
1.575166350745482,0.17465974679950177,223830.0,2024,3,28,False,True,False,False,False,True,False,False,False,False,False,True
1.2249626125429778,-1.6282365285237428,78669.0,2024,3,28,False,False,True,True,False,False,False,False,False,True,False,True
-1.5766672930770564,-1.4676648400236885,9956.0,2024,3,28,False,False,True,False,False,True,True,False,False,False,False,False
0.8747588743404735,-1.2895161683380314,90432.0,2024,3,28,False,False,True,False,False,True,True,False,False,False,False,True
-0.8762598166720479,0.11875701080318656,65880.0,2024,3,28,False,True,False,False,False,False,False,False,True,False,False,False
0.8747588743404735,0.11056322916779283,175184.0,2024,3,28,False,True,False,False,True,False,False,False,False,True,False,True
-0.5260560784695436,0.9632451503219912,113400.0,2024,3,28,True,False,False,False,False,True,True,False,False,False,True,False
0.5245551361379692,1.4254008661118598,222929.0,2024,3,28,True,False,False,True,False,False,False,False,True,False,True,False
-1.2264635548745522,1.4814357598764878,64542.0,2024,3,29,True,False,False,False,False,False,False,False,False,True,False,False
1.2249626125429778,0.21258902630527596,204030.0,2024,3,29,False,True,False,False,False,True,False,False,False,False,False,True
0.17435139793546492,-0.032695791683284514,124884.0,2024,3,29,False,True,False,False,True,False,True,False,False,False,True,False
0.5245551361379692,0.4973890170193642,173775.0,2024,3,29,True,False,False,True,False,False,False,False,False,True,True,False
0.8747588743404735,1.4388809584797655,255592.0,2024,3,29,True,False,False,False,True,False,True,False,False,False,False,True
-0.8762598166720479,1.8267640084778394,104652.0,2024,3,30,False,False,False,False,True,False,True,False,False,False,False,False
-0.5260560784695436,0.41875514487324705,96920.0,2024,3,30,True,False,False,False,False,True,False,True,False,False,True,False
1.575166350745482,1.0450508089076156,289690.0,2024,3,30,True,False,False,False,False,True,False,False,False,False,False,True
-1.2264635548745522,1.4382201696382015,63888.0,2024,3,30,True,False,False,True,False,False,False,False,False,False,False,False
1.575166350745482,0.034176039082993284,213200.0,2024,3,30,False,True,False,True,False,False,False,False,True,False,False,True
-1.5766672930770564,-0.0019030316664016543,21047.0,2024,3,30,False,True,False,False,False,True,False,True,False,False,False,False
-1.5766672930770564,-1.1066098169931133,12688.0,2024,3,30,False,False,True,False,False,True,False,False,True,False,False,False
-0.8762598166720479,0.8154927653482785,81696.0,2024,3,31,True,False,False,True,False,False,True,False,False,False,False,False
-1.5766672930770564,-0.09771741369318308,20322.0,2024,3,31,False,True,False,False,True,False,False,True,False,False,False,False
1.575166350745482,2.088039916432249,320262.5,2024,3,31,False,False,False,True,False,False,False,True,False,False,False,True
0.5245551361379692,0.510208320545706,174454.0,2024,3,31,False,True,False,False,False,True,True,False,False,False,True,False
1.575166350745482,-0.9089017955971617,141840.0,2024,3,31,False,False,True,False,False,False,False,True,False,False,False,True
0.8747588743404735,1.5627127873888609,263088.0,2024,3,31,True,False,False,False,True,False,False,True,False,False,False,True
0.5245551361379692,-0.5257764252583487,119581.0,2024,3,31,False,True,False,False,True,False,False,False,True,False,True,False
1.2249626125429778,-1.2718070273841158,102942.0,2024,4,1,False,False,True,False,False,True,True,False,False,False,False,True
-0.8762598166720479,-0.550225612396217,50694.0,2024,4,1,True,False,False,False,True,False,True,False,False,False,False,False
-1.2264635548745522,-1.6253290576208612,17526.0,2024,4,1,False,False,True,True,False,False,False,True,False,False,False,False
1.2249626125429778,-0.40339833180069407,162081.0,2024,4,1,False,True,False,True,False,False,True,False,False,False,False,True
0.17435139793546492,-0.6219872805900686,98130.0,2024,4,1,False,True,False,True,False,False,False,True,False,False,True,False
0.5245551361379692,1.957203725802575,251097.0,2024,4,1,False,False,False,False,True,False,False,False,False,False,True,False
-0.17585234026703933,-0.945377339651495,69540.0,2024,4,1,False,False,True,False,False,True,False,False,True,False,True,False
1.575166350745482,0.8448317899137207,274540.0,2024,4,1,True,False,False,True,False,False,False,False,False,True,False,True
-1.5766672930770564,-0.043268413148308676,20734.0,2024,4,2,True,False,False,False,True,False,True,False,False,False,False,False
0.5245551361379692,-0.4466139220389803,123774.0,2024,4,2,True,False,False,False,False,False,False,False,False,False,True,False
-1.2264635548745522,1.0844338238648306,58534.0,2024,4,2,True,False,False,True,False,False,True,False,False,False,False,False
-0.17585234026703933,0.8365058505100141,136955.0,2024,4,2,True,False,False,True,False,False,True,False,False,False,True,False
1.575166350745482,1.2152700144945046,302570.0,2024,4,2,True,False,False,True,False,False,False,True,False,False,False,True
1.2249626125429778,-0.0653387604565466,185103.0,2024,4,2,False,True,False,True,False,False,False,True,False,False,False,True
1.2249626125429778,1.5176469883941954,292905.0,2024,4,2,True,False,False,True,False,False,False,False,False,True,False,True
1.575166350745482,0.6288859964906022,258200.0,2024,4,2,True,False,False,True,False,False,False,True,False,False,False,True
-0.5260560784695436,-0.5819434767912895,66632.0,2024,4,3,True,False,False,False,False,True,False,False,True,False,True,False
1.2249626125429778,0.29333742274439795,209529.0,2024,4,3,False,True,False,False,False,False,True,False,False,False,False,True
-1.5766672930770564,-0.2306681286158619,19316.0,2024,4,3,False,True,False,True,False,False,False,False,True,False,False,False
-0.8762598166720479,-0.5548511342871651,50589.0,2024,4,3,True,False,False,True,False,False,False,False,True,False,False,False
-0.17585234026703933,-0.8253780860234707,74080.0,2024,4,3,True,False,False,False,False,False,False,False,True,False,True,False
-1.5766672930770564,0.011444902933191345,21148.0,2024,4,3,False,True,False,True,False,False,True,False,False,False,False,False
-0.17585234026703933,-1.0793853167206762,64470.0,2024,4,3,False,False,True,False,True,False,False,True,False,False,True,False
0.8747588743404735,1.589276498819734,264696.0,2024,4,3,False,False,False,False,False,True,True,False,False,False,False,True
-0.5260560784695436,0.29254447613452117,93100.0,2024,4,3,True,False,False,False,False,True,True,False,False,False,True,False
-1.5766672930770564,-1.0725131127684104,12946.0,2024,4,3,False,False,True,False,False,True,False,False,True,False,False,False
-1.2264635548745522,-1.1631733418309926,24520.0,2024,4,3,False,False,True,True,False,False,False,False,False,True,False,False
0.5245551361379692,-0.03441384267135094,145607.0,2024,4,3,False,True,False,False,False,True,True,False,False,False,True,False
-1.2264635548745522,-0.5713708553262654,33476.0,2024,4,3,True,False,False,False,False,False,True,False,False,False,False,False
0.17435139793546492,-0.02846674309727485,125076.0,2024,4,3,False,True,False,False,False,False,False,True,False,False,True,False
-0.5260560784695436,0.08769993524967809,86900.0,2024,4,3,False,True,False,True,False,False,True,False,False,False,True,False
-0.8762598166720479,0.6969472471716952,79005.0,2024,4,4,True,False,False,False,True,False,True,False,False,False,False,False
1.2249626125429778,-0.7468763716456664,138690.0,2024,4,4,True,False,False,False,False,False,False,False,True,False,False,True
-0.17585234026703933,-1.1438783076573236,62030.0,2024,4,4,False,False,True,False,False,False,False,False,False,False,True,False
1.575166350745482,-0.1454263680541046,199610.0,2024,4,4,False,True,False,False,False,True,False,False,False,True,False,True
0.8747588743404735,2.2130611652561596,302456.0,2024,4,4,False,False,False,False,True,False,False,False,False,False,False,True
-1.2264635548745522,0.670383535740822,52268.0,2024,4,5,True,False,False,False,False,True,False,True,False,False,False,False
0.5245551361379692,1.299190197373134,216244.0,2024,4,5,True,False,False,False,True,False,False,False,False,True,True,False
-0.17585234026703933,-0.03970015340386302,103805.0,2024,4,5,False,True,False,True,False,False,False,False,False,True,True,False
1.2249626125429778,-0.8721619360062027,130158.0,2024,4,5,True,False,False,True,False,False,False,False,False,True,False,True
-0.5260560784695436,1.537999284714367,130796.0,2024,4,5,True,False,False,False,False,False,False,True,False,False,True,False
0.8747588743404735,0.07580573610152591,173080.0,2024,4,5,False,True,False,False,False,True,False,True,False,False,False,True
-0.5260560784695436,0.07924183807765876,86644.0,2024,4,6,False,True,False,False,False,True,True,False,False,False,True,False
-0.8762598166720479,1.0323636631495867,86619.0,2024,4,6,True,False,False,False,True,False,False,False,True,False,False,False
1.575166350745482,1.5849152924654117,320262.5,2024,4,6,False,False,False,False,True,False,False,False,False,False,False,True
1.575166350745482,1.258353446964478,305830.0,2024,4,6,True,False,False,True,False,False,True,False,False,False,False,True
0.8747588743404735,0.45417342678107797,195984.0,2024,4,6,True,False,False,False,False,False,False,False,False,False,False,True
1.575166350745482,-0.0015065583614632483,210500.0,2024,4,6,False,True,False,False,True,False,True,False,False,False,False,True
0.8747588743404735,-0.08357653248371327,163432.0,2024,4,6,False,True,False,False,True,False,True,False,False,False,False,True
0.5245551361379692,1.1061076978681301,206017.0,2024,4,6,True,False,False,True,False,False,False,False,True,False,True,False
0.8747588743404735,-1.384537603754936,84680.0,2024,4,6,False,False,True,False,True,False,False,False,True,False,False,True
0.5245551361379692,0.4886666043107193,173313.0,2024,4,7,False,True,False,False,True,False,False,False,False,True,True,False
1.575166350745482,1.1980895046138402,301270.0,2024,4,7,True,False,False,False,False,True,True,False,False,False,False,True
-0.5260560784695436,0.5477411267465417,100824.0,2024,4,7,True,False,False,True,False,False,True,False,False,False,True,False
0.17435139793546492,1.1160195304915903,177036.0,2024,4,7,True,False,False,True,False,False,False,False,False,False,True,False
0.5245551361379692,0.2626768204958279,161343.0,2024,4,7,False,True,False,False,False,False,False,False,False,False,True,False
0.8747588743404735,0.45086948257325793,195784.0,2024,4,7,True,False,False,False,False,True,True,False,False,False,False,True
-1.2264635548745522,0.15192861064969984,44422.0,2024,4,7,False,True,False,False,False,True,True,False,False,False,False,False
0.5245551361379692,-0.45665791243075327,123242.0,2024,4,7,False,True,False,False,False,True,False,True,False,False,True,False
-1.5766672930770564,1.768878905956832,34446.0,2024,4,7,False,False,False,True,False,False,False,False,False,False,False,False
1.2249626125429778,-0.8837918196177292,129366.0,2024,4,7,False,False,True,False,False,False,False,False,False,False,False,True
-0.17585234026703933,0.8647876129289537,138025.0,2024,4,7,True,False,False,False,True,False,False,False,False,False,True,False
-0.8762598166720479,-1.0004871290379334,40473.0,2024,4,7,True,False,False,False,False,True,False,False,False,True,False,False
-1.2264635548745522,2.0647801492091955,73370.0,2024,4,7,False,False,False,False,False,False,False,False,False,True,False,False
0.17435139793546492,1.5235940879682717,195540.0,2024,4,7,True,False,False,False,False,False,False,False,False,True,True,False
0.5245551361379692,-0.5376706244065008,118951.0,2024,4,7,True,False,False,False,False,False,True,False,False,False,True,False
1.575166350745482,0.17822800654394744,224100.0,2024,4,8,False,True,False,False,False,True,False,False,False,True,False,True
0.17435139793546492,1.4695415607283355,193086.0,2024,4,8,True,False,False,True,False,False,False,False,False,False,True,False
0.5245551361379692,-0.755202311049373,107429.0,2024,4,8,True,False,False,True,False,False,False,True,False,False,True,False
0.17435139793546492,-1.0052448086971943,80730.0,2024,4,8,False,False,True,True,False,False,False,False,True,False,True,False
-0.8762598166720479,-0.6934846332472944,47442.0,2024,4,8,True,False,False,False,False,True,False,False,False,True,False,False
-0.17585234026703933,1.2065476017858596,150955.0,2024,4,8,True,False,False,True,False,False,False,False,False,True,True,False
0.17435139793546492,2.2131933230244725,226848.0,2024,4,8,False,False,False,True,False,False,False,False,False,False,True,False
-0.8762598166720479,-1.4368720800068056,30567.0,2024,4,8,False,False,True,False,False,True,False,True,False,False,False,False
-1.2264635548745522,0.484173240188084,49450.0,2024,4,9,True,False,False,False,False,True,False,False,False,False,False,False
-1.2264635548745522,-0.9963902382202365,27044.0,2024,4,9,True,False,False,True,False,False,True,False,False,False,False,False
-1.5766672930770564,-0.2391262257878812,19252.0,2024,4,9,True,False,False,False,True,False,False,False,True,False,False,False
1.575166350745482,0.4243057711423847,242720.0,2024,4,9,True,False,False,False,True,False,False,False,False,False,False,True
-0.5260560784695436,0.5239527284502374,100104.0,2024,4,9,True,False,False,False,False,False,False,False,False,False,True,False
-0.8762598166720479,-0.8915891279481846,42945.0,2024,4,9,False,False,True,False,False,True,False,False,True,False,False,False
0.17435139793546492,-0.31683499355580874,111984.0,2024,4,9,True,False,False,True,False,False,False,False,False,False,True,False
-0.17585234026703933,-1.1323805818141097,62465.0,2024,4,9,False,False,True,True,False,False,False,True,False,False,True,False
-0.8762598166720479,-1.0865218362095674,38520.0,2024,4,9,False,False,True,True,False,False,True,False,False,False,False,False
1.2249626125429778,-0.09110952527754299,183348.0,2024,4,9,False,True,False,False,False,False,False,False,False,True,False,True
1.2249626125429778,1.823592222038332,313740.0,2024,4,9,False,False,False,False,True,False,False,False,False,False,False,True
0.17435139793546492,0.70236571567252,158256.0,2024,4,9,True,False,False,False,False,False,False,True,False,False,True,False
-1.5766672930770564,0.2562010898485006,23000.0,2024,4,9,True,False,False,False,False,True,False,False,False,True,False,False
0.8747588743404735,0.8354485883635117,219064.0,2024,4,9,True,False,False,False,True,False,False,False,False,False,False,True
-0.17585234026703933,1.5875584478316678,165370.0,2024,4,9,False,False,False,True,False,False,False,False,False,True,True,False
-1.5766672930770564,0.45311616463457555,24490.0,2024,4,10,False,True,False,False,False,False,False,True,False,False,False,False
1.2249626125429778,-0.19577847778128216,176220.0,2024,4,10,False,True,False,True,False,False,False,True,False,False,False,True
0.5245551361379692,-1.0522929742165519,91693.0,2024,4,10,False,False,True,False,False,True,False,False,False,True,True,False
0.5245551361379692,-0.8060830518498017,104734.0,2024,4,10,True,False,False,False,False,False,False,False,False,True,True,False
-0.17585234026703933,-1.2792078624096328,56910.0,2024,4,10,False,False,True,False,False,True,False,False,True,False,True,False
-0.8762598166720479,-1.1483716717799588,37116.0,2024,4,10,False,False,True,False,True,False,False,False,False,False,False,False
0.8747588743404735,-0.11000808614627368,161832.0,2024,4,10,False,True,False,True,False,False,False,True,False,False,False,True
-1.5766672930770564,1.0816585107302619,29246.0,2024,4,10,True,False,False,False,True,False,True,False,False,False,False,False
-0.8762598166720479,-0.558287236263298,50511.0,2024,4,10,True,False,False,False,False,False,False,False,False,True,False,False
0.8747588743404735,-1.4529953277409673,80536.0,2024,4,10,False,False,True,False,False,True,False,False,True,False,False,True
-1.5766672930770564,-0.9275360409292667,14043.0,2024,4,10,False,False,True,False,False,True,False,False,False,True,False,False
-0.17585234026703933,-0.12943527808825556,100410.0,2024,4,10,False,True,False,False,False,False,False,False,False,False,True,False
0.17435139793546492,-0.5820756345596023,99942.0,2024,4,10,True,False,False,False,False,True,False,False,True,False,True,False
0.5245551361379692,0.333381226543177,165088.0,2024,4,10,True,False,False,True,False,False,False,True,False,False,True,False
0.5245551361379692,0.26981333998471924,161721.0,2024,4,11,True,False,False,False,True,False,False,True,False,False,True,False
0.8747588743404735,-0.40141596527600204,144192.0,2024,4,11,False,True,False,False,True,False,False,True,False,False,False,True
-1.2264635548745522,2.141960285903872,74538.0,2024,4,11,False,False,False,False,False,True,False,False,False,False,False,False
-0.17585234026703933,-0.3192138333854392,93230.0,2024,4,11,False,True,False,False,False,True,False,False,True,False,True,False
1.2249626125429778,-1.594007666530727,81000.0,2024,4,11,False,False,True,False,False,False,False,False,False,False,False,True
-0.5260560784695436,0.646330821907892,103808.0,2024,4,11,True,False,False,False,True,False,False,True,False,False,True,False
-0.5260560784695436,-0.5954235691591954,66224.0,2024,4,11,True,False,False,False,False,False,False,False,True,False,True,False
-0.17585234026703933,-0.8289463457679165,73945.0,2024,4,11,False,False,True,False,True,False,False,False,False,False,True,False
-1.5766672930770564,-0.039832311172175824,20760.0,2024,4,12,True,False,False,True,False,False,True,False,False,False,False,False
0.17435139793546492,-1.3649782540446413,64398.0,2024,4,12,False,False,True,False,False,True,False,True,False,False,True,False
-1.2264635548745522,1.9441201067396074,71544.0,2024,4,12,False,False,False,False,True,False,False,False,True,False,False,False
-0.8762598166720479,1.4975590076106495,97179.0,2024,4,12,True,False,False,False,True,False,False,True,False,False,False,False
-0.5260560784695436,1.9205960239799287,142376.0,2024,4,12,False,False,False,False,False,False,False,False,False,False,True,False
-1.5766672930770564,0.268623920069904,23094.0,2024,4,12,False,True,False,False,False,False,False,True,False,False,False,False
-1.5766672930770564,0.7815282188918885,26975.0,2024,4,12,True,False,False,True,False,False,True,False,False,False,False,False
1.2249626125429778,0.7866823718560878,243126.0,2024,4,12,True,False,False,False,False,True,True,False,False,False,False,True
0.17435139793546492,-1.375815191046291,63906.0,2024,4,13,False,False,True,True,False,False,False,False,False,True,True,False
1.2249626125429778,-0.23106460192080028,173817.0,2024,4,13,False,True,False,False,True,False,True,False,False,False,False,True
0.8747588743404735,-1.1417637833643186,99376.0,2024,4,13,False,False,True,False,False,False,True,False,False,False,False,True
0.8747588743404735,0.9176507202540745,224040.0,2024,4,13,True,False,False,True,False,False,False,True,False,False,False,True
1.575166350745482,-0.27480882323233774,189820.0,2024,4,13,True,False,False,False,False,True,False,False,False,True,False,True
1.2249626125429778,-0.6459078366546857,145566.0,2024,4,13,True,False,False,False,False,True,True,False,False,False,False,True
1.2249626125429778,1.7445618765872766,308358.0,2024,4,13,False,False,False,False,False,False,False,False,False,True,False,True
-1.2264635548745522,1.0211302528429984,57576.0,2024,4,14,True,False,False,False,True,False,False,False,True,False,False,False
-0.8762598166720479,-1.4280175095298477,30768.0,2024,4,14,False,False,True,False,False,True,False,False,True,False,False,False
-0.5260560784695436,1.6845622497732644,135232.0,2024,4,14,False,False,False,False,True,False,True,False,False,False,True,False
0.8747588743404735,-0.09969978021787512,162456.0,2024,4,14,False,True,False,False,False,False,False,False,True,False,False,True
-0.5260560784695436,1.5728889355489468,131852.0,2024,4,14,True,False,False,False,True,False,False,False,True,False,True,False
0.8747588743404735,-0.05370887684502003,165240.0,2024,4,14,False,True,False,True,False,False,False,False,True,False,False,True
1.2249626125429778,1.3672514480542268,282663.0,2024,4,14,True,False,False,False,False,False,False,False,True,False,False,True
-0.17585234026703933,0.1680518583838617,111665.0,2024,4,14,False,True,False,False,True,False,False,False,True,False,True,False
-1.2264635548745522,0.4898560242255345,49536.0,2024,4,14,True,False,False,False,True,False,False,False,True,False,False,False
1.2249626125429778,0.27681770170529774,208404.0,2024,4,14,False,True,False,False,False,True,False,True,False,False,False,True
-0.5260560784695436,-1.1091208145910567,50676.0,2024,4,14,False,False,True,False,False,True,True,False,False,False,True,False
-1.2264635548745522,-0.044722148599749496,41446.0,2024,4,15,False,True,False,False,False,False,False,False,False,False,False,False
-1.2264635548745522,-0.4883757768258257,34732.0,2024,4,15,False,True,False,False,False,True,True,False,False,False,False,False
1.2249626125429778,-0.3036192167245286,168876.0,2024,4,15,False,True,False,False,False,True,True,False,False,False,False,True
0.8747588743404735,-0.023180432364762773,167088.0,2024,4,15,False,True,False,False,False,False,True,False,False,False,False,True
0.17435139793546492,1.3632867150048429,188262.0,2024,4,15,True,False,False,True,False,False,False,False,False,True,True,False
-0.5260560784695436,0.20505603351144625,90452.0,2024,4,15,False,True,False,False,False,True,False,False,False,False,True,False
-0.17585234026703933,-1.336432176089076,54745.0,2024,4,15,False,False,True,True,False,False,False,False,False,False,True,False
-1.5766672930770564,-0.6315026399085902,16283.0,2024,4,15,False,True,False,False,False,False,True,False,False,False,False,False
1.2249626125429778,-0.5227367965871542,153954.0,2024,4,15,True,False,False,False,False,False,False,False,True,False,False,True
-0.5260560784695436,0.4886666043107193,99036.0,2024,4,15,True,False,False,False,False,False,False,False,True,False,True,False
1.2249626125429778,0.8096778235425153,244692.0,2024,4,15,True,False,False,False,False,True,False,False,True,False,False,True
0.8747588743404735,-0.2839277092459211,151304.0,2024,4,15,True,False,False,False,False,True,False,True,False,False,False,True
0.17435139793546492,0.8864614869322532,166614.0,2024,4,15,True,False,False,False,False,True,False,True,False,False,True,False
-1.2264635548745522,0.8737743411742243,55346.0,2024,4,16,True,False,False,True,False,False,True,False,False,False,False,False
-1.2264635548745522,0.21113529085383514,45318.0,2024,4,16,False,True,False,True,False,False,False,True,False,False,False,False
1.575166350745482,1.6809939900288187,320262.5,2024,4,16,False,False,False,False,False,False,False,False,True,False,False,True
0.5245551361379692,-0.3197424644586904,130494.0,2024,4,16,False,True,False,False,True,False,False,False,False,True,True,False
0.5245551361379692,1.3679122368957908,219884.0,2024,4,16,True,False,False,False,True,False,False,True,False,False,True,False
-1.5766672930770564,0.009462536408499317,21133.0,2024,4,16,False,True,False,False,True,False,False,False,False,True,False,False
-1.5766672930770564,-1.3805728707055518,10615.0,2024,4,16,False,False,True,False,False,True,False,False,False,True,False,False
-0.5260560784695436,-1.5604395933792754,37016.0,2024,4,16,False,False,True,False,True,False,False,False,False,False,True,False
1.575166350745482,2.200506177266443,320262.5,2024,4,16,False,False,False,False,True,False,False,True,False,False,False,True
0.5245551361379692,0.4163763050436166,169484.0,2024,4,17,True,False,False,False,False,True,False,False,False,True,True,False
0.8747588743404735,-0.44674607980729314,141448.0,2024,4,17,True,False,False,False,True,False,True,False,False,False,False,True
-0.17585234026703933,-0.576921481595403,83480.0,2024,4,17,False,True,False,True,False,False,True,False,False,False,True,False
-0.8762598166720479,-0.5230011121237799,51312.0,2024,4,17,False,True,False,True,False,False,True,False,False,False,False,False
0.8747588743404735,0.28765463870694746,185904.0,2024,4,17,False,True,False,False,False,True,True,False,False,False,False,True
1.2249626125429778,-0.1380255330285877,180153.0,2024,4,17,False,True,False,False,False,True,False,False,True,False,False,True
0.5245551361379692,0.606287018109113,179543.0,2024,4,17,True,False,False,False,True,False,False,False,True,False,True,False
0.5245551361379692,-0.2734872455492097,132944.0,2024,4,17,False,True,False,False,False,False,False,True,False,False,True,False
0.17435139793546492,1.5599374742542922,197190.0,2024,4,17,True,False,False,False,True,False,False,False,False,True,True,False
0.17435139793546492,-0.9831744613889564,81732.0,2024,4,17,False,False,True,False,False,True,False,False,False,False,True,False
-0.5260560784695436,-0.452825337149682,70540.0,2024,4,17,True,False,False,False,False,False,False,True,False,False,True,False
-1.5766672930770564,-0.8022504765687304,14991.0,2024,4,18,True,False,False,False,False,True,False,False,False,True,False,False
0.17435139793546492,-0.5485075614081506,101466.0,2024,4,18,True,False,False,False,False,False,False,False,False,False,True,False
-1.5766672930770564,1.9369835872507162,35718.0,2024,4,18,False,False,False,False,False,True,True,False,False,False,False,False
-0.5260560784695436,0.45126595587819635,97904.0,2024,4,18,False,True,False,False,False,False,True,False,False,False,True,False
1.575166350745482,1.7306853109144322,320262.5,2024,4,18,False,False,False,False,True,False,False,False,False,False,False,True
1.2249626125429778,-0.3575395861961518,165204.0,2024,4,18,False,True,False,False,False,False,False,True,False,False,False,True
-0.5260560784695436,0.5498556510395466,100888.0,2024,4,19,True,False,False,False,True,False,False,False,False,False,True,False
-1.2264635548745522,-0.24824511180146455,38366.0,2024,4,19,True,False,False,False,False,False,False,False,False,True,False,False
-1.5766672930770564,-0.7487265804020456,15396.0,2024,4,19,True,False,False,True,False,False,False,True,False,False,False,False
1.2249626125429778,-0.5611947071661796,151335.0,2024,4,19,False,True,False,False,False,False,False,False,False,False,False,True
1.2249626125429778,-0.30930200076197906,168489.0,2024,4,19,False,True,False,False,False,True,False,True,False,False,False,True
1.2249626125429778,1.6010385401995735,298584.0,2024,4,20,False,False,False,False,True,False,False,True,False,False,False,True
-0.17585234026703933,-1.365110411812954,53660.0,2024,4,20,False,False,True,True,False,False,False,False,False,False,True,False
-1.5766672930770564,-1.0865218362095674,12840.0,2024,4,20,False,False,True,False,False,False,False,False,False,True,False,False
-0.5260560784695436,0.7988408865408655,108424.0,2024,4,20,True,False,False,False,False,False,False,False,True,False,True,False
0.5245551361379692,0.2880511120118859,162687.0,2024,4,20,True,False,False,False,False,False,False,True,False,False,True,False
0.17435139793546492,-1.0365661997873283,79308.0,2024,4,20,False,False,True,False,False,True,False,False,True,False,True,False
1.2249626125429778,-0.42269336597436313,160767.0,2024,4,20,False,True,False,True,False,False,False,True,False,False,False,True
-0.8762598166720479,0.05703933300110803,64479.0,2024,4,20,False,True,False,False,False,False,True,False,False,False,False,False
0.8747588743404735,1.5039025804896642,259528.0,2024,4,20,True,False,False,False,False,True,False,True,False,False,False,True
1.575166350745482,-0.8758623535189611,144340.0,2024,4,20,False,False,True,False,False,True,False,True,False,False,False,True
1.2249626125429778,0.4024997393707724,216963.0,2024,4,20,True,False,False,True,False,False,False,True,False,False,False,True
-0.8762598166720479,-0.060977554102224135,61800.0,2024,4,20,False,True,False,False,True,False,True,False,False,False,False,False
-1.2264635548745522,-1.5268715202278236,19016.0,2024,4,20,False,False,True,False,False,False,False,True,False,False,False,False
0.5245551361379692,1.3620972950900276,219576.0,2024,4,21,True,False,False,False,False,False,False,False,False,False,True,False
-0.8762598166720479,0.45959189528190286,73617.0,2024,4,21,True,False,False,False,True,False,False,True,False,False,False,False
-1.5766672930770564,-1.17295301668614,12186.0,2024,4,21,False,False,True,False,False,True,True,False,False,False,False,False
-0.5260560784695436,-0.1121226104392785,80852.0,2024,4,21,False,True,False,False,False,False,False,False,True,False,True,False
-0.8762598166720479,2.1216079895837003,111345.0,2024,4,21,False,False,False,True,False,False,False,False,False,True,False,False
0.8747588743404735,-0.15599898951912877,159048.0,2024,4,22,False,True,False,False,False,True,False,True,False,False,False,True
-0.5260560784695436,-0.1053825642553256,81056.0,2024,4,22,False,True,False,True,False,False,False,False,True,False,True,False
0.5245551361379692,0.49712470148273863,173761.0,2024,4,22,True,False,False,False,False,True,False,True,False,False,True,False
-0.8762598166720479,-0.5898729428900576,49794.0,2024,4,22,True,False,False,True,False,False,False,False,False,True,False,False
-0.5260560784695436,2.040595277607953,146008.0,2024,4,22,False,False,False,True,False,False,False,False,True,False,True,False
0.5245551361379692,-0.06586739152979781,143941.0,2024,4,22,False,True,False,True,False,False,True,False,False,False,True,False
1.575166350745482,0.175849166714317,223920.0,2024,4,22,False,True,False,False,True,False,True,False,False,False,False,True
0.8747588743404735,1.6236375185810628,266776.0,2024,4,23,False,False,False,False,False,True,True,False,False,False,False,True
0.5245551361379692,-1.6837427912151197,58247.0,2024,4,23,False,False,True,True,False,False,True,False,False,False,True,False
-0.5260560784695436,-0.3537070109150805,73540.0,2024,4,23,True,False,False,True,False,False,False,False,False,False,True,False
-0.17585234026703933,0.7556252963025792,133895.0,2024,4,23,True,False,False,False,False,True,False,False,False,False,True,False
1.575166350745482,0.3151434545160103,234460.0,2024,4,23,True,False,False,False,False,True,False,False,False,False,False,True
-1.2264635548745522,2.1197577808273214,74202.0,2024,4,23,False,False,False,False,True,False,False,True,False,False,False,False
-0.8762598166720479,-1.3006174208763066,33660.0,2024,4,24,False,False,True,True,False,False,False,False,False,True,False,False
-1.5766672930770564,1.7713899035547753,34465.0,2024,4,24,False,False,False,True,False,False,True,False,False,False,False,False
0.8747588743404735,-0.042739782075057464,165904.0,2024,4,24,False,True,False,False,False,False,False,False,False,True,False,True
-1.2264635548745522,-1.363128045288262,21494.0,2024,4,24,False,False,True,False,True,False,False,False,False,False,False,False
-1.2264635548745522,1.4840789152427438,64582.0,2024,4,24,True,False,False,True,False,False,True,False,False,False,False,False
-0.8762598166720479,0.005365645590802454,63306.0,2024,4,24,False,True,False,True,False,False,False,False,True,False,False,False
0.17435139793546492,-0.8496951153930263,87792.0,2024,4,24,False,False,True,False,False,True,False,True,False,False,True,False
-0.8762598166720479,-1.4063436355265482,31260.0,2024,4,24,False,False,True,True,False,False,False,False,False,True,False,False
0.8747588743404735,0.5687542119082772,202920.0,2024,4,24,True,False,False,False,False,True,False,False,True,False,False,True
-0.5260560784695436,-1.4581494807051667,40112.0,2024,4,24,False,False,True,False,False,False,False,False,True,False,True,False
0.8747588743404735,2.1175110987660037,296672.0,2024,4,24,False,False,False,False,True,False,True,False,False,False,False,True
-0.5260560784695436,1.8124909695000566,139104.0,2024,4,24,False,False,False,True,False,False,False,False,False,False,True,False
0.8747588743404735,-0.5830007389377919,133200.0,2024,4,24,False,True,False,False,True,False,False,True,False,False,False,True
-0.17585234026703933,-1.1226009069589624,62835.0,2024,4,24,False,False,True,False,False,True,False,False,True,False,True,False
-1.5766672930770564,-1.0840108386116243,12859.0,2024,4,25,False,False,True,False,True,False,False,True,False,False,False,False
1.575166350745482,-0.015779597339245863,209420.0,2024,4,25,True,False,False,False,False,False,False,False,False,True,False,True
-1.5766672930770564,-0.9474918639444998,13892.0,2024,4,25,True,False,False,True,False,False,False,True,False,False,False,False
-0.17585234026703933,-0.817845093229641,74365.0,2024,4,25,False,False,True,False,False,True,False,False,False,False,True,False
0.17435139793546492,-0.3658655255998583,109758.0,2024,4,25,False,True,False,False,True,False,False,False,False,True,True,False
0.17435139793546492,1.327207644255448,186624.0,2024,4,25,True,False,False,False,True,False,False,False,False,False,True,False
-1.2264635548745522,-1.40925110642943,20796.0,2024,4,25,False,False,True,True,False,False,False,True,False,False,False,False
0.17435139793546492,0.8267261756548667,163902.0,2024,4,26,True,False,False,True,False,False,True,False,False,False,True,False
-0.5260560784695436,-0.07736511737301158,81904.0,2024,4,26,False,True,False,False,True,False,True,False,False,False,True,False
-1.2264635548745522,-1.2025563567882076,23924.0,2024,4,26,False,False,True,False,False,False,False,False,False,False,False,False
0.17435139793546492,-0.12348817851417948,120762.0,2024,4,26,False,True,False,False,False,False,False,True,False,False,True,False
1.575166350745482,0.13276573424434357,220660.0,2024,4,26,False,True,False,True,False,False,False,False,False,False,False,True
1.575166350745482,-1.2099571918137246,119060.0,2024,4,26,False,False,True,False,False,False,False,True,False,False,False,True
-1.5766672930770564,-0.5621198115443692,16808.0,2024,4,27,True,False,False,False,True,False,False,True,False,False,False,False
0.5245551361379692,0.043559240633202226,149737.0,2024,4,27,False,True,False,False,True,False,False,False,False,True,True,False
1.2249626125429778,1.1468122905084732,267651.0,2024,4,27,True,False,False,False,True,False,False,True,False,False,False,True
-0.17585234026703933,0.3295486512621057,117775.0,2024,4,27,True,False,False,False,False,False,False,False,False,True,True,False
1.2249626125429778,-1.3755508755096655,95877.0,2024,4,27,False,False,True,False,True,False,False,False,True,False,False,True
0.17435139793546492,1.3457097318192401,187464.0,2024,4,28,True,False,False,False,True,False,False,True,False,False,True,False
0.17435139793546492,0.22554048759993056,136608.0,2024,4,28,False,True,False,True,False,False,False,False,False,False,True,False
-0.8762598166720479,-0.14767305011542223,59832.0,2024,4,28,True,False,False,False,False,True,False,False,False,False,False,False
0.17435139793546492,-1.225551808474635,70728.0,2024,4,28,False,False,True,True,False,False,False,False,True,False,True,False
-0.17585234026703933,-1.1145392830918814,63140.0,2024,4,28,False,False,True,False,False,False,True,False,False,False,True,False
-1.5766672930770564,-1.500704282101889,9706.0,2024,4,28,False,False,True,False,False,False,False,False,False,True,False,False
-0.8762598166720479,-0.761810199465013,45891.0,2024,4,28,True,False,False,False,True,False,False,False,False,True,False,False
1.2249626125429778,-0.4893008812040153,156231.0,2024,4,28,False,True,False,True,False,False,False,True,False,False,False,True
-1.2264635548745522,-0.07088938672568429,41050.0,2024,4,28,False,True,False,False,False,False,False,False,True,False,False,False
0.5245551361379692,0.35016526311890284,165977.0,2024,4,28,True,False,False,True,False,False,False,True,False,False,True,False
0.8747588743404735,1.2446090390599467,243832.0,2024,4,28,True,False,False,False,False,True,True,False,False,False,False,True
-0.8762598166720479,0.37765407892796565,71757.0,2024,4,28,True,False,False,False,False,False,False,False,True,False,False,False
-1.2264635548745522,0.3401212727271299,47270.0,2024,4,28,False,True,False,False,True,False,False,False,False,False,False,False
-0.8762598166720479,-1.5202636318121836,28674.0,2024,4,28,False,False,True,False,False,False,False,False,False,False,False,False
-0.17585234026703933,-1.3718504579969069,53405.0,2024,4,28,False,False,True,False,False,True,False,False,True,False,True,False
-0.5260560784695436,-1.4223347254923973,41196.0,2024,4,29,False,False,True,True,False,False,False,False,False,False,True,False
-1.2264635548745522,-1.7218042284892066,16066.0,2024,4,29,False,False,True,False,False,False,False,False,True,False,False,False
-1.2264635548745522,-0.04379704422155988,41460.0,2024,4,29,False,True,False,True,False,False,False,False,True,False,False,False
1.2249626125429778,-0.727184864167059,140031.0,2024,4,29,True,False,False,False,True,False,True,False,False,False,False,True
-0.5260560784695436,0.6035117049745442,102512.0,2024,4,29,True,False,False,False,False,True,False,True,False,False,True,False
-0.17585234026703933,0.8324089596923172,136800.0,2024,4,29,True,False,False,False,False,False,False,False,False,False,True,False
-0.17585234026703933,-0.9037476426329624,71115.0,2024,4,29,True,False,False,False,False,True,False,False,False,True,True,False
-1.5766672930770564,-0.4595653833336349,17584.0,2024,4,29,True,False,False,False,True,False,False,True,False,False,False,False
0.17435139793546492,-1.1314554774359202,75000.0,2024,4,29,False,False,True,False,False,False,False,False,False,True,True,False
-0.17585234026703933,-0.8404440716111302,73510.0,2024,4,29,False,False,True,False,False,True,False,True,False,False,True,False
-0.17585234026703933,-0.6987709439798064,78870.0,2024,4,29,True,False,False,True,False,False,False,False,True,False,True,False
-1.5766672930770564,-0.9522495436037607,13856.0,2024,4,29,False,False,True,False,True,False,False,False,True,False,False,False
-1.5766672930770564,-0.5757320616805879,16705.0,2024,4,29,False,True,False,True,False,False,False,False,False,False,False,False
1.575166350745482,0.07805241816284354,216520.0,2024,4,30,False,True,False,False,False,False,False,False,False,True,False,True
-0.5260560784695436,1.494519378939455,129480.0,2024,4,30,True,False,False,False,True,False,False,False,False,False,True,False
-0.8762598166720479,-0.304015690029467,56283.0,2024,4,30,False,True,False,True,False,False,False,False,True,False,False,False
-0.17585234026703933,2.0815641857849214,184060.0,2024,4,30,False,False,False,True,False,False,False,True,False,False,True,False
-0.8762598166720479,0.13897714935504527,66339.0,2024,4,30,False,True,False,False,False,False,False,False,False,False,False,False
0.17435139793546492,-1.1103102345058717,75960.0,2024,4,30,False,False,True,True,False,False,False,False,False,False,True,False
-1.2264635548745522,-0.15441309629937514,39786.0,2024,4,30,True,False,False,False,True,False,False,False,False,True,False,False
-0.8762598166720479,1.8833275333157187,105936.0,2024,5,1,False,False,False,False,False,False,True,False,False,False,False,False
-0.8762598166720479,0.14532072223405976,66483.0,2024,5,1,False,True,False,False,True,False,False,False,False,False,False,False
0.17435139793546492,-0.4633979586147062,105330.0,2024,5,1,True,False,False,False,True,False,False,False,False,True,True,False
0.8747588743404735,-1.2922914814726,90264.0,2024,5,1,False,False,True,True,False,False,False,True,False,False,False,True
-0.5260560784695436,0.188536312472346,89952.0,2024,5,1,False,True,False,False,False,True,False,False,False,False,True,False
-1.2264635548745522,-0.30005095698008294,37582.0,2024,5,1,False,True,False,False,False,True,True,False,False,False,False,False
0.5245551361379692,-0.05489829675983525,144522.0,2024,5,1,False,True,False,False,False,False,True,False,False,False,True,False
-0.8762598166720479,-0.05595555890633766,61914.0,2024,5,1,False,True,False,True,False,False,False,False,True,False,False,False
1.575166350745482,0.09655450572663582,217920.0,2024,5,1,False,True,False,False,False,False,True,False,False,False,False,True
0.8747588743404735,-0.8746729336041459,115544.0,2024,5,1,True,False,False,False,False,False,False,False,False,False,False,True
1.575166350745482,-0.9477561794811254,138900.0,2024,5,1,True,False,False,True,False,False,False,False,False,True,False,True
-1.5766672930770564,1.6757076792963066,33741.0,2024,5,1,False,False,False,False,False,True,False,True,False,False,False,False
-0.8762598166720479,-0.5074064954628692,51666.0,2024,5,2,True,False,False,True,False,False,True,False,False,False,False,False
0.5245551361379692,0.8818359650413051,194138.0,2024,5,2,True,False,False,True,False,False,False,True,False,False,True,False
0.17435139793546492,0.18417510611802354,134730.0,2024,5,2,False,True,False,False,False,False,False,False,False,False,True,False
-1.2264635548745522,1.5477789595695144,65546.0,2024,5,2,True,False,False,False,True,False,True,False,False,False,False,False
0.5245551361379692,-1.5881927247249639,63308.0,2024,5,2,False,False,True,False,False,False,False,False,True,False,True,False
1.2249626125429778,0.9744785606285794,255915.0,2024,5,2,True,False,False,False,True,False,True,False,False,False,False,True
-1.2264635548745522,1.2224065339833958,60622.0,2024,5,2,True,False,False,False,True,False,False,True,False,False,False,False
1.575166350745482,-0.24216585445907565,192290.0,2024,5,2,False,True,False,False,False,False,False,False,False,False,False,True
0.5245551361379692,-0.19776084430597418,136955.0,2024,5,2,False,True,False,False,False,True,False,True,False,False,True,False
-0.8762598166720479,1.7814338939465482,103623.0,2024,5,2,False,False,False,True,False,False,False,False,False,True,False,False
-0.8762598166720479,-0.3566144818179622,55089.0,2024,5,2,False,True,False,False,False,True,False,True,False,False,False,False
-1.2264635548745522,-0.6519870939970746,32256.0,2024,5,2,True,False,False,False,False,True,False,False,False,False,False,False
-0.8762598166720479,-0.5773179549003414,50079.0,2024,5,2,False,True,False,False,False,True,False,False,False,False,False,False
1.575166350745482,2.038612911083261,320262.5,2024,5,2,False,False,False,False,False,True,False,False,False,False,False,True
1.2249626125429778,-0.18176975434012516,177174.0,2024,5,3,False,True,False,True,False,False,False,False,False,True,False,True
-0.8762598166720479,0.31950466087033275,70437.0,2024,5,3,False,True,False,False,True,False,True,False,False,False,False,False
-0.5260560784695436,2.1209472007421364,148440.0,2024,5,3,False,False,False,False,False,False,False,False,False,False,True,False
1.575166350745482,-1.3288991832952464,110060.0,2024,5,3,False,False,True,False,True,False,False,False,True,False,False,True
0.8747588743404735,-0.005603449179160109,168152.0,2024,5,3,False,True,False,False,True,False,True,False,False,False,False,True
-1.2264635548745522,1.731478257524309,68326.0,2024,5,3,False,False,False,False,False,False,False,False,False,False,False,False
-1.2264635548745522,-1.159605082086547,24574.0,2024,5,3,False,False,True,False,True,False,False,True,False,False,False,False
-1.2264635548745522,2.161519635614167,74834.0,2024,5,3,False,False,False,False,False,False,True,False,False,False,False,False
0.17435139793546492,-0.08978794759441497,122292.0,2024,5,3,True,False,False,False,True,False,False,False,False,False,True,False
1.2249626125429778,2.0856610766026185,320262.5,2024,5,3,False,False,False,False,False,False,False,False,False,False,False,True
-0.17585234026703933,1.2300716845455384,151845.0,2024,5,3,True,False,False,False,False,True,False,False,True,False,True,False
-0.17585234026703933,0.20558466458469746,113085.0,2024,5,3,False,True,False,False,False,False,False,False,True,False,True,False
1.575166350745482,1.7608172820897512,320262.5,2024,5,3,False,False,False,False,True,False,False,False,False,True,False,True
-0.17585234026703933,-0.1441047903709766,99855.0,2024,5,4,True,False,False,False,True,False,False,True,False,False,True,False
-1.2264635548745522,-1.4253743541635917,20552.0,2024,5,4,False,False,True,False,False,False,False,True,False,False,False,False
-0.17585234026703933,-0.10670414193845362,101270.0,2024,5,4,False,True,False,False,False,False,False,False,True,False,True,False
1.575166350745482,-0.8763909845922123,144300.0,2024,5,4,True,False,False,False,False,True,False,False,False,False,False,True
-0.8762598166720479,1.1998075556019068,90420.0,2024,5,4,True,False,False,False,False,True,False,False,False,False,False,False
1.2249626125429778,-1.4260351430051557,92439.0,2024,5,4,False,False,True,False,False,False,False,False,True,False,False,True
1.575166350745482,-1.295066794607169,112620.0,2024,5,4,False,False,True,True,False,False,False,False,False,False,False,True
-0.5260560784695436,-0.19247453357346211,78420.0,2024,5,4,False,True,False,False,False,True,False,True,False,False,True,False
0.17435139793546492,-0.3457775448163124,110670.0,2024,5,4,False,True,False,False,False,False,False,False,True,False,True,False
-0.8762598166720479,-0.1665716109841529,59403.0,2024,5,4,True,False,False,True,False,False,False,False,False,False,False,False
0.8747588743404735,0.8326732752289429,218896.0,2024,5,4,True,False,False,False,False,True,False,False,False,False,False,True
0.8747588743404735,-0.3846319287002762,145208.0,2024,5,4,False,True,False,False,False,True,True,False,False,False,False,True
-1.5766672930770564,-0.35635016628133653,18365.0,2024,5,4,False,True,False,True,False,False,False,False,False,False,False,False
1.2249626125429778,0.961394941565612,255024.0,2024,5,4,True,False,False,False,True,False,True,False,False,False,False,True
0.5245551361379692,1.2120982280549972,211631.0,2024,5,5,True,False,False,False,False,False,False,False,False,True,True,False
-1.2264635548745522,0.5325429833905695,50182.0,2024,5,5,True,False,False,True,False,False,False,False,False,False,False,False
1.575166350745482,0.07065158313732663,215960.0,2024,5,5,False,True,False,False,False,False,False,True,False,False,False,True
1.2249626125429778,0.9283554994874115,252774.0,2024,5,5,True,False,False,False,True,False,False,False,True,False,False,True
0.5245551361379692,-0.5631770736908717,117600.0,2024,5,5,True,False,False,False,True,False,False,False,False,False,True,False
-0.5260560784695436,1.223595953898211,121280.0,2024,5,5,True,False,False,False,False,False,False,True,False,False,True,False
-1.5766672930770564,-0.5693884888015733,16753.0,2024,5,5,True,False,False,False,True,False,True,False,False,False,False,False
1.575166350745482,-0.008510920082041754,209970.0,2024,5,5,False,True,False,False,True,False,False,False,True,False,False,True
-0.8762598166720479,0.002326016919608009,63237.0,2024,5,5,False,True,False,False,False,True,False,False,True,False,False,False
-0.17585234026703933,-1.1429532032791339,62065.0,2024,5,5,False,False,True,True,False,False,False,False,True,False,True,False
-0.17585234026703933,2.039934488766389,182485.0,2024,5,5,False,False,False,False,False,False,False,False,False,True,True,False
-1.2264635548745522,-1.1617196063795519,24542.0,2024,5,5,False,False,True,False,True,False,False,False,False,False,False,False
0.17435139793546492,-0.6038816663312147,98952.0,2024,5,5,False,True,False,False,False,False,False,False,False,True,True,False
0.8747588743404735,-1.3867842858162536,84544.0,2024,5,5,False,False,True,True,False,False,False,True,False,False,False,True
0.5245551361379692,-0.2115052522105056,136227.0,2024,5,5,False,True,False,True,False,False,False,False,True,False,True,False
0.5245551361379692,-1.4897351873319262,68523.0,2024,5,6,False,False,True,False,True,False,False,False,False,False,True,False
-1.2264635548745522,0.2938660538176492,46570.0,2024,5,6,True,False,False,False,True,False,False,False,True,False,False,False
-0.17585234026703933,0.07805241816284354,108260.0,2024,5,6,False,True,False,False,True,False,False,False,False,False,True,False
-1.5766672930770564,-1.4210131478092694,10309.0,2024,5,6,False,False,True,True,False,False,False,False,False,True,False,False
0.17435139793546492,-1.0382842507753947,79230.0,2024,5,6,False,False,True,False,True,False,True,False,False,False,True,False
0.8747588743404735,2.049846321389849,292576.0,2024,5,6,False,False,False,True,False,False,False,False,True,False,False,True
-0.5260560784695436,-1.7225971750990834,32108.0,2024,5,6,False,False,True,True,False,False,False,False,False,False,True,False
1.2249626125429778,-0.016043912875871466,188460.0,2024,5,7,False,True,False,False,False,False,False,False,False,True,False,True
-1.5766672930770564,-0.5708422242530141,16742.0,2024,5,7,False,True,False,False,False,False,True,False,False,False,False,False
-1.2264635548745522,1.41456392911021,63530.0,2024,5,7,True,False,False,False,False,False,False,True,False,False,False,False
1.2249626125429778,-1.4192950968212028,92898.0,2024,5,7,False,False,True,True,False,False,False,True,False,False,False,True
0.5245551361379692,0.3717069793538895,167118.0,2024,5,7,True,False,False,False,False,False,False,False,False,False,True,False
0.8747588743404735,-0.8602677368580505,116416.0,2024,5,7,True,False,False,False,False,True,False,False,True,False,False,True
1.575166350745482,-0.410799166826211,179530.0,2024,5,8,True,False,False,True,False,False,False,False,False,False,False,True
1.2249626125429778,-0.7323390171312582,139680.0,2024,5,8,True,False,False,True,False,False,True,False,False,False,False,True
-1.5766672930770564,1.6178225767752994,33303.0,2024,5,8,False,False,False,False,False,False,False,False,True,False,False,False
-1.5766672930770564,1.3558858799793259,31321.0,2024,5,8,True,False,False,False,True,False,False,True,False,False,False,False
0.8747588743404735,-1.1453320431087644,99160.0,2024,5,8,False,False,True,False,False,True,True,False,False,False,False,True
-1.2264635548745522,-0.10036056905943913,40604.0,2024,5,8,False,True,False,False,False,True,False,False,False,False,False,False
0.8747588743404735,-0.6193441252238125,131000.0,2024,5,8,True,False,False,False,False,True,False,True,False,False,False,True
-0.8762598166720479,-0.6148507611011772,49227.0,2024,5,8,True,False,False,False,False,False,False,False,True,False,False,False
-0.8762598166720479,0.2351880046867651,68523.0,2024,5,9,False,True,False,False,True,False,False,False,True,False,False,False
0.8747588743404735,-0.42123963052292235,142992.0,2024,5,9,True,False,False,False,False,True,False,False,True,False,False,True
0.5245551361379692,0.22487969875836655,159341.0,2024,5,9,False,True,False,True,False,False,False,False,False,True,True,False
1.575166350745482,-0.47449921115298155,174710.0,2024,5,9,True,False,False,False,False,True,False,False,False,True,False,True
-1.5766672930770564,0.5017502233736867,24858.0,2024,5,9,False,True,False,False,False,True,False,False,False,True,False,False
-1.2264635548745522,-0.7689467189539043,30486.0,2024,5,9,True,False,False,False,False,True,False,False,False,False,False,False
0.17435139793546492,-0.8627787344559937,87198.0,2024,5,9,False,False,True,False,False,True,False,False,False,False,True,False
1.575166350745482,-0.09626367824174227,203330.0,2024,5,9,False,True,False,False,False,True,False,False,True,False,False,True
0.5245551361379692,-0.23383991505536914,135044.0,2024,5,9,False,True,False,False,True,False,False,False,False,False,True,False
-1.5766672930770564,-1.057579284949064,13059.0,2024,5,9,True,False,False,False,False,True,False,False,True,False,False,False
-0.17585234026703933,0.04593808046283266,107045.0,2024,5,9,False,True,False,True,False,False,False,True,False,False,True,False
-0.8762598166720479,0.15298587279620227,66657.0,2024,5,9,False,True,False,True,False,False,False,False,False,False,False,False
1.575166350745482,-1.421145305577582,103080.0,2024,5,10,False,False,True,False,False,True,False,False,False,False,False,True
-1.2264635548745522,-0.0785545372878268,40934.0,2024,5,10,False,True,False,False,False,False,False,False,False,False,False,False
1.2249626125429778,-0.41383879549740543,161370.0,2024,5,10,True,False,False,False,False,True,False,False,True,False,False,True
-1.2264635548745522,-1.334449809564384,21928.0,2024,5,10,False,False,True,False,False,True,False,False,False,False,False,False
-0.17585234026703933,-0.08291574364214926,102170.0,2024,5,10,False,True,False,False,False,True,False,False,True,False,True,False
0.8747588743404735,-0.9233069923432571,112600.0,2024,5,10,False,False,True,False,False,True,False,True,False,False,False,True
-1.5766672930770564,-0.2746766654640249,18983.0,2024,5,10,True,False,False,False,False,False,False,True,False,False,False,False
-0.17585234026703933,-0.30705531870066144,93690.0,2024,5,10,False,True,False,True,False,False,False,False,True,False,True,False
1.2249626125429778,-0.47859610197067837,156960.0,2024,5,11,True,False,False,False,False,True,False,False,True,False,False,True
1.2249626125429778,1.7033286528736822,305550.0,2024,5,11,False,False,False,False,True,False,False,True,False,False,False,True
1.575166350745482,2.205396014694017,320262.5,2024,5,11,False,False,False,False,False,False,False,False,False,False,False,True
0.17435139793546492,0.1087130204114136,131304.0,2024,5,11,False,True,False,False,True,False,False,False,False,True,True,False
-1.2264635548745522,0.11637817097355611,43884.0,2024,5,11,False,True,False,True,False,False,False,True,False,False,False,False
-0.5260560784695436,-0.5893443118168065,66408.0,2024,5,11,False,True,False,True,False,False,True,False,False,False,True,False
0.5245551361379692,-0.5120320173538173,120309.0,2024,5,12,True,False,False,False,False,True,True,False,False,False,True,False
-0.8762598166720479,1.997115371833041,108519.0,2024,5,12,False,False,False,False,False,False,False,True,False,False,False,False
-0.5260560784695436,1.96592613851122,143748.0,2024,5,12,False,False,False,False,False,False,False,True,False,False,True,False
-0.8762598166720479,0.9516152667104646,84786.0,2024,5,12,True,False,False,False,True,False,False,False,False,True,False,False
-1.2264635548745522,-0.9579323276412112,27626.0,2024,5,12,False,False,True,True,False,False,False,False,False,False,False,False
0.17435139793546492,-1.2238337574865688,70806.0,2024,5,12,False,False,True,False,False,False,True,False,False,False,True,False
1.575166350745482,-1.2778862847265047,113920.0,2024,5,12,False,False,True,False,False,True,False,False,True,False,False,True
1.2249626125429778,-0.1393471107117157,180063.0,2024,5,12,False,True,False,False,False,True,True,False,False,False,False,True
0.8747588743404735,1.8798914313395858,282288.0,2024,5,12,False,False,False,False,True,False,False,False,False,False,False,True
-0.5260560784695436,0.21404276175671677,90724.0,2024,5,12,False,True,False,True,False,False,True,False,False,False,True,False
1.575166350745482,0.020960262251713088,212200.0,2024,5,12,False,True,False,False,True,False,False,False,False,False,False,True
-1.5766672930770564,-0.1594350914952616,19855.0,2024,5,12,True,False,False,False,True,False,False,False,False,False,False,False
0.8747588743404735,-0.562912758154246,134416.0,2024,5,13,False,True,False,True,False,False,False,False,False,False,False,True
-1.2264635548745522,0.46434957494116375,49150.0,2024,5,13,False,True,False,False,True,False,False,False,False,False,False,False
-0.8762598166720479,0.24774299267648128,68808.0,2024,5,13,False,True,False,False,False,False,False,True,False,False,False,False
-1.5766672930770564,-0.5459965638102074,16930.0,2024,5,13,True,False,False,False,False,False,False,True,False,False,False,False
1.575166350745482,2.2096250632800265,320262.5,2024,5,13,False,False,False,False,True,False,False,False,False,False,False,True
-0.8762598166720479,2.016542563775023,108960.0,2024,5,13,False,False,False,False,False,True,False,False,False,True,False,False
-1.5766672930770564,1.6542981208296328,33579.0,2024,5,13,False,False,False,True,False,False,False,False,False,True,False,False
-1.5766672930770564,-1.4051542156117331,10429.0,2024,5,13,False,False,True,True,False,False,False,False,False,True,False,False
1.2249626125429778,0.21813965257441364,204408.0,2024,5,13,False,True,False,False,False,True,False,False,True,False,False,True
0.17435139793546492,-0.3452489137430612,110694.0,2024,5,13,False,True,False,False,False,False,False,False,True,False,True,False
0.5245551361379692,-0.6696962349509901,111958.0,2024,5,13,True,False,False,True,False,False,True,False,False,False,True,False
0.17435139793546492,-0.2722978256343945,114006.0,2024,5,13,True,False,False,False,False,True,True,False,False,False,True,False
1.2249626125429778,-0.8437480158189502,132093.0,2024,5,13,True,False,False,False,False,True,False,False,False,True,False,True
-1.2264635548745522,-1.208239140825658,23838.0,2024,5,14,False,False,True,False,False,True,False,True,False,False,False,False
0.17435139793546492,1.2064154440175467,181140.0,2024,5,14,True,False,False,True,False,False,False,False,False,True,True,False
-1.2264635548745522,-0.265293463913816,38108.0,2024,5,14,True,False,False,False,False,False,False,False,False,False,False,False
1.2249626125429778,2.1479073854779482,320262.5,2024,5,14,False,False,False,False,True,False,False,False,False,False,False,True
1.2249626125429778,-1.409779737502681,93546.0,2024,5,14,False,False,True,True,False,False,True,False,False,False,False,True
-1.2264635548745522,1.120777210150851,59084.0,2024,5,14,True,False,False,True,False,False,False,False,True,False,False,False
0.5245551361379692,-0.8718976204695771,101248.0,2024,5,14,True,False,False,False,False,False,False,False,True,False,True,False
-0.8762598166720479,-0.7667000368925867,45780.0,2024,5,14,True,False,False,False,True,False,False,True,False,False,False,False
-0.5260560784695436,-0.8981970163638247,57060.0,2024,5,15,False,False,True,False,True,False,False,False,False,True,True,False
1.2249626125429778,-0.5260407407949743,153729.0,2024,5,15,False,True,False,True,False,False,False,False,False,True,False,True
0.8747588743404735,-0.6457756788863729,129400.0,2024,5,15,False,True,False,False,False,False,False,True,False,False,False,True
-1.5766672930770564,-0.813880360180257,14903.0,2024,5,15,True,False,False,False,False,False,False,False,False,False,False,False
0.17435139793546492,-0.051330037015389594,124038.0,2024,5,15,False,True,False,True,False,False,True,False,False,False,True,False
1.2249626125429778,-1.2441860538067402,104823.0,2024,5,15,False,False,True,True,False,False,False,False,False,True,False,True
-0.8762598166720479,-0.07287175325037631,61530.0,2024,5,15,False,True,False,False,False,True,False,False,False,True,False,False
0.8747588743404735,0.2622803471908895,184368.0,2024,5,15,False,True,False,False,False,False,False,False,True,False,False,True
0.17435139793546492,-1.1540544558174093,73974.0,2024,5,15,False,False,True,True,False,False,False,True,False,False,True,False
-0.8762598166720479,0.1749240623361274,67155.0,2024,5,15,False,True,False,False,False,False,False,True,False,False,False,False
-0.8762598166720479,-1.2874016440450264,33960.0,2024,5,15,False,False,True,False,False,True,False,False,True,False,False,False
0.17435139793546492,-0.04696883066106713,124236.0,2024,5,15,True,False,False,False,False,True,False,False,False,False,True,False
-0.8762598166720479,1.1390149821780178,89040.0,2024,5,16,True,False,False,False,True,False,False,False,False,True,False,False
-0.8762598166720479,1.3205997558398077,93162.0,2024,5,16,True,False,False,True,False,False,True,False,False,False,False,False
1.2249626125429778,-1.1354202104853042,112230.0,2024,5,16,False,False,True,False,True,False,False,False,True,False,False,True
0.8747588743404735,-0.5116355440488789,137520.0,2024,5,16,False,True,False,True,False,False,False,False,False,True,False,True
-1.5766672930770564,-0.8705760427864491,14474.0,2024,5,16,False,False,True,False,False,False,False,False,False,True,False,False
-0.17585234026703933,2.198788126278377,188495.0,2024,5,16,False,False,False,False,False,True,True,False,False,False,True,False
0.17435139793546492,1.6993639198242982,203520.0,2024,5,16,False,False,False,True,False,False,False,False,True,False,True,False
1.2249626125429778,-1.3353749139425737,98613.0,2024,5,16,False,False,True,False,False,False,False,False,True,False,False,True
1.575166350745482,-0.43035851653650564,178050.0,2024,5,16,False,True,False,True,False,False,False,False,False,True,False,True
-1.5766672930770564,1.575267775378577,32981.0,2024,5,17,True,False,False,False,False,True,True,False,False,False,False,False
-0.5260560784695436,-1.4253743541635917,41104.0,2024,5,17,False,False,True,False,False,True,False,False,True,False,True,False
1.2249626125429778,-0.5831328967061048,149841.0,2024,5,17,True,False,False,False,True,False,True,False,False,False,False,True
-0.5260560784695436,-0.1380255330285877,80068.0,2024,5,17,False,True,False,False,False,False,True,False,False,False,True,False
1.2249626125429778,-0.3439273360599332,166131.0,2024,5,17,False,True,False,False,False,False,False,False,False,False,False,True
0.5245551361379692,-1.0616761757667608,91196.0,2024,5,17,False,False,True,True,False,False,False,False,False,True,True,False
0.17435139793546492,0.6365511470527447,155268.0,2024,5,18,True,False,False,False,False,False,False,False,False,False,True,False
-1.2264635548745522,-1.4927748160031207,19532.0,2024,5,18,False,False,True,True,False,False,False,False,False,False,False,False
-0.17585234026703933,1.7550023402839878,171705.0,2024,5,18,False,False,False,True,False,False,False,False,False,False,True,False
1.575166350745482,-0.8145411490218211,148980.0,2024,5,18,False,False,True,False,True,False,False,True,False,False,False,True
-0.17585234026703933,0.3735571881102688,119440.0,2024,5,18,False,True,False,False,False,False,False,False,True,False,True,False
-1.2264635548745522,-0.661766768852222,32108.0,2024,5,19,False,True,False,True,False,False,False,False,False,True,False,False
-0.8762598166720479,-0.06718896921292583,61659.0,2024,5,19,False,True,False,True,False,False,True,False,False,False,False,False
-0.5260560784695436,-1.2605736170775277,46092.0,2024,5,19,False,False,True,True,False,False,False,False,False,True,True,False
0.8747588743404735,-1.6805710047756124,66760.0,2024,5,19,False,False,True,False,False,False,True,False,False,False,False,True
0.8747588743404735,0.8616158264894465,220648.0,2024,5,19,True,False,False,True,False,False,False,True,False,False,False,True
-1.5766672930770564,-0.5022523424986699,17261.0,2024,5,19,True,False,False,False,False,False,False,False,False,True,False,False
-1.2264635548745522,1.8891424751214818,70712.0,2024,5,19,False,False,False,True,False,False,False,True,False,False,False,False
-0.5260560784695436,1.6085715329934032,132932.0,2024,5,19,False,False,False,False,True,False,False,False,False,True,True,False
-1.2264635548745522,2.226144784319127,75812.0,2024,5,19,False,False,False,False,False,False,True,False,False,False,False,False
1.575166350745482,2.049846321389849,320262.5,2024,5,19,False,False,False,False,False,False,False,False,False,False,False,True
0.17435139793546492,-0.5105782819023764,103188.0,2024,5,19,True,False,False,False,True,False,False,False,False,True,True,False
1.575166350745482,-1.398546327196093,104790.0,2024,5,19,False,False,True,False,False,True,False,False,False,True,False,True
-0.8762598166720479,1.9646045608280918,107781.0,2024,5,19,False,False,False,False,False,True,False,False,True,False,False,False
0.17435139793546492,0.7102951817712883,158616.0,2024,5,19,True,False,False,False,False,False,False,False,True,False,True,False
1.2249626125429778,0.33932832611725305,212661.0,2024,5,20,True,False,False,False,False,True,False,True,False,False,False,True
1.575166350745482,-0.8844526084592933,143690.0,2024,5,20,True,False,False,False,False,False,False,False,False,True,False,True
-0.17585234026703933,0.6485775039692097,129845.0,2024,5,20,True,False,False,False,True,False,True,False,False,False,True,False
0.17435139793546492,-0.24903805841134136,115062.0,2024,5,20,False,True,False,False,True,False,False,True,False,False,True,False
-0.17585234026703933,-1.322423452647919,55275.0,2024,5,20,False,False,True,True,False,False,False,False,False,False,True,False
-0.8762598166720479,1.0278702990269513,86517.0,2024,5,20,True,False,False,False,False,True,False,True,False,False,False,False
-0.5260560784695436,-1.5222459983368757,38172.0,2024,5,20,False,False,True,False,True,False,False,False,False,False,True,False
-1.2264635548745522,1.7038572839469335,67908.0,2024,5,20,False,False,False,False,False,True,False,False,True,False,False,False
0.17435139793546492,1.915045397710791,213312.0,2024,5,20,False,False,False,False,False,False,False,True,False,False,True,False
1.2249626125429778,-0.03428168490303814,187218.0,2024,5,21,False,True,False,False,False,True,False,False,False,True,False,True
-1.2264635548745522,-0.42824399224350085,35642.0,2024,5,21,True,False,False,False,False,True,False,True,False,False,False,False
-0.17585234026703933,-0.004678344800970496,105130.0,2024,5,21,False,True,False,False,False,True,False,True,False,False,True,False
0.5245551361379692,-0.9444522352733054,97405.0,2024,5,21,True,False,False,False,True,False,False,False,True,False,True,False
0.5245551361379692,1.6237696763493754,233436.0,2024,5,21,False,False,False,False,False,True,False,False,True,False,True,False
1.2249626125429778,-0.026748692109208425,187731.0,2024,5,21,True,False,False,False,True,False,False,False,False,False,False,True
-0.17585234026703933,-1.0185927432967872,66770.0,2024,5,21,True,False,False,False,True,False,False,False,False,True,True,False
-1.2264635548745522,-0.534895311271932,34028.0,2024,5,21,True,False,False,False,False,True,True,False,False,False,False,False
-0.8762598166720479,0.24020999988265157,68637.0,2024,5,21,False,True,False,False,True,False,False,False,True,False,False,False
-0.17585234026703933,-0.8342326565004285,73745.0,2024,5,21,False,False,True,False,False,False,False,False,False,True,True,False
1.2249626125429778,-1.2000453591902644,107829.0,2024,5,21,False,False,True,False,True,False,False,False,True,False,False,True
-1.5766672930770564,0.1679197006155489,22332.0,2024,5,21,False,True,False,False,False,True,False,True,False,False,False,False
1.2249626125429778,-1.457224376326977,90315.0,2024,5,22,False,False,True,False,True,False,False,True,False,False,False,True
0.8747588743404735,-1.3294278143684974,88016.0,2024,5,22,False,False,True,False,False,True,False,False,False,False,False,True
-0.8762598166720479,-0.6813261185625166,47718.0,2024,5,22,True,False,False,True,False,False,False,False,False,False,False,False
1.2249626125429778,0.10606986504515756,196776.0,2024,5,22,False,True,False,True,False,False,False,False,True,False,False,True
-1.2264635548745522,1.4213039752941627,63632.0,2024,5,22,True,False,False,False,True,False,True,False,False,False,False,False
0.8747588743404735,-1.0707950617803441,103672.0,2024,5,22,False,False,True,False,False,False,True,False,False,False,False,True
-1.2264635548745522,-0.31379536488461435,37374.0,2024,5,22,True,False,False,True,False,False,False,False,True,False,False,False
-0.17585234026703933,-0.17423676154629544,98715.0,2024,5,22,False,True,False,False,False,False,False,False,False,False,True,False
1.2249626125429778,0.3006061000016021,210024.0,2024,5,22,False,True,False,False,False,False,False,False,False,False,False,True
0.8747588743404735,-0.6675817106579852,128080.0,2024,5,23,True,False,False,False,False,True,False,False,True,False,False,True
-1.2264635548745522,2.0068950466881885,72494.0,2024,5,23,False,False,False,True,False,False,True,False,False,False,False,False
-1.2264635548745522,-0.9102233732802897,28348.0,2024,5,23,True,False,False,True,False,False,False,False,False,False,False,False
-1.2264635548745522,-0.22194571590721696,38764.0,2024,5,23,False,True,False,False,True,False,False,False,False,True,False,False
0.17435139793546492,0.07646652494308992,129840.0,2024,5,23,False,True,False,True,False,False,False,False,True,False,True,False
0.5245551361379692,0.39998874177282917,168616.0,2024,5,23,False,True,False,False,False,False,True,False,False,False,True,False
-0.17585234026703933,0.028625412813855604,106390.0,2024,5,23,False,True,False,False,False,False,False,False,False,False,True,False
0.5245551361379692,0.11994643071800178,153783.0,2024,5,23,False,True,False,False,False,False,False,True,False,False,True,False
-1.2264635548745522,-0.7940566949333367,30106.0,2024,5,24,True,False,False,True,False,False,False,False,False,False,False,False
-0.8762598166720479,-0.10815787738989445,60729.0,2024,5,24,False,True,False,False,True,False,False,False,True,False,False,False
0.8747588743404735,-1.0364340420190155,105752.0,2024,5,24,True,False,False,False,False,True,False,False,False,False,False,True
0.17435139793546492,-0.239258383556194,115506.0,2024,5,24,False,True,False,False,False,False,True,False,False,False,True,False
-1.2264635548745522,-0.3218569887516952,37252.0,2024,5,24,False,True,False,True,False,False,False,False,False,False,False,False
-0.17585234026703933,0.39866716408970115,120390.0,2024,5,24,False,True,False,True,False,False,True,False,False,False,True,False
1.2249626125429778,0.6280930498807253,232326.0,2024,5,24,True,False,False,False,True,False,False,False,True,False,False,True
-1.2264635548745522,-0.2536635803022894,38284.0,2024,5,24,False,True,False,True,False,False,False,False,False,True,False,False
0.8747588743404735,-0.1713292906434138,158120.0,2024,5,24,False,True,False,False,True,False,False,False,True,False,False,True
1.2249626125429778,-1.1338343172655505,112338.0,2024,5,24,False,False,True,False,False,True,False,False,False,False,False,True
-0.8762598166720479,-0.330711559228653,55677.0,2024,5,24,False,True,False,True,False,False,False,False,False,False,False,False
1.575166350745482,-0.5343666801986808,170180.0,2024,5,24,True,False,False,True,False,False,False,False,False,False,False,True
1.2249626125429778,-1.4015859558672874,94104.0,2024,5,25,False,False,True,True,False,False,False,False,False,True,False,True
1.575166350745482,1.9866749081363297,320262.5,2024,5,25,False,False,False,False,False,False,False,False,False,True,False,True
-1.5766672930770564,0.947386218124455,28230.0,2024,5,25,True,False,False,False,True,False,False,True,False,False,False,False
0.17435139793546492,1.5491005372526423,196698.0,2024,5,25,True,False,False,False,True,False,False,False,False,True,True,False
-1.2264635548745522,-0.2054259948681167,39014.0,2024,5,25,False,True,False,False,False,False,False,False,False,True,False,False
0.17435139793546492,-0.6078463993805987,98772.0,2024,5,25,False,True,False,False,False,True,False,True,False,False,True,False
-0.17585234026703933,0.5012215923004355,124270.0,2024,5,25,False,True,False,False,True,False,False,False,True,False,True,False
-1.2264635548745522,0.621617319233398,51530.0,2024,5,25,True,False,False,False,False,True,False,False,True,False,False,False
0.17435139793546492,-1.6857251577398116,49836.0,2024,5,25,False,False,True,True,False,False,False,False,False,False,True,False
1.2249626125429778,0.051356548963657545,193050.0,2024,5,25,False,True,False,False,False,False,False,False,True,False,False,True
1.575166350745482,1.6018314868094503,320262.5,2024,5,25,False,False,False,False,False,False,False,False,False,False,False,True
0.5245551361379692,-0.05555908560139926,144487.0,2024,5,25,False,True,False,False,True,False,False,False,False,False,True,False
-0.5260560784695436,-0.7016784148826881,63008.0,2024,5,25,True,False,False,True,False,False,True,False,False,False,True,False
-0.8762598166720479,1.2411729370838138,91359.0,2024,5,26,True,False,False,False,False,False,False,False,False,False,False,False
0.8747588743404735,-0.058730872040906504,164936.0,2024,5,26,False,True,False,False,False,True,False,False,False,True,False,True
-1.5766672930770564,0.5780052556901735,25435.0,2024,5,26,True,False,False,True,False,False,False,True,False,False,False,False
-1.2264635548745522,0.2213114390139209,45472.0,2024,5,26,False,True,False,False,True,False,True,False,False,False,False,False
-0.17585234026703933,0.9898088617528644,142755.0,2024,5,26,True,False,False,True,False,False,False,False,False,False,True,False
0.17435139793546492,-0.057277136589465684,123768.0,2024,5,26,False,True,False,False,False,False,True,False,False,False,True,False
0.5245551361379692,0.8407348990960237,191961.0,2024,5,26,True,False,False,False,False,False,False,True,False,False,True,False
0.5245551361379692,-0.39692260115336675,126406.0,2024,5,26,False,True,False,True,False,False,True,False,False,False,True,False
-1.5766672930770564,-0.9030868537913983,14228.0,2024,5,26,False,False,True,False,False,True,True,False,False,False,False,False
-0.5260560784695436,2.083678710077926,147312.0,2024,5,26,False,False,False,False,False,False,True,False,False,False,True,False
0.5245551361379692,0.2082278199509535,158459.0,2024,5,26,False,True,False,False,True,False,True,False,False,False,True,False
0.17435139793546492,0.36034141127898855,142728.0,2024,5,26,False,True,False,False,False,True,False,True,False,False,True,False
-0.17585234026703933,-0.9905752964144733,67830.0,2024,5,26,False,False,True,True,False,False,False,False,False,True,True,False
-0.5260560784695436,-0.6189476519188741,65512.0,2024,5,26,True,False,False,False,False,False,False,False,False,True,True,False
-0.17585234026703933,-0.8109728892773753,74625.0,2024,5,26,False,False,True,False,False,True,False,False,False,False,True,False
-0.8762598166720479,-0.8576245814917944,43716.0,2024,5,27,True,False,False,False,True,False,False,True,False,False,False,False
0.8747588743404735,0.7816603766602013,215808.0,2024,5,27,True,False,False,True,False,False,False,False,False,False,False,True
-0.5260560784695436,-0.49643740069290665,69220.0,2024,5,27,True,False,False,False,False,False,False,True,False,False,True,False
-0.17585234026703933,-0.36824436542948874,91375.0,2024,5,27,True,False,False,False,False,True,False,False,True,False,True,False
-1.5766672930770564,1.6376462420222198,33453.0,2024,5,27,False,False,False,False,True,False,False,False,False,True,False,False
-0.17585234026703933,-0.3358657121928523,92600.0,2024,5,27,False,True,False,True,False,False,False,False,False,True,True,False
0.5245551361379692,-0.9132630019514841,99057.0,2024,5,27,True,False,False,False,False,True,False,False,True,False,True,False
1.2249626125429778,-0.2740158766224609,170892.0,2024,5,27,False,True,False,False,False,False,False,False,False,False,False,True
1.575166350745482,-0.007982289008790545,210010.0,2024,5,28,False,True,False,False,False,False,False,False,False,True,False,True
0.5245551361379692,-0.14925894333517586,139524.0,2024,5,28,False,True,False,True,False,False,False,True,False,False,True,False
-1.2264635548745522,-1.272335658457367,22868.0,2024,5,28,False,False,True,False,False,True,False,False,False,True,False,False
0.5245551361379692,1.8530634043720868,245581.0,2024,5,28,False,False,False,False,True,False,False,False,False,False,True,False
0.17435139793546492,-1.6039194991541872,53550.0,2024,5,28,False,False,True,False,False,False,True,False,False,False,True,False
0.8747588743404735,-0.4022089118858789,144144.0,2024,5,28,False,True,False,False,False,False,False,True,False,False,False,True
0.17435139793546492,1.9113449801980327,213144.0,2024,5,29,False,False,False,False,True,False,True,False,False,False,True,False
-1.5766672930770564,-0.40947758914308297,17963.0,2024,5,29,True,False,False,False,False,False,True,False,False,False,False,False
-0.17585234026703933,-0.27613040091546576,94860.0,2024,5,29,False,True,False,False,True,False,True,False,False,False,True,False
0.8747588743404735,0.28025380368143055,185456.0,2024,5,29,False,True,False,False,True,False,False,False,False,False,False,True
-0.17585234026703933,0.3538656806316613,118695.0,2024,5,29,True,False,False,False,False,True,False,False,False,True,True,False
-0.8762598166720479,0.33483496199461776,70785.0,2024,5,29,False,True,False,False,False,False,False,False,False,False,False,False
-0.17585234026703933,-0.5822077923279151,83280.0,2024,5,29,True,False,False,True,False,False,False,False,False,False,True,False
0.17435139793546492,-0.21163740997881839,116760.0,2024,5,29,False,True,False,False,True,False,False,True,False,False,True,False
1.2249626125429778,0.3279627580423521,211887.0,2024,5,29,True,False,False,False,False,False,False,False,False,False,False,True
1.2249626125429778,-0.050933563710451185,186084.0,2024,5,29,False,True,False,True,False,False,False,False,True,False,False,True
0.8747588743404735,-1.3146261443174636,88912.0,2024,5,30,False,False,True,False,True,False,False,False,False,False,False,True
-0.17585234026703933,0.19937324947399576,112850.0,2024,5,30,False,True,False,False,True,False,False,False,True,False,True,False
-0.5260560784695436,-0.9028225382547728,56920.0,2024,5,30,False,False,True,False,False,True,True,False,False,False,True,False
0.17435139793546492,-0.18018386112037152,118188.0,2024,5,30,False,True,False,True,False,False,False,True,False,False,True,False
-0.8762598166720479,0.8982235283120926,83574.0,2024,5,30,True,False,False,False,False,False,False,False,False,True,False,False
0.5245551361379692,-0.6674495528896724,112077.0,2024,5,31,True,False,False,False,False,True,False,False,False,False,True,False
1.575166350745482,-0.4259973101821832,178380.0,2024,5,31,False,True,False,False,True,False,False,False,True,False,False,True
1.575166350745482,-1.478633934793651,98730.0,2024,5,31,False,False,True,False,True,False,False,False,False,False,False,True
-0.17585234026703933,0.042369820718387005,106910.0,2024,5,31,False,True,False,False,True,False,False,False,False,False,True,False
0.5245551361379692,0.24536415284685084,160426.0,2024,5,31,False,True,False,False,False,False,False,True,False,False,True,False
0.17435139793546492,-0.881280822019786,86358.0,2024,5,31,True,False,False,False,True,False,False,False,True,False,True,False
0.5245551361379692,-1.2350671677931568,82012.0,2024,5,31,False,False,True,True,False,False,False,False,True,False,True,False
-0.5260560784695436,0.06589390347806576,86240.0,2024,5,31,False,True,False,False,False,False,False,False,False,True,True,False
-0.8762598166720479,-0.20198989289198385,58599.0,2024,6,1,False,True,False,False,False,True,True,False,False,False,False,False
-0.17585234026703933,0.06470448356325054,107755.0,2024,6,1,False,True,False,True,False,False,False,True,False,False,True,False
-0.8762598166720479,-0.6378462127876048,48705.0,2024,6,1,False,True,False,False,False,False,False,False,False,True,False,False
1.575166350745482,0.34791858105758516,236940.0,2024,6,1,False,True,False,False,False,True,False,False,False,True,False,True
0.8747588743404735,-0.31181299835992227,149616.0,2024,6,1,False,True,False,False,True,False,False,False,False,False,False,True
0.17435139793546492,-1.0315442045914418,79536.0,2024,6,1,False,False,True,False,False,True,False,False,False,False,True,False
1.575166350745482,-0.39150413265254186,180990.0,2024,6,1,False,True,False,False,True,False,False,False,True,False,False,True
-1.5766672930770564,-1.6698662255422754,8426.0,2024,6,1,False,False,True,False,False,False,False,True,False,False,False,False
0.17435139793546492,2.234206408186208,227802.0,2024,6,1,False,False,False,False,True,False,False,False,True,False,True,False
1.2249626125429778,0.6685333269844428,235080.0,2024,6,1,True,False,False,False,False,False,False,False,False,False,False,True
-0.8762598166720479,1.522668983590082,97749.0,2024,6,1,True,False,False,False,True,False,True,False,False,False,False,False
-0.17585234026703933,-1.2780184424948176,56955.0,2024,6,1,False,False,True,True,False,False,False,False,False,True,True,False
-1.2264635548745522,-1.1183718583729527,25198.0,2024,6,2,False,False,True,True,False,False,False,True,False,False,False,False
-1.2264635548745522,0.5953179233391505,51132.0,2024,6,2,True,False,False,False,True,False,False,True,False,False,False,False
-0.17585234026703933,1.9680406628042246,179765.0,2024,6,2,False,False,False,True,False,False,False,False,False,True,True,False
1.575166350745482,0.5416618694041528,251600.0,2024,6,2,True,False,False,False,False,False,False,False,False,False,False,True
0.17435139793546492,-0.9300470385272099,84144.0,2024,6,2,False,False,True,False,False,True,True,False,False,False,True,False
-1.5766672930770564,1.782226840556425,34547.0,2024,6,2,False,False,False,False,False,True,False,False,True,False,False,False
-0.8762598166720479,-0.10154998897425435,60879.0,2024,6,2,False,True,False,True,False,False,False,False,False,True,False,False
0.8747588743404735,-0.989385876499658,108600.0,2024,6,2,False,False,True,False,True,False,False,False,False,False,False,True
0.8747588743404735,-0.2830026048677315,151360.0,2024,6,2,True,False,False,True,False,False,False,False,False,False,False,True
-1.2264635548745522,1.7379539881716364,68424.0,2024,6,2,False,False,False,False,True,False,False,False,False,True,False,False
-0.5260560784695436,-0.757845466415629,61308.0,2024,6,2,True,False,False,False,False,True,False,True,False,False,True,False
-0.17585234026703933,-1.1163894918482606,63070.0,2024,6,2,False,False,True,False,False,True,True,False,False,False,True,False
1.575166350745482,-1.5307040955088949,94790.0,2024,6,3,False,False,True,True,False,False,False,False,True,False,False,True
0.8747588743404735,-0.0382464179524222,166176.0,2024,6,3,False,True,False,False,False,False,False,False,True,False,False,True
-1.2264635548745522,0.6829385237305382,52458.0,2024,6,3,True,False,False,False,False,False,True,False,False,False,False,False
0.17435139793546492,-0.8989899629737015,85554.0,2024,6,3,True,False,False,False,True,False,False,False,True,False,True,False
0.8747588743404735,2.0692735133318307,293752.0,2024,6,3,False,False,False,False,False,False,True,False,False,False,False,True
0.17435139793546492,-0.6214586495168173,98154.0,2024,6,4,True,False,False,True,False,False,False,False,False,True,True,False
-0.8762598166720479,-0.17582265476604905,59193.0,2024,6,4,False,True,False,False,True,False,False,False,False,True,False,False
-1.5766672930770564,0.9935092792656228,28579.0,2024,6,4,True,False,False,True,False,False,False,False,True,False,False,False
-0.17585234026703933,-0.476217262141048,87290.0,2024,6,4,False,True,False,False,False,True,False,False,False,False,True,False
-1.5766672930770564,-0.8400475983061918,14705.0,2024,6,4,True,False,False,False,False,True,False,False,False,False,False,False
-0.17585234026703933,-0.5021201847303571,86310.0,2024,6,4,False,True,False,False,True,False,False,False,False,True,True,False
0.5245551361379692,1.9134595044910374,248780.0,2024,6,4,False,False,False,False,False,True,False,False,False,True,True,False
0.17435139793546492,-0.5104461241340637,103194.0,2024,6,4,True,False,False,False,False,True,False,False,False,False,True,False
0.5245551361379692,2.093458384933074,258314.0,2024,6,4,False,False,False,False,False,False,True,False,False,False,True,False
0.5245551361379692,-0.3069231609323486,131173.0,2024,6,4,False,True,False,True,False,False,False,False,False,True,True,False
-0.8762598166720479,0.06536527240481456,64668.0,2024,6,4,False,True,False,True,False,False,False,False,True,False,False,False
1.2249626125429778,-0.2989936948335805,169191.0,2024,6,4,True,False,False,True,False,False,False,True,False,False,False,True
0.8747588743404735,-0.8910604968749334,114552.0,2024,6,4,False,False,True,False,True,False,False,False,False,True,False,True
0.5245551361379692,1.6634170068432161,235536.0,2024,6,4,False,False,False,True,False,False,False,False,False,True,True,False
-0.8762598166720479,-1.1367417881684323,37380.0,2024,6,4,False,False,True,False,False,True,True,False,False,False,False,False
1.575166350745482,0.30774261949049336,233900.0,2024,6,5,True,False,False,False,True,False,False,False,True,False,False,True
-1.2264635548745522,-1.1733494899910784,24366.0,2024,6,5,False,False,True,True,False,False,False,False,False,False,False,False
0.8747588743404735,-0.4500500240151132,141248.0,2024,6,5,True,False,False,False,False,False,False,False,False,True,False,True
1.575166350745482,0.3446146368497651,236690.0,2024,6,5,True,False,False,False,True,False,False,False,True,False,False,True
-0.8762598166720479,1.7749581632992208,103476.0,2024,6,5,False,False,False,True,False,False,False,False,True,False,False,False
0.5245551361379692,-0.7431759541329079,108066.0,2024,6,5,True,False,False,False,False,False,True,False,False,False,True,False
0.8747588743404735,1.8646932879836136,281368.0,2024,6,5,False,False,False,False,False,False,False,True,False,False,False,True
-0.8762598166720479,-0.05569124336971206,61920.0,2024,6,5,False,True,False,False,False,False,False,False,True,False,False,False
1.2249626125429778,-0.6496082541674442,145314.0,2024,6,5,False,True,False,False,True,False,False,False,False,False,False,True
-1.5766672930770564,-0.8795627710317195,14406.0,2024,6,5,True,False,False,True,False,False,False,False,False,False,False,False
1.575166350745482,-0.14199026607797174,199870.0,2024,6,5,False,True,False,False,False,False,True,False,False,False,False,True
0.5245551361379692,1.2446090390599467,213353.0,2024,6,6,True,False,False,False,True,False,False,True,False,False,True,False
-1.5766672930770564,-1.2552873063450156,11563.0,2024,6,6,False,False,True,False,True,False,False,False,True,False,False,False
-1.5766672930770564,0.08624619979823726,21714.0,2024,6,6,False,True,False,True,False,False,False,True,False,False,False,False
0.5245551361379692,0.442807858706177,170884.0,2024,6,6,False,True,False,False,False,True,False,False,True,False,True,False
0.8747588743404735,0.4165084628119294,193704.0,2024,6,6,True,False,False,True,False,False,False,False,False,False,False,True
-1.2264635548745522,-0.48916872343570256,34720.0,2024,6,6,True,False,False,False,False,True,False,False,False,False,False,False
0.8747588743404735,1.5989240159065687,265280.0,2024,6,6,False,False,False,True,False,False,True,False,False,False,False,True
-0.5260560784695436,0.17888879538551145,89660.0,2024,6,6,False,True,False,True,False,False,False,False,True,False,True,False
-1.5766672930770564,1.028134614563577,28841.0,2024,6,6,True,False,False,True,False,False,False,False,False,False,False,False
1.575166350745482,2.222840840111307,320262.5,2024,6,6,False,False,False,False,False,False,False,False,True,False,False,True
0.5245551361379692,2.104031006398098,258874.0,2024,6,6,False,False,False,True,False,False,False,True,False,False,True,False
1.2249626125429778,-0.6484188342526289,145395.0,2024,6,6,True,False,False,True,False,False,True,False,False,False,False,True
1.2249626125429778,0.9857119709351675,256680.0,2024,6,6,True,False,False,False,False,False,False,False,False,False,False,True
-1.2264635548745522,2.1134142079483067,74106.0,2024,6,6,False,False,False,False,False,False,False,False,False,False,False,False
-0.8762598166720479,-0.35714311289121337,55077.0,2024,6,7,True,False,False,False,False,True,False,False,False,False,False,False
0.8747588743404735,1.168221848975147,239208.0,2024,6,7,True,False,False,False,False,True,True,False,False,False,False,True
1.575166350745482,1.4240792884287317,318370.0,2024,6,7,True,False,False,False,False,True,False,False,False,True,False,True
0.5245551361379692,-0.2789057140500346,132657.0,2024,6,7,False,True,False,True,False,False,False,True,False,False,True,False
-0.5260560784695436,-0.0989068336079983,81252.0,2024,6,7,False,True,False,False,True,False,False,False,False,False,True,False
-0.8762598166720479,-1.2459041047948067,34902.0,2024,6,7,False,False,True,False,False,True,True,False,False,False,False,False
-1.2264635548745522,2.028040289618237,72814.0,2024,6,7,False,False,False,True,False,False,False,False,False,True,False,False
-0.5260560784695436,0.4624993661847845,98244.0,2024,6,7,False,True,False,False,True,False,False,False,True,False,True,False
-0.17585234026703933,1.3034192459591434,154620.0,2024,6,7,True,False,False,False,False,True,False,True,False,False,True,False
-1.5766672930770564,-1.6573112375525592,8521.0,2024,6,7,False,False,True,False,False,False,False,False,False,False,False,False
1.575166350745482,-0.8199596175226459,148570.0,2024,6,7,True,False,False,False,True,False,True,False,False,False,False,True
-0.17585234026703933,1.9461024732642995,178935.0,2024,6,8,False,False,False,False,False,False,False,False,True,False,True,False
-0.17585234026703933,-1.5625541176722801,46190.0,2024,6,8,False,False,True,False,True,False,False,False,True,False,True,False
0.8747588743404735,1.6977780266045446,271264.0,2024,6,8,False,False,False,False,True,False,True,False,False,False,False,True
-1.2264635548745522,0.20426308690156944,45214.0,2024,6,8,False,True,False,False,True,False,True,False,False,False,False,False
-0.8762598166720479,-0.9375800313210396,41901.0,2024,6,8,True,False,False,False,False,True,False,False,False,True,False,False
-0.17585234026703933,-0.9839674079988332,68080.0,2024,6,8,False,False,True,True,False,False,False,False,True,False,True,False
0.17435139793546492,-1.099605455272535,76446.0,2024,6,8,False,False,True,False,False,True,False,False,True,False,True,False
0.8747588743404735,0.3097249860151854,187240.0,2024,6,8,False,True,False,False,True,False,False,True,False,False,False,True
-0.17585234026703933,1.4637266189225724,160685.0,2024,6,9,True,False,False,False,False,True,False,False,True,False,True,False
0.17435139793546492,0.7054053443437145,158394.0,2024,6,9,True,False,False,False,False,False,False,True,False,False,True,False
1.2249626125429778,-1.005376966465507,121086.0,2024,6,9,False,False,True,False,False,True,False,True,False,False,False,True
0.5245551361379692,-0.2257782911882882,135471.0,2024,6,9,False,True,False,True,False,False,True,False,False,False,True,False
-1.5766672930770564,1.3960618415464177,31625.0,2024,6,9,True,False,False,False,False,True,False,False,True,False,False,False
-1.2264635548745522,-1.6344479436344446,17388.0,2024,6,9,False,False,True,False,False,False,False,False,False,True,False,False
-0.8762598166720479,-0.1990824219891022,58665.0,2024,6,9,False,True,False,False,True,False,False,False,False,False,False,False
-0.8762598166720479,-0.04696883066106713,62118.0,2024,6,9,True,False,False,False,True,False,True,False,False,False,False,False
0.5245551361379692,0.6913966209025575,184051.0,2024,6,9,True,False,False,False,False,False,False,False,False,True,True,False
-1.5766672930770564,1.2197633786171398,30291.0,2024,6,9,True,False,False,False,False,True,False,False,False,False,False,False
-0.5260560784695436,2.167070261883304,149836.0,2024,6,9,False,False,False,True,False,False,False,False,False,True,True,False
-0.5260560784695436,-0.34247360060849236,73880.0,2024,6,9,False,True,False,False,True,False,False,False,True,False,True,False
0.5245551361379692,1.053376748311322,203224.0,2024,6,10,True,False,False,False,False,False,False,True,False,False,True,False
1.2249626125429778,-0.46802348050565423,157680.0,2024,6,10,True,False,False,False,False,False,True,False,False,False,False,True
-0.8762598166720479,0.9422320651602557,84573.0,2024,6,10,True,False,False,False,True,False,True,False,False,False,False,False
-0.17585234026703933,-0.14331184376109976,99885.0,2024,6,10,False,True,False,False,False,False,False,False,False,False,True,False
-1.2264635548745522,-1.6612759706019433,16982.0,2024,6,10,False,False,True,False,False,False,False,False,False,True,False,False
0.17435139793546492,-1.5921574577743478,54084.0,2024,6,10,False,False,True,False,True,False,False,False,True,False,True,False
-0.17585234026703933,2.1974665485952487,188445.0,2024,6,10,False,False,False,False,True,False,False,False,False,False,True,False
-0.5260560784695436,1.5465895396546991,131056.0,2024,6,10,True,False,False,False,False,True,False,False,False,True,True,False
-0.17585234026703933,0.8762853387721675,138460.0,2024,6,10,True,False,False,False,False,True,False,False,False,False,True,False
-0.5260560784695436,-1.6122454385578937,35448.0,2024,6,10,False,False,True,False,False,False,True,False,False,False,True,False
-0.5260560784695436,-0.013532915277928229,83836.0,2024,6,10,False,True,False,True,False,False,False,False,True,False,True,False
0.5245551361379692,-1.0158174301622185,93625.0,2024,6,10,False,False,True,False,True,False,False,False,True,False,True,False
0.5245551361379692,-0.5281552650879792,119455.0,2024,6,10,True,False,False,True,False,False,False,True,False,False,True,False
0.17435139793546492,-0.4956444540830298,103866.0,2024,6,11,True,False,False,True,False,False,True,False,False,False,True,False
1.2249626125429778,-1.2987672121199274,101106.0,2024,6,11,False,False,True,False,False,False,True,False,False,False,False,True
0.5245551361379692,2.0542075277441714,256235.0,2024,6,11,False,False,False,True,False,False,False,False,False,False,True,False
-0.8762598166720479,-0.9143202640979865,42429.0,2024,6,11,False,False,True,False,False,True,False,False,False,False,False,False
-0.8762598166720479,2.13337003096354,111612.0,2024,6,11,False,False,False,False,True,False,False,True,False,False,False,False
0.8747588743404735,1.6130648971160386,266136.0,2024,6,11,False,False,False,False,False,True,True,False,False,False,False,True
-1.2264635548745522,1.5682634136579987,65856.0,2024,6,11,True,False,False,True,False,False,False,False,True,False,False,False
0.17435139793546492,-0.4464817642706675,106098.0,2024,6,11,True,False,False,False,False,False,False,False,True,False,True,False
-0.8762598166720479,-1.598765346189988,26892.0,2024,6,11,False,False,True,False,False,False,False,False,False,True,False,False
-0.17585234026703933,1.2352258375097376,152040.0,2024,6,11,True,False,False,True,False,False,False,False,True,False,True,False
-0.8762598166720479,-0.8235278772670915,44490.0,2024,6,11,False,False,True,True,False,False,False,False,True,False,False,False
-0.17585234026703933,0.4895917086889089,123830.0,2024,6,11,True,False,False,False,False,True,False,False,False,False,True,False
1.2249626125429778,-0.6879340069781568,142704.0,2024,6,12,True,False,False,False,True,False,False,False,True,False,False,True
0.8747588743404735,-0.04855472388082075,165552.0,2024,6,12,False,True,False,False,False,False,True,False,False,False,False,True
0.17435139793546492,1.9861462770630784,216540.0,2024,6,12,False,False,False,True,False,False,True,False,False,False,True,False
-0.8762598166720479,-0.915377526244489,42405.0,2024,6,12,False,False,True,True,False,False,False,False,False,False,False,False
-0.8762598166720479,1.929847067761825,106992.0,2024,6,12,False,False,False,False,True,False,True,False,False,False,False,False
0.5245551361379692,0.014616689372698593,148204.0,2024,6,13,False,True,False,False,False,True,False,False,False,False,True,False
1.2249626125429778,0.9665490945298112,255375.0,2024,6,13,True,False,False,True,False,False,False,False,False,True,False,True
-0.8762598166720479,-1.0385485663120204,39609.0,2024,6,13,True,False,False,False,False,False,True,False,False,False,False,False
1.2249626125429778,-0.9732626287654962,123273.0,2024,6,13,True,False,False,False,False,True,True,False,False,False,False,True
1.575166350745482,-1.6689411211640859,84330.0,2024,6,13,False,False,True,False,False,True,False,False,False,False,False,True
-1.5766672930770564,-1.595990033055419,8985.0,2024,6,13,False,False,True,False,False,True,False,False,True,False,False,False
-0.5260560784695436,0.5217060463889198,100036.0,2024,6,13,True,False,False,True,False,False,False,False,True,False,True,False
1.575166350745482,-1.3793834507907368,106240.0,2024,6,13,False,False,True,True,False,False,True,False,False,False,False,True
0.8747588743404735,-0.6437933123616809,129520.0,2024,6,13,True,False,False,False,False,False,False,False,False,False,False,True
0.5245551361379692,-1.4358148178603032,71379.0,2024,6,13,False,False,True,False,False,False,False,False,False,False,True,False
-1.2264635548745522,0.3802972342942217,47878.0,2024,6,13,True,False,False,False,True,False,True,False,False,False,False,False
-0.17585234026703933,-1.3060358893771316,55895.0,2024,6,13,False,False,True,False,False,True,False,False,False,True,True,False
-0.8762598166720479,-0.7332641215094478,46539.0,2024,6,13,True,False,False,True,False,False,False,True,False,False,False,False
1.575166350745482,-0.31683499355580874,186640.0,2024,6,13,True,False,False,False,False,True,False,False,True,False,False,True
-0.17585234026703933,-0.2467913763500237,95970.0,2024,6,13,True,False,False,False,True,False,False,False,False,True,True,False
0.17435139793546492,-0.3897860816644755,108672.0,2024,6,14,False,True,False,True,False,False,False,False,True,False,True,False
-0.5260560784695436,-0.40960974691139573,71848.0,2024,6,14,True,False,False,False,False,True,False,False,False,False,True,False
1.2249626125429778,-1.3093398335849515,100386.0,2024,6,14,False,False,True,False,True,False,False,False,False,True,False,True
0.17435139793546492,-0.1657786643742761,118842.0,2024,6,14,True,False,False,True,False,False,False,False,True,False,True,False
-1.5766672930770564,2.0189214036046534,36338.0,2024,6,14,False,False,False,False,False,True,False,False,True,False,False,False
1.2249626125429778,0.8906905355182629,250209.0,2024,6,14,True,False,False,False,True,False,False,True,False,False,False,True
-0.8762598166720479,-1.3964318029030882,31485.0,2024,6,14,False,False,True,True,False,False,False,False,False,False,False,False
-0.5260560784695436,-1.572069476990802,36664.0,2024,6,15,False,False,True,False,False,False,True,False,False,False,True,False
-0.5260560784695436,-0.879959244336658,57612.0,2024,6,15,False,False,True,True,False,False,True,False,False,False,True,False
-1.5766672930770564,1.5788360351230228,33008.0,2024,6,15,False,False,False,True,False,False,True,False,False,False,False,False
-0.8762598166720479,0.25672972092175184,69012.0,2024,6,15,True,False,False,False,True,False,False,False,False,False,False,False
1.575166350745482,0.5277853037313087,250550.0,2024,6,15,True,False,False,True,False,False,False,False,False,True,False,True
1.575166350745482,0.41214725645760697,241800.0,2024,6,15,False,True,False,False,False,False,False,False,True,False,False,True
1.575166350745482,-1.6505711913686063,85720.0,2024,6,16,False,False,True,False,False,False,False,False,True,False,False,True
-1.2264635548745522,-0.5177148013912678,34288.0,2024,6,16,False,True,False,False,False,False,False,False,False,False,False,False
1.575166350745482,0.40620015688353084,241350.0,2024,6,16,False,True,False,False,False,False,False,False,False,True,False,True
0.8747588743404735,0.5517058597959258,201888.0,2024,6,16,True,False,False,False,False,True,False,False,False,True,False,True
-0.5260560784695436,1.4146960868785228,127064.0,2024,6,16,True,False,False,False,False,False,False,False,True,False,True,False
-1.5766672930770564,-0.8027791076419817,14987.0,2024,6,16,False,False,True,True,False,False,False,False,True,False,False,False
-0.8762598166720479,-0.22168140037059134,58152.0,2024,6,16,True,False,False,True,False,False,False,False,False,False,False,False
-1.2264635548745522,-0.4822965194834368,34824.0,2024,6,17,True,False,False,False,True,False,False,False,False,False,False,False
0.17435139793546492,-0.6579341935711507,96498.0,2024,6,17,True,False,False,False,False,False,False,False,False,False,True,False
-1.5766672930770564,-1.3267846590022414,11022.0,2024,6,17,False,False,True,True,False,False,False,False,False,True,False,False
0.8747588743404735,-0.1302282246981324,160608.0,2024,6,17,False,True,False,False,False,True,False,False,True,False,False,True
0.17435139793546492,0.4634244705629741,147408.0,2024,6,17,True,False,False,False,True,False,True,False,False,False,True,False
-0.5260560784695436,0.5098118472407676,99676.0,2024,6,17,True,False,False,True,False,False,False,False,False,True,True,False
-0.17585234026703933,-0.13538237766233166,100185.0,2024,6,17,True,False,False,False,False,True,False,False,True,False,True,False
0.5245551361379692,-0.02027296146188113,146356.0,2024,6,17,False,True,False,False,False,False,True,False,False,False,True,False
0.8747588743404735,-1.5416731902788574,75168.0,2024,6,17,False,False,True,False,False,True,True,False,False,False,False,True
1.575166350745482,-0.21467703865001284,194370.0,2024,6,17,False,True,False,False,True,False,True,False,False,False,False,True
-1.2264635548745522,-1.3240093458676727,22086.0,2024,6,17,False,False,True,False,False,False,True,False,False,False,False,False
1.2249626125429778,0.15668629030896072,200223.0,2024,6,17,False,True,False,False,False,True,False,False,True,False,False,True
1.575166350745482,-1.4524666966677162,100710.0,2024,6,17,False,False,True,True,False,False,False,False,True,False,False,True
0.17435139793546492,-0.20066831520885584,117258.0,2024,6,18,True,False,False,True,False,False,False,False,False,True,True,False
1.2249626125429778,-0.56026960278799,151398.0,2024,6,18,True,False,False,True,False,False,False,False,False,True,False,True
-1.5766672930770564,-1.4831272989162863,9839.0,2024,6,18,False,False,True,False,True,False,False,False,False,True,False,False
1.2249626125429778,-0.18295917425494038,177093.0,2024,6,18,False,True,False,False,False,False,False,False,True,False,False,True
-0.5260560784695436,-0.306658845395723,74964.0,2024,6,18,False,True,False,False,True,False,True,False,False,False,True,False
-0.5260560784695436,-0.21018367452737757,77884.0,2024,6,18,True,False,False,False,True,False,False,True,False,False,True,False
-0.8762598166720479,0.21615728604972162,68091.0,2024,6,18,False,True,False,False,False,False,False,False,True,False,False,False
-1.5766672930770564,-0.5458644060418946,16931.0,2024,6,18,True,False,False,True,False,False,False,False,True,False,False,False
0.17435139793546492,-0.13353216890595243,120306.0,2024,6,18,False,True,False,False,False,True,False,False,True,False,True,False
-0.5260560784695436,1.9466311043375506,143164.0,2024,6,18,False,False,False,False,True,False,False,False,False,True,True,False
-0.5260560784695436,-1.6472672471607863,34388.0,2024,6,18,False,False,True,True,False,False,False,False,True,False,True,False
1.575166350745482,1.712844012192204,320262.5,2024,6,19,False,False,False,False,True,False,False,False,True,False,False,True
0.5245551361379692,-0.3297864548504634,129962.0,2024,6,19,True,False,False,False,True,False,False,True,False,False,True,False
0.8747588743404735,-0.6096966081369779,131584.0,2024,6,19,True,False,False,False,False,False,True,False,False,False,False,True
-1.2264635548745522,-0.5586837095682364,33668.0,2024,6,19,False,True,False,False,True,False,True,False,False,False,False,False
-0.17585234026703933,-0.25604242013191986,95620.0,2024,6,19,True,False,False,True,False,False,False,False,True,False,True,False
0.5245551361379692,-0.15229857200637031,139363.0,2024,6,19,False,True,False,False,True,False,False,False,False,False,True,False
0.8747588743404735,-0.2054259948681167,156056.0,2024,6,19,False,True,False,False,True,False,False,False,False,True,False,True
0.8747588743404735,-0.10895082399977125,161896.0,2024,6,19,True,False,False,False,False,False,True,False,False,False,False,True
-1.2264635548745522,-0.029127531938838862,41682.0,2024,6,19,False,True,False,False,True,False,True,False,False,False,False,False
1.575166350745482,-0.8557743727354152,145860.0,2024,6,19,True,False,False,False,False,True,True,False,False,False,False,True
0.17435139793546492,0.7118810749910418,158688.0,2024,6,19,True,False,False,True,False,False,True,False,False,False,True,False
-0.8762598166720479,1.840904889687309,104973.0,2024,6,19,False,False,False,False,False,True,False,False,True,False,False,False
-0.8762598166720479,-0.3315045058385298,55659.0,2024,6,19,True,False,False,True,False,False,True,False,False,False,False,False
-0.17585234026703933,1.5488362217160168,163905.0,2024,6,19,True,False,False,False,False,True,False,True,False,False,True,False
-0.17585234026703933,2.2309024639783877,189710.0,2024,6,19,False,False,False,False,False,False,False,False,False,True,True,False
1.2249626125429778,-0.03401736936641254,187236.0,2024,6,20,True,False,False,False,False,True,False,False,True,False,False,True
1.2249626125429778,0.4654068370876661,221247.0,2024,6,20,False,True,False,False,True,False,False,False,False,False,False,True
-0.5260560784695436,1.1338608292138186,118564.0,2024,6,20,True,False,False,False,False,True,False,False,True,False,True,False
-0.5260560784695436,1.4320087545274998,127588.0,2024,6,20,True,False,False,True,False,False,True,False,False,False,True,False
1.575166350745482,1.5298055030789732,320262.5,2024,6,20,True,False,False,False,False,False,True,False,False,False,False,True
0.5245551361379692,0.6119698021465635,179844.0,2024,6,20,True,False,False,False,False,True,False,False,True,False,True,False
-1.5766672930770564,2.114603627863122,37062.0,2024,6,20,False,False,False,False,False,True,False,False,True,False,False,False
-0.5260560784695436,0.364702617633311,95284.0,2024,6,20,False,True,False,False,False,True,False,True,False,False,True,False
0.17435139793546492,1.9846925416116377,216474.0,2024,6,20,False,False,False,False,False,True,False,False,False,False,True,False
-1.5766672930770564,-1.0690770107922776,12972.0,2024,6,20,False,False,True,False,True,False,False,False,True,False,False,False
1.2249626125429778,-0.544278512822141,152487.0,2024,6,21,True,False,False,False,False,True,False,False,False,True,False,True
-0.5260560784695436,2.2117395875730317,151188.0,2024,6,21,False,False,False,False,False,False,False,False,True,False,True,False
-0.5260560784695436,-0.454807703674374,70480.0,2024,6,21,True,False,False,False,False,False,False,True,False,False,True,False
-0.17585234026703933,0.048316920292463095,107135.0,2024,6,21,False,True,False,False,False,False,True,False,False,False,True,False
-0.8762598166720479,0.07184100305214185,64815.0,2024,6,21,False,True,False,False,True,False,False,True,False,False,False,False
-1.2264635548745522,0.27880006822998976,46342.0,2024,6,21,True,False,False,False,False,True,False,False,False,False,False,False
0.17435139793546492,-0.8378009162448742,88332.0,2024,6,21,True,False,False,False,False,False,False,False,False,False,True,False
0.17435139793546492,0.2628089782641407,138300.0,2024,6,21,False,True,False,False,False,True,True,False,False,False,True,False
0.5245551361379692,-0.33388334566816025,129745.0,2024,6,21,False,True,False,False,True,False,False,True,False,False,True,False
-0.5260560784695436,-1.254362201966826,46280.0,2024,6,21,False,False,True,True,False,False,False,False,False,True,True,False
0.5245551361379692,-0.13987574178496692,140021.0,2024,6,22,False,True,False,False,True,False,True,False,False,False,True,False
-0.5260560784695436,0.1750562201044402,89544.0,2024,6,22,False,True,False,False,False,False,False,True,False,False,True,False
-0.5260560784695436,0.9746107183968922,113744.0,2024,6,22,True,False,False,False,False,False,False,True,False,False,True,False
1.575166350745482,-1.1968735727507571,120050.0,2024,6,22,False,False,True,False,False,True,False,False,True,False,False,True
1.575166350745482,1.6479545479506181,320262.5,2024,6,22,False,False,False,False,False,True,True,False,False,False,False,True
1.2249626125429778,-0.2638397284623752,171585.0,2024,6,22,False,True,False,True,False,False,True,False,False,False,False,True
-0.8762598166720479,1.9261466502490665,106908.0,2024,6,22,False,False,False,False,False,False,True,False,False,False,False,False
0.8747588743404735,2.0906830717985048,295048.0,2024,6,22,False,False,False,False,False,False,True,False,False,False,False,True
1.575166350745482,-0.6293881156155855,162990.0,2024,6,22,False,True,False,False,False,True,False,True,False,False,False,True
0.8747588743404735,0.11347070007067447,175360.0,2024,6,22,False,True,False,True,False,False,False,True,False,False,False,True
0.5245551361379692,-0.05040493263719998,144760.0,2024,6,23,False,True,False,False,False,True,False,False,False,True,True,False
1.2249626125429778,0.34791858105758516,213246.0,2024,6,23,True,False,False,False,False,True,False,False,True,False,False,True
0.8747588743404735,0.817871605177909,218000.0,2024,6,23,True,False,False,False,False,False,False,True,False,False,False,True
-1.5766672930770564,0.09906550332457906,21811.0,2024,6,23,False,True,False,False,False,False,False,False,False,False,False,False
0.8747588743404735,2.0460137461087777,292344.0,2024,6,23,False,False,False,True,False,False,False,False,False,True,False,True
0.17435139793546492,1.8732835429239456,211416.0,2024,6,23,False,False,False,True,False,False,False,False,True,False,True,False
0.8747588743404735,-1.2087677718989094,95320.0,2024,6,23,False,False,True,False,False,False,False,False,True,False,False,True
-1.2264635548745522,1.2357544685829889,60824.0,2024,6,23,True,False,False,False,True,False,False,False,False,True,False,False
-1.2264635548745522,-0.011947022058174604,41942.0,2024,6,23,False,True,False,False,True,False,False,False,False,True,False,False
-0.5260560784695436,-1.3648460962763285,42936.0,2024,6,24,False,False,True,False,False,True,False,False,False,True,True,False
-0.17585234026703933,0.5532917530156795,126240.0,2024,6,24,True,False,False,False,False,True,True,False,False,False,True,False
1.2249626125429778,-1.1791644317968417,109251.0,2024,6,24,False,False,True,False,True,False,False,False,False,True,False,True
0.17435139793546492,0.6933789874272496,157848.0,2024,6,24,True,False,False,True,False,False,True,False,False,False,True,False
0.8747588743404735,-0.11397281919565773,161592.0,2024,6,24,True,False,False,False,False,True,False,False,False,False,False,True
-0.5260560784695436,0.3732928725736432,95544.0,2024,6,25,False,True,False,False,False,True,True,False,False,False,True,False
1.2249626125429778,0.10276592083733752,196551.0,2024,6,25,False,True,False,True,False,False,False,False,False,True,False,True
0.17435139793546492,-0.8621179456144298,87228.0,2024,6,25,True,False,False,True,False,False,False,False,False,False,True,False
0.8747588743404735,0.34686131891108274,189488.0,2024,6,25,False,True,False,False,True,False,False,False,False,True,False,True
1.575166350745482,-1.3229520837211701,110510.0,2024,6,25,False,False,True,False,False,False,False,False,True,False,False,True
0.17435139793546492,1.9455738421910482,214698.0,2024,6,25,False,False,False,False,False,True,False,False,False,False,True,False
0.5245551361379692,-0.08688047669153333,142828.0,2024,6,25,False,True,False,False,False,False,False,False,False,True,True,False
-1.5766672930770564,0.20981371317070713,22649.0,2024,6,25,False,True,False,False,True,False,False,True,False,False,False,False
1.575166350745482,1.5697171491094395,320262.5,2024,6,26,True,False,False,True,False,False,False,False,False,False,False,True
0.5245551361379692,-0.0714180177989355,143647.0,2024,6,26,False,True,False,True,False,False,False,True,False,False,True,False
-1.2264635548745522,1.9336796430428962,71386.0,2024,6,26,False,False,False,True,False,False,False,False,False,True,False,False
-0.8762598166720479,-0.9525138591403863,41562.0,2024,6,26,True,False,False,False,False,True,False,False,True,False,False,False
0.8747588743404735,-0.37564520045500566,145752.0,2024,6,26,False,True,False,False,False,True,False,True,False,False,False,True
0.5245551361379692,-0.7581097819522545,107275.0,2024,6,26,True,False,False,False,False,True,False,True,False,False,True,False
1.2249626125429778,0.33192749109173614,212157.0,2024,6,26,True,False,False,True,False,False,False,False,True,False,False,True
-1.5766672930770564,-1.5402194548274166,9407.0,2024,6,27,False,False,True,False,False,False,False,False,False,False,False,False
-0.8762598166720479,-0.5490361924814019,50721.0,2024,6,27,False,True,False,False,False,True,True,False,False,False,False,False
0.8747588743404735,-0.5944984647810058,132504.0,2024,6,27,False,True,False,True,False,False,False,True,False,False,False,True
-0.5260560784695436,-1.1265656400083466,50148.0,2024,6,27,False,False,True,True,False,False,False,False,False,False,True,False
1.575166350745482,-0.839254651696315,147110.0,2024,6,27,False,False,True,False,False,False,True,False,False,False,False,True
1.2249626125429778,0.35650883599791733,213831.0,2024,6,27,False,True,False,False,False,False,False,True,False,False,False,True
-0.8762598166720479,-0.18639527623107321,58953.0,2024,6,27,True,False,False,False,True,False,False,False,False,False,False,False
-0.5260560784695436,0.16461575640772882,89228.0,2024,6,27,False,True,False,False,False,False,True,False,False,False,True,False
0.8747588743404735,2.07865671488204,294320.0,2024,6,27,False,False,False,False,True,False,False,False,True,False,False,True
0.8747588743404735,0.6315291518568582,206720.0,2024,6,27,True,False,False,False,False,False,False,False,False,False,False,True
0.5245551361379692,-1.192248050859809,84280.0,2024,6,28,False,False,True,False,False,True,True,False,False,False,True,False
0.8747588743404735,-0.2524741603874742,153208.0,2024,6,28,False,True,False,False,False,True,True,False,False,False,False,True
0.5245551361379692,-1.0181962699918488,93499.0,2024,6,28,True,False,False,False,False,True,False,True,False,False,True,False
1.2249626125429778,0.5721903138844101,228519.0,2024,6,28,True,False,False,False,True,False,False,True,False,False,False,True
0.5245551361379692,2.1761891478968876,262696.0,2024,6,28,False,False,False,False,True,False,False,False,False,True,True,False
-1.2264635548745522,-0.5193006946110214,34264.0,2024,6,28,True,False,False,False,False,False,False,False,False,False,False,False
-0.8762598166720479,1.8513453533840205,105210.0,2024,6,28,False,False,False,False,False,True,True,False,False,False,False,False
0.8747588743404735,-0.6400928948489224,129744.0,2024,6,28,True,False,False,False,True,False,False,False,False,False,False,True
0.17435139793546492,-0.23661522818993797,115626.0,2024,6,28,False,True,False,False,False,True,False,False,False,False,True,False
-1.5766672930770564,-0.3977155477632436,18052.0,2024,6,28,True,False,False,False,True,False,False,True,False,False,False,False
0.8747588743404735,1.441788429382647,255768.0,2024,6,28,True,False,False,True,False,False,False,False,True,False,False,True
1.2249626125429778,-0.8031755809469201,134856.0,2024,6,28,True,False,False,True,False,False,False,True,False,False,False,True
-0.17585234026703933,1.7523591849177318,171605.0,2024,6,28,False,False,False,False,False,True,False,False,True,False,True,False
-1.2264635548745522,-0.2128268298936336,38902.0,2024,6,28,False,True,False,False,False,False,False,False,True,False,False,False
-0.8762598166720479,-0.584983105462484,49905.0,2024,6,29,False,True,False,False,True,False,False,False,False,True,False,False
0.8747588743404735,-1.074231163756477,103464.0,2024,6,29,False,False,True,False,False,True,False,True,False,False,False,True
1.2249626125429778,-0.43498403842745376,159930.0,2024,6,29,True,False,False,True,False,False,False,False,True,False,False,True
-1.2264635548745522,-1.3033927340108755,22398.0,2024,6,29,False,False,True,False,False,False,False,False,False,False,False,False
1.575166350745482,-0.6638812931452268,160380.0,2024,6,29,True,False,False,False,True,False,False,False,False,False,False,True
-0.5260560784695436,0.26531997586208395,92276.0,2024,6,29,False,True,False,False,False,True,False,True,False,False,True,False
-1.5766672930770564,-0.6089036615271012,16454.0,2024,6,29,True,False,False,False,True,False,False,False,True,False,False,False
-0.5260560784695436,0.9853154976302291,114068.0,2024,6,29,True,False,False,False,False,True,False,False,True,False,True,False
-0.8762598166720479,-1.4142731016253165,31080.0,2024,6,29,False,False,True,True,False,False,True,False,False,False,False,False
0.17435139793546492,-0.7160836116287835,93858.0,2024,6,29,True,False,False,False,False,True,True,False,False,False,True,False
1.2249626125429778,0.28739032317032187,209124.0,2024,6,29,False,True,False,True,False,False,False,False,True,False,False,True
-0.5260560784695436,-0.02569142996270601,83468.0,2024,6,29,False,True,False,False,False,False,False,False,False,True,True,False
-1.5766672930770564,-1.0265222093955555,13294.0,2024,6,29,False,False,True,False,False,False,False,False,True,False,False,False
0.8747588743404735,0.09800824117807665,174424.0,2024,6,30,False,True,False,False,True,False,False,False,False,True,False,True
0.17435139793546492,-0.35714311289121337,110154.0,2024,6,30,False,True,False,False,True,False,False,True,False,False,True,False
-0.17585234026703933,-0.020669434766819535,104525.0,2024,6,30,False,True,False,True,False,False,False,False,True,False,True,False
1.575166350745482,-1.540615928132355,94040.0,2024,6,30,False,False,True,False,False,False,False,False,True,False,False,True
0.17435139793546492,0.016070424824139416,127098.0,2024,6,30,False,True,False,False,False,True,False,False,False,True,True,False
0.17435139793546492,-0.9399588711506701,83694.0,2024,6,30,False,False,True,False,True,False,False,False,False,True,True,False
1.575166350745482,-0.03560326258616616,207920.0,2024,6,30,True,False,False,True,False,False,False,False,False,False,False,True
-0.5260560784695436,-1.1811467983215338,48496.0,2024,6,30,False,False,True,False,True,False,False,True,False,False,True,False
1.575166350745482,-0.5346309957353065,170160.0,2024,6,30,True,False,False,False,False,False,False,True,False,False,False,True
-0.5260560784695436,-0.5830007389377919,66600.0,2024,6,30,False,True,False,False,True,False,False,True,False,False,True,False
0.8747588743404735,1.2380011506443065,243432.0,2024,6,30,True,False,False,False,False,True,False,True,False,False,False,True
-1.5766672930770564,0.11743543312005854,21950.0,2024,7,1,False,True,False,True,False,False,False,False,False,True,False,False
-0.17585234026703933,-1.1181075428363272,63005.0,2024,7,1,False,False,True,False,True,False,True,False,False,False,True,False
-0.17585234026703933,-0.6432646812884296,80970.0,2024,7,1,False,True,False,False,False,True,False,False,False,True,True,False
-0.5260560784695436,1.1398079287878946,118744.0,2024,7,1,True,False,False,False,True,False,False,True,False,False,True,False
1.575166350745482,0.27272081088760086,231250.0,2024,7,1,False,True,False,False,False,False,False,True,False,False,False,True
-1.5766672930770564,1.6476902324139926,33529.0,2024,7,1,False,False,False,True,False,False,False,False,True,False,False,False
-1.5766672930770564,0.012898638384632167,21159.0,2024,7,1,False,True,False,False,False,True,False,True,False,False,False,False
-0.8762598166720479,-0.4238827858891784,53562.0,2024,7,1,True,False,False,False,False,True,False,True,False,False,False,False
-1.2264635548745522,-1.2648026656635374,22982.0,2024,7,1,False,False,True,True,False,False,False,False,False,True,False,False
-0.5260560784695436,-1.1967414149824442,48024.0,2024,7,1,False,False,True,True,False,False,False,True,False,False,True,False
-0.5260560784695436,-0.07644001299482198,81932.0,2024,7,1,False,True,False,False,False,False,True,False,False,False,True,False
-0.17585234026703933,0.3805615498308473,119705.0,2024,7,2,False,True,False,False,True,False,False,False,False,True,True,False
0.5245551361379692,-0.4873185146793233,121618.0,2024,7,2,False,True,False,True,False,False,False,False,False,False,True,False
1.2249626125429778,-0.009171708923605764,188928.0,2024,7,2,False,True,False,True,False,False,False,True,False,False,False,True
-1.5766672930770564,1.9906396411857137,36124.0,2024,7,2,False,False,False,True,False,False,False,False,True,False,False,False
1.575166350745482,0.8376952704248293,274000.0,2024,7,2,True,False,False,False,False,True,True,False,False,False,False,True
-0.17585234026703933,-1.050046292155234,65580.0,2024,7,2,False,False,True,True,False,False,False,False,False,True,True,False
-0.17585234026703933,1.9838995950017608,180365.0,2024,7,2,False,False,False,True,False,False,False,False,True,False,True,False
-0.8762598166720479,1.4250043928069214,95532.0,2024,7,2,True,False,False,False,False,True,False,True,False,False,False,False
-1.5766672930770564,-0.1263956494170611,20105.0,2024,7,2,False,True,False,False,False,False,False,False,False,False,False,False
0.5245551361379692,-0.24176938115413724,134624.0,2024,7,2,False,True,False,False,False,False,False,False,False,False,True,False
-0.17585234026703933,2.2146470584759133,189095.0,2024,7,2,False,False,False,False,True,False,False,False,False,False,True,False
-1.2264635548745522,-0.2523420026191614,38304.0,2024,7,2,True,False,False,False,False,True,False,True,False,False,False,False
0.17435139793546492,0.8078276147861361,163044.0,2024,7,3,True,False,False,True,False,False,False,False,False,True,True,False
0.5245551361379692,-0.20991935899075198,136311.0,2024,7,3,True,False,False,False,False,True,False,True,False,False,True,False
-1.5766672930770564,1.9689657671824143,35960.0,2024,7,3,False,False,False,False,True,False,False,True,False,False,False,False
1.575166350745482,0.7492817234235648,267310.0,2024,7,3,True,False,False,False,False,True,False,False,False,True,False,True
1.575166350745482,0.48575913340783766,247370.0,2024,7,3,False,True,False,False,False,True,False,False,True,False,False,True
-1.2264635548745522,-0.6493439386308185,32296.0,2024,7,3,True,False,False,True,False,False,True,False,False,False,False,False
1.2249626125429778,-0.8610606834679273,130914.0,2024,7,3,True,False,False,True,False,False,False,True,False,False,False,True
-0.17585234026703933,-0.34181281176692835,92375.0,2024,7,3,False,True,False,True,False,False,True,False,False,False,True,False
0.5245551361379692,0.35241194518022045,166096.0,2024,7,3,True,False,False,False,True,False,True,False,False,False,True,False
-0.8762598166720479,1.2081334950056133,90609.0,2024,7,3,True,False,False,False,False,True,False,False,False,False,False,False
-1.5766672930770564,0.43844665235185454,24379.0,2024,7,3,True,False,False,True,False,False,False,False,True,False,False,False
0.5245551361379692,-0.49709818953447066,121100.0,2024,7,4,True,False,False,True,False,False,False,False,False,True,True,False
-0.8762598166720479,-0.47793531312911436,52335.0,2024,7,4,False,True,False,False,False,False,False,True,False,False,False,False
-0.5260560784695436,-0.9352011914914092,55940.0,2024,7,4,False,False,True,False,False,True,True,False,False,False,True,False
0.8747588743404735,-0.45150375946655397,141160.0,2024,7,4,True,False,False,False,False,True,False,True,False,False,False,True
-1.5766672930770564,0.05743580630604644,21496.0,2024,7,4,False,True,False,False,False,True,False,False,False,True,False,False
0.8747588743404735,-0.5507542434694682,135152.0,2024,7,4,False,True,False,False,False,True,False,False,True,False,False,True
0.5245551361379692,-0.9304435118321484,98147.0,2024,7,5,True,False,False,False,False,False,False,False,True,False,True,False
-1.5766672930770564,1.5509507460090215,32797.0,2024,7,5,True,False,False,False,False,True,False,False,False,False,False,False
-1.2264635548745522,1.5879549211366062,66154.0,2024,7,5,False,False,False,False,True,False,False,False,False,True,False,False
1.575166350745482,-0.623705331578135,163420.0,2024,7,5,True,False,False,False,True,False,False,True,False,False,False,True
-1.5766672930770564,-1.3195159817450375,11077.0,2024,7,5,False,False,True,False,False,False,False,False,False,False,False,False
0.17435139793546492,2.232091883893203,227706.0,2024,7,5,False,False,False,True,False,False,False,False,False,True,True,False
0.17435139793546492,1.2582212891961653,183492.0,2024,7,5,True,False,False,False,False,True,False,False,False,True,True,False
0.5245551361379692,-0.6070534527707219,115276.0,2024,7,5,False,True,False,False,False,False,False,False,False,True,True,False
-1.5766672930770564,-0.5707100664847014,16743.0,2024,7,5,True,False,False,True,False,False,False,True,False,False,False,False
-1.2264635548745522,0.16976990937192812,44692.0,2024,7,6,False,True,False,False,False,False,False,True,False,False,False,False
0.8747588743404735,1.4313479656859358,255136.0,2024,7,6,True,False,False,True,False,False,False,True,False,False,False,True
0.17435139793546492,-0.6509298318505722,96816.0,2024,7,6,True,False,False,False,False,False,False,False,True,False,True,False
0.8747588743404735,1.1698077421949007,239304.0,2024,7,6,True,False,False,True,False,False,False,False,False,False,False,True
-1.2264635548745522,-0.02754163871908524,41706.0,2024,7,6,False,True,False,True,False,False,False,False,False,False,False,False
0.5245551361379692,-0.7472728449506049,107849.0,2024,7,7,True,False,False,False,False,True,False,True,False,False,True,False
1.575166350745482,-1.1799573784067185,121330.0,2024,7,7,False,False,True,False,True,False,False,True,False,False,False,True
-1.2264635548745522,1.9039441451725156,70936.0,2024,7,7,False,False,False,True,False,False,False,True,False,False,False,False
-1.2264635548745522,2.0996698000437752,73898.0,2024,7,7,False,False,False,False,False,True,False,True,False,False,False,False
-0.8762598166720479,-0.043532728684934276,62196.0,2024,7,7,False,True,False,False,True,False,False,False,False,False,False,False
-0.8762598166720479,-0.3155134158726807,56022.0,2024,7,7,True,False,False,True,False,False,False,False,False,True,False,False
-0.17585234026703933,0.3752752390983352,119505.0,2024,7,7,False,True,False,False,True,False,False,True,False,False,True,False
0.8747588743404735,-1.6283686862920557,69920.0,2024,7,7,False,False,True,False,False,False,False,True,False,False,False,True
1.575166350745482,-0.334676292278037,185290.0,2024,7,7,False,True,False,False,False,False,False,False,False,False,False,True
1.2249626125429778,-0.19591063554959495,176211.0,2024,7,7,False,True,False,False,False,True,False,True,False,False,False,True
-1.2264635548745522,0.5711330517379077,50766.0,2024,7,7,True,False,False,False,True,False,False,False,True,False,False,False
0.17435139793546492,-0.4242792591941168,107106.0,2024,7,7,True,False,False,False,False,True,False,False,True,False,True,False
0.17435139793546492,-0.2667471993652568,114258.0,2024,7,7,False,True,False,False,False,False,False,False,False,False,True,False
-1.5766672930770564,-0.06811407359111545,20546.0,2024,7,7,False,True,False,False,True,False,True,False,False,False,False,False
-0.5260560784695436,-1.3060358893771316,44716.0,2024,7,7,False,False,True,True,False,False,False,False,False,True,True,False
1.2249626125429778,-0.8105764159724369,134352.0,2024,7,8,False,False,True,False,False,True,False,False,True,False,False,True
-1.5766672930770564,-0.08621968784996932,20409.0,2024,7,8,False,True,False,True,False,False,False,False,False,True,False,False
-0.17585234026703933,-1.2248910196330711,58965.0,2024,7,8,False,False,True,True,False,False,False,False,False,False,True,False
1.575166350745482,-1.1551117179639117,123210.0,2024,7,8,False,False,True,False,False,True,False,False,True,False,False,True
0.17435139793546492,-0.07022859788412028,123180.0,2024,7,8,False,True,False,False,True,False,False,False,False,True,True,False
0.8747588743404735,-0.1710649751067882,158136.0,2024,7,8,False,True,False,True,False,False,False,False,False,True,False,True
-1.5766672930770564,-0.30824473861547663,18729.0,2024,7,8,False,True,False,False,False,True,False,True,False,False,False,False
-1.5766672930770564,0.05347107325666237,21466.0,2024,7,8,False,True,False,True,False,False,False,False,False,False,False,False
-0.8762598166720479,0.27946085707155377,69528.0,2024,7,8,True,False,False,True,False,False,False,False,False,True,False,False
0.8747588743404735,-0.2918571753446892,150824.0,2024,7,8,False,True,False,True,False,False,False,False,False,False,False,True
-0.17585234026703933,-1.420484516736018,51565.0,2024,7,9,False,False,True,False,False,True,True,False,False,False,True,False
-1.2264635548745522,-0.5272301607097896,34144.0,2024,7,9,False,True,False,False,False,False,True,False,False,False,False,False
-0.17585234026703933,-0.17357597270473143,98740.0,2024,7,9,True,False,False,False,False,True,True,False,False,False,True,False
0.8747588743404735,-0.9395623978457317,111616.0,2024,7,9,False,False,True,False,False,False,False,True,False,False,False,True
-0.5260560784695436,0.07144452974720344,86408.0,2024,7,9,False,True,False,False,True,False,False,False,False,True,True,False
-1.2264635548745522,-0.24480900982533169,38418.0,2024,7,9,False,True,False,True,False,False,False,False,False,False,False,False
-1.5766672930770564,-1.3579738923240627,10786.0,2024,7,10,False,False,True,False,False,False,False,False,False,False,False,False
-1.5766672930770564,-1.3348462828693224,10961.0,2024,7,10,False,False,True,False,False,False,True,False,False,False,False,False
-0.8762598166720479,-0.2315932329940515,57927.0,2024,7,10,False,True,False,False,False,True,False,False,True,False,False,False
-0.5260560784695436,-0.6359960040312256,64996.0,2024,7,10,True,False,False,True,False,False,False,False,False,True,True,False
-0.8762598166720479,0.0017973858463568011,63225.0,2024,7,10,False,True,False,False,True,False,False,False,False,False,False,False
-0.17585234026703933,-0.18705606507263722,98230.0,2024,7,10,False,True,False,False,False,False,False,False,True,False,True,False
-1.2264635548745522,-0.976037941900065,27352.0,2024,7,10,True,False,False,False,True,False,False,False,False,False,False,False
-0.5260560784695436,-1.7013197744007222,32752.0,2024,7,10,False,False,True,True,False,False,False,False,False,True,True,False
1.575166350745482,-0.8693866228716338,144830.0,2024,7,10,True,False,False,True,False,False,False,False,False,False,False,True
-0.17585234026703933,-0.05027277486888718,103405.0,2024,7,10,False,True,False,False,False,True,False,False,True,False,True,False
-1.2264635548745522,1.4988805852937777,64806.0,2024,7,10,True,False,False,False,False,True,False,False,False,False,False,False
0.5245551361379692,-0.06692465367630022,143885.0,2024,7,10,True,False,False,True,False,False,False,False,True,False,True,False
1.575166350745482,-1.1426888877425083,124150.0,2024,7,10,False,False,True,False,True,False,False,True,False,False,False,True
-0.8762598166720479,-0.4168784241685999,53721.0,2024,7,10,True,False,False,False,False,True,False,False,True,False,False,False
0.8747588743404735,-1.3859913392063767,84592.0,2024,7,10,False,False,True,False,True,False,False,False,True,False,False,True
-0.5260560784695436,-0.23013949754261068,77280.0,2024,7,11,False,True,False,False,True,False,True,False,False,False,True,False
-1.5766672930770564,0.3477864232892724,23693.0,2024,7,11,True,False,False,False,True,False,True,False,False,False,False,False
0.17435139793546492,0.8454925787552846,164754.0,2024,7,11,True,False,False,False,False,True,False,False,False,False,True,False
-0.5260560784695436,-0.3435308627549948,73848.0,2024,7,11,True,False,False,False,True,False,True,False,False,False,True,False
1.2249626125429778,0.7377839975803511,239796.0,2024,7,11,True,False,False,False,False,True,True,False,False,False,False,True
0.17435139793546492,2.1435461791236254,223686.0,2024,7,11,False,False,False,False,False,False,True,False,False,False,True,False
1.2249626125429778,-1.4989862311138225,87471.0,2024,7,11,False,False,True,False,True,False,False,False,True,False,False,True
-0.5260560784695436,-0.515600277098263,68640.0,2024,7,12,True,False,False,False,False,False,False,True,False,False,True,False
1.575166350745482,-0.8642324699074345,145220.0,2024,7,12,False,False,True,False,False,True,True,False,False,False,False,True
-0.17585234026703933,1.0560199036775781,145260.0,2024,7,12,True,False,False,True,False,False,False,False,True,False,True,False
-0.17585234026703933,-1.4440085994956968,50675.0,2024,7,12,False,False,True,True,False,False,False,True,False,False,True,False
0.8747588743404735,-0.5787716903517823,133456.0,2024,7,12,False,True,False,False,False,False,False,False,False,False,False,True
1.2249626125429778,-1.2412785829038586,105021.0,2024,7,12,False,False,True,False,True,False,False,False,False,True,False,True
0.17435139793546492,0.4699002012103014,147702.0,2024,7,12,False,True,False,False,False,True,False,False,False,False,True,False
0.17435139793546492,-0.9924255051708525,81312.0,2024,7,12,False,False,True,True,False,False,False,False,True,False,True,False
-1.2264635548745522,0.15206076841801264,44424.0,2024,7,13,False,True,False,False,True,False,True,False,False,False,False,False
1.2249626125429778,-0.625026909261263,146988.0,2024,7,13,True,False,False,False,True,False,False,False,False,True,False,True
0.17435139793546492,-0.7043215702489442,94392.0,2024,7,13,True,False,False,False,False,False,False,True,False,False,True,False
-0.17585234026703933,-0.12969959362488118,100400.0,2024,7,13,False,True,False,False,True,False,False,False,False,False,True,False
0.5245551361379692,-0.026616534340895625,146020.0,2024,7,13,False,True,False,False,True,False,False,True,False,False,True,False
-0.17585234026703933,-1.088768518270885,64115.0,2024,7,13,False,False,True,True,False,False,False,False,True,False,True,False
0.17435139793546492,-1.1067419747614262,76122.0,2024,7,13,False,False,True,False,False,False,True,False,False,False,True,False
1.575166350745482,0.363381039950183,238110.0,2024,7,13,True,False,False,False,True,False,False,True,False,False,False,True
0.5245551361379692,1.1125834285154574,206360.0,2024,7,13,True,False,False,False,False,False,True,False,False,False,True,False
1.575166350745482,-1.2903091149479082,112980.0,2024,7,13,False,False,True,True,False,False,True,False,False,False,False,True
-0.17585234026703933,-1.4516737500578394,50385.0,2024,7,13,False,False,True,False,False,True,False,True,False,False,True,False
0.5245551361379692,-0.8474484333317087,102543.0,2024,7,13,False,False,True,False,False,False,False,False,True,False,True,False
-0.5260560784695436,1.5759285642201413,131944.0,2024,7,13,True,False,False,True,False,False,False,False,False,False,True,False
0.8747588743404735,-1.0787245278791122,103192.0,2024,7,13,False,False,True,True,False,False,True,False,False,False,False,True
0.5245551361379692,0.8197218139342882,190848.0,2024,7,14,True,False,False,False,False,True,False,False,False,True,True,False
-0.17585234026703933,-0.6252912247978886,81650.0,2024,7,14,True,False,False,False,False,False,False,False,True,False,True,False
-1.2264635548745522,-0.8055544207765505,29932.0,2024,7,14,True,False,False,False,True,False,False,True,False,False,False,False
-1.5766672930770564,-0.31313457604305034,18692.0,2024,7,14,False,True,False,False,False,False,True,False,False,False,False,False
-1.5766672930770564,2.0367627023268815,36473.0,2024,7,14,False,False,False,False,False,True,False,False,False,False,False,False
1.2249626125429778,2.15411880058865,320262.5,2024,7,14,False,False,False,False,True,False,False,False,False,False,False,True
1.575166350745482,-0.4631336430780806,175570.0,2024,7,14,True,False,False,False,True,False,False,False,False,False,False,True
0.17435139793546492,-1.461849898217925,60000.0,2024,7,14,False,False,True,False,True,False,True,False,False,False,True,False
-0.8762598166720479,2.144471283501815,111864.0,2024,7,14,False,False,False,False,False,True,False,True,False,False,False,False
-0.8762598166720479,1.4731098204727813,96624.0,2024,7,15,True,False,False,False,False,False,False,False,True,False,False,False
0.8747588743404735,-0.2585534177298631,152840.0,2024,7,15,False,True,False,False,False,True,False,False,False,True,False,True
0.17435139793546492,-0.7949817993115263,90276.0,2024,7,15,True,False,False,False,True,False,False,False,False,True,True,False
0.8747588743404735,0.5739083648724765,203232.0,2024,7,15,True,False,False,False,False,False,False,True,False,False,False,True
1.575166350745482,-0.24282664330063966,192240.0,2024,7,15,True,False,False,False,False,True,False,False,False,True,False,True
-1.5766672930770564,-1.2248910196330711,11793.0,2024,7,15,False,False,True,True,False,False,False,False,True,False,False,False
1.575166350745482,-0.17053634403353699,197710.0,2024,7,16,True,False,False,False,False,False,False,False,False,True,False,True
-1.2264635548745522,0.9225405576816482,56084.0,2024,7,16,True,False,False,False,False,False,False,True,False,False,False,False
0.17435139793546492,-0.6593879290225915,96432.0,2024,7,16,False,True,False,False,True,False,False,False,False,False,True,False
-0.5260560784695436,1.669496264185605,134776.0,2024,7,16,False,False,False,False,False,True,False,False,False,False,True,False
0.8747588743404735,-1.0579757582540024,104448.0,2024,7,16,True,False,False,False,False,True,False,False,False,True,False,True
0.8747588743404735,0.28765463870694746,185904.0,2024,7,16,False,True,False,False,False,False,False,False,False,True,False,True
0.5245551361379692,1.114169321735211,206444.0,2024,7,16,True,False,False,False,False,False,False,False,True,False,True,False
0.8747588743404735,1.752887815990983,274600.0,2024,7,16,False,False,False,False,False,True,False,False,False,True,False,True
-1.5766672930770564,-0.2800951339648498,18942.0,2024,7,16,False,True,False,False,False,True,False,False,True,False,False,False
-0.17585234026703933,-0.09679230931499347,101645.0,2024,7,16,False,True,False,False,False,True,False,False,False,False,True,False
-1.5766672930770564,1.0905130812072195,29313.0,2024,7,17,True,False,False,False,False,True,False,False,False,False,False,False
-1.2264635548745522,0.7120132327593547,52898.0,2024,7,17,True,False,False,True,False,False,True,False,False,False,False,False
-0.8762598166720479,1.9294505944568865,106983.0,2024,7,17,False,False,False,True,False,False,True,False,False,False,False,False
-0.8762598166720479,-0.550225612396217,50694.0,2024,7,17,False,True,False,False,True,False,False,False,True,False,False,False
-0.8762598166720479,-1.0892971493441364,38457.0,2024,7,17,False,False,True,False,True,False,False,True,False,False,False,False
0.17435139793546492,-0.20384010164836308,117114.0,2024,7,17,True,False,False,False,True,False,False,False,False,False,True,False
-0.17585234026703933,1.8831953755474058,176555.0,2024,7,17,False,False,False,True,False,False,False,False,True,False,True,False
-0.5260560784695436,-0.5038382357184236,68996.0,2024,7,17,False,True,False,False,False,True,False,True,False,False,True,False
-1.2264635548745522,0.5413975538675273,50316.0,2024,7,17,True,False,False,False,False,True,False,False,False,False,False,False
0.8747588743404735,-0.028731058633900457,166752.0,2024,7,17,False,True,False,False,False,True,False,True,False,False,False,True
-0.8762598166720479,-0.15626330505575436,59637.0,2024,7,17,False,True,False,False,True,False,False,True,False,False,False,False
-0.17585234026703933,-0.4608869610167629,87870.0,2024,7,18,True,False,False,False,False,True,False,False,False,False,True,False
1.575166350745482,-0.452825337149682,176350.0,2024,7,18,True,False,False,False,True,False,False,False,True,False,False,True
0.5245551361379692,-0.10062488459606474,142100.0,2024,7,18,False,True,False,False,False,False,False,True,False,False,True,False
0.17435139793546492,0.3209583963217736,140940.0,2024,7,18,False,True,False,True,False,False,False,False,True,False,True,False
0.5245551361379692,-1.6702626988472138,58961.0,2024,7,18,False,False,True,False,False,False,False,False,True,False,True,False
0.17435139793546492,0.5598996414313195,151788.0,2024,7,18,True,False,False,False,False,False,False,False,False,False,True,False
0.17435139793546492,-0.08886284321622535,122334.0,2024,7,18,False,True,False,False,False,True,False,False,True,False,True,False
-1.5766672930770564,-0.32079972660519285,18634.0,2024,7,18,True,False,False,False,False,True,False,False,False,True,False,False
-0.17585234026703933,2.2343385659545207,189840.0,2024,7,18,False,False,False,False,True,False,False,False,False,False,True,False
-0.17585234026703933,-0.9300470385272099,70120.0,2024,7,18,False,False,True,False,False,False,False,False,False,True,True,False
-1.2264635548745522,0.36100220012055256,47586.0,2024,7,18,True,False,False,False,True,False,True,False,False,False,False,False
0.17435139793546492,1.3081769256184044,185760.0,2024,7,19,True,False,False,False,False,False,False,True,False,False,True,False
-0.5260560784695436,0.8887081689935709,111144.0,2024,7,19,True,False,False,True,False,False,False,False,True,False,True,False
-0.8762598166720479,-0.41383879549740543,53790.0,2024,7,19,True,False,False,False,True,False,False,False,True,False,False,False
-0.5260560784695436,-0.19577847778128216,78320.0,2024,7,19,False,True,False,True,False,False,False,False,True,False,True,False
1.2249626125429778,-0.6941454220888584,142281.0,2024,7,19,True,False,False,False,False,False,False,False,False,False,False,True
1.2249626125429778,0.025982257447599563,191322.0,2024,7,19,False,True,False,False,True,False,False,True,False,False,False,True
0.5245551361379692,0.4556271622325188,171563.0,2024,7,19,False,True,False,False,False,False,True,False,False,False,True,False
0.8747588743404735,1.0439935467611132,231688.0,2024,7,20,True,False,False,True,False,False,False,False,True,False,False,True
0.5245551361379692,2.144735599038441,261030.0,2024,7,20,False,False,False,False,True,False,False,True,False,False,True,False
-0.17585234026703933,-0.2650291483771904,95280.0,2024,7,20,False,True,False,False,False,False,False,False,True,False,True,False
-1.5766672930770564,-0.1986859486841638,19558.0,2024,7,20,False,True,False,True,False,False,False,False,False,False,False,False
1.2249626125429778,-1.6450205650994687,77526.0,2024,7,20,False,False,True,False,False,True,False,False,False,False,False,True
0.5245551361379692,-1.1173145962264504,88249.0,2024,7,20,False,False,True,True,False,False,False,False,False,False,True,False
-0.17585234026703933,-0.18058033442530994,98475.0,2024,7,20,False,True,False,False,False,True,False,False,True,False,True,False
1.575166350745482,-1.2260804395478864,117840.0,2024,7,20,False,False,True,False,True,False,True,False,False,False,False,True
1.2249626125429778,2.1461893344898817,320262.5,2024,7,20,False,False,False,False,False,False,False,False,False,True,False,True
-0.17585234026703933,0.15034271742994623,110995.0,2024,7,20,False,True,False,False,True,False,False,True,False,False,True,False
1.2249626125429778,-0.4110634823628366,161559.0,2024,7,21,True,False,False,False,False,False,False,False,True,False,False,True
-0.17585234026703933,-1.3179300885252838,55445.0,2024,7,21,False,False,True,False,False,False,False,False,True,False,True,False
-0.5260560784695436,0.43844665235185454,97516.0,2024,7,21,False,True,False,False,True,False,False,False,True,False,True,False
1.575166350745482,1.316502865022111,310230.0,2024,7,21,True,False,False,False,False,False,False,False,True,False,False,True
-0.17585234026703933,-1.5815848363093237,45470.0,2024,7,21,False,False,True,True,False,False,True,False,False,False,True,False
0.17435139793546492,0.31818308318720473,140814.0,2024,7,21,True,False,False,False,True,False,False,False,False,True,True,False
-0.17585234026703933,0.050960075658719135,107235.0,2024,7,21,False,True,False,False,False,False,False,False,True,False,True,False
1.575166350745482,-1.6110560186430785,88710.0,2024,7,21,False,False,True,True,False,False,False,False,False,True,False,True
1.2249626125429778,-0.18150543880349954,177192.0,2024,7,22,False,True,False,True,False,False,False,True,False,False,False,True
-0.17585234026703933,1.1376934044948899,148350.0,2024,7,22,True,False,False,True,False,False,False,True,False,False,True,False
-0.5260560784695436,2.0474674815602185,146216.0,2024,7,22,False,False,False,False,False,False,False,True,False,False,True,False
-1.2264635548745522,2.114603627863122,74124.0,2024,7,22,False,False,False,False,False,True,False,False,False,False,False,False
-0.8762598166720479,-1.2574018306380204,34641.0,2024,7,22,False,False,True,True,False,False,False,True,False,False,False,False
-1.5766672930770564,0.5918818213630176,25540.0,2024,7,22,True,False,False,False,False,True,False,True,False,False,False,False
1.575166350745482,-0.4656446406760238,175380.0,2024,7,22,False,True,False,False,True,False,False,True,False,False,False,True
0.5245551361379692,-0.7998716367391,105063.0,2024,7,22,True,False,False,True,False,False,False,False,False,False,True,False
1.2249626125429778,-0.9168312616959298,127116.0,2024,7,22,True,False,False,False,True,False,True,False,False,False,False,True
0.5245551361379692,-0.6497404119357569,113015.0,2024,7,22,True,False,False,False,True,False,False,False,True,False,True,False
-1.5766672930770564,-0.5259085830266615,17082.0,2024,7,22,True,False,False,False,False,True,False,False,True,False,False,False
-0.8762598166720479,0.9053600478009839,83736.0,2024,7,22,True,False,False,False,True,False,False,False,True,False,False,False
1.2249626125429778,-0.6990352595164321,141948.0,2024,7,22,True,False,False,False,True,False,False,True,False,False,False,True
0.8747588743404735,-0.852602586295908,116880.0,2024,7,22,False,False,True,True,False,False,False,True,False,False,False,True
0.17435139793546492,0.7746560149396228,161538.0,2024,7,22,True,False,False,False,False,True,False,True,False,False,True,False
-0.17585234026703933,-1.1376668925466218,62265.0,2024,7,23,False,False,True,False,True,False,False,False,True,False,True,False
-1.2264635548745522,-0.07934748389770362,40922.0,2024,7,23,True,False,False,False,False,False,False,False,True,False,False,False
0.5245551361379692,-1.5727302658323659,64127.0,2024,7,23,False,False,True,False,True,False,False,True,False,False,True,False
-0.5260560784695436,-0.20648325701461911,77996.0,2024,7,23,True,False,False,True,False,False,False,True,False,False,True,False
-0.17585234026703933,1.1614818027911942,149250.0,2024,7,23,True,False,False,True,False,False,False,False,True,False,True,False
-1.2264635548745522,-1.2188117622906822,23678.0,2024,7,24,False,False,True,False,True,False,False,False,False,True,False,False
-1.2264635548745522,1.2781771122113983,61466.0,2024,7,24,True,False,False,False,True,False,False,False,False,True,False,False
-1.5766672930770564,-0.41093132459452375,17952.0,2024,7,24,True,False,False,False,False,True,False,True,False,False,False,False
1.2249626125429778,-0.30639452985909743,168687.0,2024,7,24,False,True,False,False,False,True,False,False,False,False,False,True
-0.17585234026703933,-1.1511469849145277,61755.0,2024,7,24,False,False,True,False,False,False,False,False,True,False,True,False
0.8747588743404735,0.655714023458101,208184.0,2024,7,24,True,False,False,False,False,False,False,False,True,False,False,True
-0.8762598166720479,-0.5103139663657509,51600.0,2024,7,24,True,False,False,False,False,False,False,True,False,False,False,False
0.8747588743404735,-0.1509769943232423,159352.0,2024,7,24,False,True,False,False,True,False,False,False,True,False,False,True
0.5245551361379692,-0.10313588219400797,141967.0,2024,7,24,False,True,False,False,False,True,False,False,True,False,True,False
-0.8762598166720479,1.1137728484302727,88467.0,2024,7,24,True,False,False,True,False,False,False,False,False,True,False,False
0.8747588743404735,1.3758417029945589,251776.0,2024,7,24,True,False,False,True,False,False,False,False,False,False,False,True
0.17435139793546492,-0.25498515798541743,114792.0,2024,7,24,False,True,False,False,False,True,False,False,False,False,True,False
0.8747588743404735,-1.1429532032791339,99304.0,2024,7,25,False,False,True,True,False,False,True,False,False,False,False,True
-0.5260560784695436,-1.3098684646582028,44600.0,2024,7,25,False,False,True,False,True,False,True,False,False,False,True,False
1.2249626125429778,-0.04340057091662147,186597.0,2024,7,25,False,True,False,False,False,True,False,False,True,False,False,True
0.17435139793546492,-0.1372325864187109,120138.0,2024,7,25,False,True,False,False,False,True,False,False,True,False,True,False
1.2249626125429778,1.4300263880028077,286938.0,2024,7,25,True,False,False,False,False,True,False,False,True,False,False,True
0.17435139793546492,-0.2782449252084706,113736.0,2024,7,25,True,False,False,False,False,True,False,False,False,True,True,False
-0.8762598166720479,2.1747354124454468,112551.0,2024,7,25,False,False,False,True,False,False,False,True,False,False,False,False
-0.5260560784695436,-0.07987611497095481,81828.0,2024,7,25,False,True,False,False,False,True,False,False,True,False,True,False
0.5245551361379692,-1.4334359780306727,71505.0,2024,7,25,False,False,True,True,False,False,False,False,False,True,True,False
-1.2264635548745522,-0.03930368009892461,41528.0,2024,7,25,True,False,False,False,True,False,False,False,False,False,False,False
-0.8762598166720479,-0.3719447829422472,54741.0,2024,7,25,False,True,False,False,False,True,False,False,False,True,False,False
-0.5260560784695436,-0.9819850414741411,54524.0,2024,7,26,True,False,False,False,True,False,True,False,False,False,True,False
-0.8762598166720479,-0.4714595824817871,52482.0,2024,7,26,False,True,False,True,False,False,False,True,False,False,False,False
-0.17585234026703933,-1.2172258690709286,59255.0,2024,7,26,False,False,True,True,False,False,False,False,False,True,True,False
-1.5766672930770564,1.8882173707432923,35349.0,2024,7,26,False,False,False,False,True,False,False,True,False,False,False,False
-1.5766672930770564,-0.014854492961056249,20949.0,2024,7,26,True,False,False,False,False,True,True,False,False,False,False,False
-1.5766672930770564,-1.032733624506257,13247.0,2024,7,26,False,False,True,True,False,False,False,False,False,False,False,False
-0.17585234026703933,-1.106874132529739,63430.0,2024,7,26,False,False,True,False,False,False,False,True,False,False,True,False
-0.17585234026703933,-1.3623350986783853,53765.0,2024,7,27,False,False,True,True,False,False,False,True,False,False,True,False
0.5245551361379692,-0.07974395720264202,143206.0,2024,7,27,False,True,False,False,False,True,False,False,False,False,True,False
1.2249626125429778,-0.8068759984596785,134604.0,2024,7,27,False,False,True,False,True,False,False,False,False,False,False,True
0.17435139793546492,2.016278248238397,217908.0,2024,7,27,False,False,False,True,False,False,False,True,False,False,True,False
0.17435139793546492,-0.20965504345412636,116850.0,2024,7,27,True,False,False,False,False,True,False,False,False,True,True,False
-1.2264635548745522,-0.9811920948642643,27274.0,2024,7,27,True,False,False,False,False,False,True,False,False,False,False,False
-1.5766672930770564,1.176283472842228,29962.0,2024,7,27,True,False,False,False,False,False,False,True,False,False,False,False
-1.2264635548745522,-1.65546102879618,17070.0,2024,7,27,False,False,True,False,False,True,True,False,False,False,False,False
-0.17585234026703933,-0.4657767984443366,87685.0,2024,7,27,True,False,False,False,False,True,False,False,True,False,True,False
-0.17585234026703933,-0.04829040834419515,103480.0,2024,7,27,False,True,False,False,True,False,True,False,False,False,True,False
-1.5766672930770564,1.6297167759234517,33393.0,2024,7,27,False,False,False,False,False,False,False,False,True,False,False,False
0.17435139793546492,-0.36322237023360227,109878.0,2024,7,28,True,False,False,True,False,False,True,False,False,False,True,False
0.17435139793546492,0.282632643511061,139200.0,2024,7,28,False,True,False,False,False,False,False,True,False,False,True,False
0.17435139793546492,-0.6244982781880117,98016.0,2024,7,28,True,False,False,False,True,False,True,False,False,False,True,False
-1.5766672930770564,-0.8261710326333476,14810.0,2024,7,28,False,False,True,True,False,False,False,False,False,False,False,False
-1.5766672930770564,-0.09058089420429179,20376.0,2024,7,28,False,True,False,False,False,True,False,True,False,False,False,False
-1.2264635548745522,1.678747307967501,67528.0,2024,7,28,False,False,False,False,False,True,False,True,False,False,False,False
-0.8762598166720479,-0.9188136282206217,42327.0,2024,7,28,False,False,True,False,False,False,False,False,False,False,False,False
0.17435139793546492,-1.147050094096831,74292.0,2024,7,28,False,False,True,False,False,False,True,False,False,False,True,False
-1.5766672930770564,-0.24930237394796695,19175.0,2024,7,28,False,True,False,False,False,True,False,True,False,False,False,False
-1.2264635548745522,-0.23965485686113241,38496.0,2024,7,29,False,True,False,True,False,False,False,False,True,False,False,False
-0.8762598166720479,-0.33388334566816025,55605.0,2024,7,29,True,False,False,False,True,False,False,False,False,False,False,False
0.8747588743404735,-0.7258632864839308,124552.0,2024,7,29,True,False,False,False,False,True,False,False,False,True,False,True
-1.2264635548745522,-1.1586799777083574,24588.0,2024,7,29,False,False,True,False,False,False,False,False,False,True,False,False
-1.2264635548745522,-0.8715011471646387,28934.0,2024,7,29,True,False,False,True,False,False,False,False,False,True,False,False
-0.17585234026703933,2.0563220520371766,183105.0,2024,7,29,False,False,False,False,False,True,False,False,True,False,True,False
0.8747588743404735,-0.3617686347821614,146592.0,2024,7,29,False,True,False,False,False,False,False,False,False,True,False,True
0.5245551361379692,-0.5293446850027943,119392.0,2024,7,29,False,True,False,True,False,False,False,False,False,True,True,False
1.575166350745482,-1.3866521280479407,105690.0,2024,7,29,False,False,True,False,False,False,False,False,True,False,False,True
1.2249626125429778,-0.18163759657181233,177183.0,2024,7,29,False,True,False,False,False,False,False,False,True,False,False,True
-1.5766672930770564,-0.1396114262483413,20005.0,2024,7,29,False,True,False,False,True,False,False,True,False,False,False,False
-0.17585234026703933,-0.6585949824127146,80390.0,2024,7,29,True,False,False,False,False,True,True,False,False,False,True,False
-1.2264635548745522,-0.427451045633624,35654.0,2024,7,29,False,True,False,True,False,False,False,False,False,False,False,False
0.17435139793546492,-0.5610625493978668,100896.0,2024,7,29,True,False,False,True,False,False,True,False,False,False,True,False
-1.2264635548745522,-0.8703117272498234,28952.0,2024,7,30,True,False,False,False,True,False,False,False,False,False,False,False
-0.5260560784695436,-0.23423638836030752,77156.0,2024,7,30,False,True,False,False,False,False,False,False,True,False,True,False
0.17435139793546492,1.5711708845608803,197700.0,2024,7,30,True,False,False,True,False,False,False,True,False,False,True,False
-1.2264635548745522,1.879098484729709,70560.0,2024,7,30,False,False,False,True,False,False,False,False,True,False,False,False
-0.8762598166720479,-1.2174901846075543,35547.0,2024,7,30,False,False,True,False,False,True,False,True,False,False,False,False
1.575166350745482,0.9508223201005878,282560.0,2024,7,30,True,False,False,True,False,False,False,False,True,False,False,True
0.5245551361379692,1.4294977569295566,223146.0,2024,7,30,True,False,False,False,False,True,False,False,True,False,True,False
-1.5766672930770564,0.3175222943456407,23464.0,2024,7,30,False,True,False,False,False,False,False,False,False,True,False,False
-1.2264635548745522,-1.308414729206762,22322.0,2024,7,30,False,False,True,False,True,False,False,False,False,True,False,False
-1.2264635548745522,-0.346041860352938,36886.0,2024,7,30,False,True,False,True,False,False,False,False,False,False,False,False
-0.5260560784695436,-1.445330177178825,40500.0,2024,7,30,False,False,True,False,False,True,False,False,True,False,True,False
0.5245551361379692,-0.6952026842353608,110607.0,2024,7,30,True,False,False,False,False,False,False,True,False,False,True,False
0.5245551361379692,1.4383523274065142,223615.0,2024,7,31,True,False,False,True,False,False,True,False,False,False,True,False
0.5245551361379692,-1.0779315812692354,90335.0,2024,7,31,False,False,True,True,False,False,False,False,True,False,True,False
1.575166350745482,-1.5112769035669131,96260.0,2024,7,31,False,False,True,False,True,False,True,False,False,False,False,True
-0.8762598166720479,-0.05410535014995844,61956.0,2024,7,31,False,True,False,False,False,False,False,False,True,False,False,False
0.8747588743404735,-1.3022033140960603,89664.0,2024,7,31,False,False,True,True,False,False,False,False,False,True,False,True
0.5245551361379692,-0.7809730758703693,106064.0,2024,7,31,True,False,False,False,True,False,False,False,False,False,True,False
0.8747588743404735,-0.8356863919518693,117904.0,2024,7,31,False,False,True,False,True,False,False,False,True,False,False,True
-0.5260560784695436,0.3146148234427591,93768.0,2024,7,31,False,True,False,False,False,True,True,False,False,False,True,False
0.17435139793546492,0.08677483087148848,130308.0,2024,8,1,False,True,False,False,False,True,True,False,False,False,True,False
0.17435139793546492,-0.27507313876896333,113880.0,2024,8,1,True,False,False,False,True,False,False,False,False,True,True,False
1.2249626125429778,0.3911341712958714,216189.0,2024,8,1,True,False,False,True,False,False,False,False,False,False,False,True
0.5245551361379692,-0.28815675783193073,132167.0,2024,8,1,False,True,False,False,False,False,True,False,False,False,True,False
1.2249626125429778,-0.305337267712595,168759.0,2024,8,1,False,True,False,False,True,False,False,True,False,False,False,True
0.5245551361379692,1.9816529129404432,252392.0,2024,8,1,False,False,False,False,False,True,True,False,False,False,True,False
-0.8762598166720479,0.18298568620320832,67338.0,2024,8,1,False,True,False,True,False,False,False,False,False,False,False,False
0.5245551361379692,0.5628071123342012,177240.0,2024,8,1,True,False,False,False,True,False,False,False,True,False,True,False
-1.2264635548745522,-1.0476674523256038,26268.0,2024,8,1,True,False,False,True,False,False,False,False,True,False,False,False
1.575166350745482,2.167466735188243,320262.5,2024,8,1,False,False,False,False,True,False,False,False,False,False,False,True
1.575166350745482,-1.690879310704011,82670.0,2024,8,1,False,False,True,False,False,False,False,False,False,False,False,True
0.8747588743404735,0.456816582147334,196144.0,2024,8,2,False,True,False,True,False,False,False,False,True,False,False,True
0.8747588743404735,-0.005603449179160109,168152.0,2024,8,2,False,True,False,False,False,False,False,False,False,False,False,True
0.5245551361379692,-0.6607095067057195,112434.0,2024,8,2,False,True,False,False,False,False,False,True,False,False,True,False
-0.17585234026703933,-1.4364756067018671,50960.0,2024,8,2,False,False,True,False,False,False,False,False,False,True,True,False
-0.5260560784695436,-0.664409924218478,64136.0,2024,8,2,False,True,False,True,False,False,False,False,True,False,True,False
-1.5766672930770564,-0.502913131340234,17256.0,2024,8,2,True,False,False,False,False,False,True,False,False,False,False,False
0.17435139793546492,-0.04181467769686785,124470.0,2024,8,2,False,True,False,False,False,True,True,False,False,False,True,False
-0.5260560784695436,-0.06732112698123863,82208.0,2024,8,2,False,True,False,True,False,False,False,True,False,False,True,False
-1.5766672930770564,-0.04340057091662147,20733.0,2024,8,3,False,True,False,True,False,False,False,True,False,False,False,False
-0.8762598166720479,-0.23251833737224112,57906.0,2024,8,3,False,True,False,False,False,False,True,False,False,False,False,False
0.5245551361379692,-1.2118074005701038,83244.0,2024,8,3,False,False,True,False,True,False,False,True,False,False,True,False
-1.2264635548745522,-1.1015878217972268,25452.0,2024,8,3,False,False,True,True,False,False,False,False,False,True,False,False
-0.8762598166720479,-1.3771367687294191,31923.0,2024,8,3,False,False,True,False,False,True,False,False,True,False,False,False
-1.5766672930770564,-0.5918553094147497,16583.0,2024,8,3,True,False,False,False,True,False,True,False,False,False,False,False
-1.5766672930770564,-0.8733513559210179,14453.0,2024,8,3,False,False,True,False,True,False,True,False,False,False,False,False
-1.5766672930770564,-0.5276266340147279,17069.0,2024,8,3,False,True,False,True,False,False,False,False,False,True,False,False
-0.5260560784695436,-1.2218513909618767,47264.0,2024,8,3,False,False,True,False,False,False,False,True,False,False,True,False
-0.5260560784695436,-1.3168728263787812,44388.0,2024,8,3,False,False,True,False,False,False,False,False,True,False,True,False
-1.2264635548745522,0.41175078315266855,48354.0,2024,8,3,True,False,False,False,True,False,True,False,False,False,False,False
-1.2264635548745522,-0.568331226655071,33522.0,2024,8,3,True,False,False,False,True,False,False,False,True,False,False,False
-0.17585234026703933,-1.178239327418652,60730.0,2024,8,3,False,False,True,False,False,True,False,False,True,False,True,False
0.8747588743404735,-0.6741895990736253,127680.0,2024,8,3,True,False,False,False,False,True,False,False,False,False,False,True
-1.5766672930770564,2.0256614497886063,36389.0,2024,8,4,False,False,False,False,True,False,False,False,False,False,False,False
-0.5260560784695436,-0.6108860280517932,65756.0,2024,8,4,True,False,False,True,False,False,False,False,False,True,True,False
-0.8762598166720479,1.7723150079329648,103416.0,2024,8,4,False,False,False,False,False,False,False,False,True,False,False,False
1.575166350745482,-0.8051579474716121,149690.0,2024,8,4,False,False,True,False,True,False,False,False,True,False,False,True
0.17435139793546492,1.4408633250044576,191784.0,2024,8,4,True,False,False,False,True,False,False,True,False,False,True,False
-0.17585234026703933,-1.5945362976039783,44980.0,2024,8,4,False,False,True,False,False,True,True,False,False,False,True,False
-1.5766672930770564,-1.1654200238923103,12243.0,2024,8,5,False,False,True,False,False,True,False,True,False,False,False,False
-1.2264635548745522,1.1518342857043595,59554.0,2024,8,5,True,False,False,False,True,False,False,False,False,True,False,False
-0.5260560784695436,-1.3715861424602813,42732.0,2024,8,5,False,False,True,False,False,True,False,False,False,True,True,False
0.8747588743404735,0.47188256773499343,197056.0,2024,8,5,True,False,False,False,True,False,False,False,False,True,False,True
-0.17585234026703933,-1.2205298132787488,59130.0,2024,8,5,False,False,True,True,False,False,False,False,False,False,True,False
-0.5260560784695436,-0.39824417883649477,72192.0,2024,8,6,False,True,False,False,False,True,False,True,False,False,True,False
0.5245551361379692,0.3674779307678799,166894.0,2024,8,6,True,False,False,False,False,False,False,True,False,False,True,False
0.8747588743404735,0.3288878624205417,188400.0,2024,8,6,False,True,False,True,False,False,False,False,False,False,False,True
-0.17585234026703933,-0.059523818650783315,103055.0,2024,8,6,False,True,False,False,True,False,True,False,False,False,True,False
0.5245551361379692,-0.4526931793813692,123452.0,2024,8,6,False,True,False,False,False,False,False,False,False,True,True,False
0.8747588743404735,-0.8843204506909804,114960.0,2024,8,6,True,False,False,False,True,False,True,False,False,False,False,True
1.575166350745482,0.6998547180745769,263570.0,2024,8,6,True,False,False,False,False,False,True,False,False,False,False,True
0.17435139793546492,-1.295066794607169,67572.0,2024,8,6,False,False,True,False,True,False,False,False,True,False,True,False
0.17435139793546492,-0.9970510270618006,81102.0,2024,8,6,False,False,True,False,False,True,False,False,False,True,True,False
-1.2264635548745522,0.09258977267725176,43524.0,2024,8,6,False,True,False,False,False,False,False,False,False,True,False,False
0.17435139793546492,-1.3295599721368103,66006.0,2024,8,6,False,False,True,False,True,False,False,False,False,True,True,False
0.17435139793546492,-0.43749503602539697,106506.0,2024,8,6,True,False,False,True,False,False,True,False,False,False,True,False
-0.5260560784695436,1.5249156656513996,130400.0,2024,8,6,True,False,False,False,True,False,False,False,False,False,True,False
-0.5260560784695436,0.16620164962748246,89276.0,2024,8,7,False,True,False,False,False,True,False,False,True,False,True,False
-0.17585234026703933,-1.068151906414088,64895.0,2024,8,7,False,False,True,False,True,False,True,False,False,False,True,False
0.5245551361379692,-0.32489661742288967,130221.0,2024,8,7,False,True,False,False,False,False,False,True,False,False,True,False
-1.5766672930770564,0.39443811550369146,24046.0,2024,8,7,False,True,False,True,False,False,False,False,True,False,False,False
0.5245551361379692,0.38518707172179534,167832.0,2024,8,7,True,False,False,False,True,False,False,False,False,False,True,False
1.575166350745482,-1.1080635524445541,126770.0,2024,8,7,False,False,True,True,False,False,False,True,False,False,False,True
-1.5766672930770564,-0.09599936270511666,20335.0,2024,8,7,False,True,False,False,True,False,True,False,False,False,False,False
0.8747588743404735,-0.3611078459405974,146632.0,2024,8,7,True,False,False,False,False,True,False,False,False,False,False,True
1.2249626125429778,-0.0978495714614959,182889.0,2024,8,7,True,False,False,False,True,False,False,False,False,True,False,True
-1.2264635548745522,-0.16022803810513842,39698.0,2024,8,8,True,False,False,False,True,False,False,False,False,False,False,False
-0.17585234026703933,0.5995469719251602,127990.0,2024,8,8,True,False,False,False,False,False,False,False,False,False,True,False
1.2249626125429778,-0.7263919175571821,140085.0,2024,8,8,True,False,False,True,False,False,True,False,False,False,False,True
0.5245551361379692,-0.3459097025846252,129108.0,2024,8,8,True,False,False,True,False,False,False,False,False,False,True,False
0.17435139793546492,-0.9542319101284527,83046.0,2024,8,8,True,False,False,False,True,False,False,True,False,False,True,False
-1.5766672930770564,-0.5187720635377702,17136.0,2024,8,8,True,False,False,False,True,False,False,False,False,True,False,False
-0.5260560784695436,-0.48467535931306727,69576.0,2024,8,8,False,True,False,False,True,False,False,True,False,False,True,False
1.2249626125429778,0.9222762421450226,252360.0,2024,8,8,True,False,False,False,True,False,False,False,False,True,False,True
-1.2264635548745522,-0.616965285394182,32786.0,2024,8,8,True,False,False,False,False,False,False,False,True,False,False,False
0.17435139793546492,0.667079591533002,156654.0,2024,8,8,True,False,False,False,False,False,False,True,False,False,True,False
1.575166350745482,-0.9630864806054105,137740.0,2024,8,8,False,False,True,False,True,False,False,True,False,False,False,True
-0.8762598166720479,1.549364852789268,98355.0,2024,8,8,True,False,False,True,False,False,False,False,False,False,False,False
1.2249626125429778,-0.49419071863158903,155898.0,2024,8,8,True,False,False,False,False,True,True,False,False,False,False,True
0.8747588743404735,1.8814773245593392,282384.0,2024,8,8,False,False,False,False,False,False,False,False,False,False,False,True
-1.2264635548745522,0.14532072223405976,44322.0,2024,8,8,False,True,False,False,False,False,False,False,True,False,False,False
-0.5260560784695436,-1.503347437468145,38744.0,2024,8,9,False,False,True,False,True,False,False,False,True,False,True,False
-1.5766672930770564,1.8077332898407958,34740.0,2024,8,9,False,False,False,False,True,False,False,True,False,False,False,False
0.5245551361379692,1.7811695784099226,241773.0,2024,8,9,False,False,False,True,False,False,False,False,True,False,True,False
-0.5260560784695436,1.5562370567415336,131348.0,2024,8,9,True,False,False,False,False,False,False,False,False,True,True,False
-0.8762598166720479,2.123854671645018,111396.0,2024,8,9,False,False,False,False,True,False,False,True,False,False,False,False
0.17435139793546492,0.27708201724192333,138948.0,2024,8,9,False,True,False,True,False,False,True,False,False,False,True,False
-0.5260560784695436,-1.2929522703141643,45112.0,2024,8,9,False,False,True,False,False,True,False,False,True,False,True,False
0.5245551361379692,0.43395328822921925,170415.0,2024,8,9,True,False,False,False,False,False,True,False,False,False,True,False
-0.8762598166720479,-0.5663488601303789,50328.0,2024,8,9,True,False,False,False,True,False,False,False,True,False,False,False
-1.5766672930770564,0.3586233602909221,23775.0,2024,8,9,False,True,False,False,False,True,False,False,False,True,False,False
1.2249626125429778,2.06781977788039,320262.5,2024,8,10,False,False,False,False,False,False,False,False,False,True,False,True
1.2249626125429778,-0.9744520486803114,123192.0,2024,8,10,True,False,False,False,False,False,False,False,False,False,False,True
-0.8762598166720479,0.2893726896950139,69753.0,2024,8,10,False,True,False,True,False,False,True,False,False,False,False,False
-1.5766672930770564,1.3947402638632898,31615.0,2024,8,10,True,False,False,False,False,False,False,False,False,True,False,False
-1.5766672930770564,-0.6513263051555106,16133.0,2024,8,10,True,False,False,True,False,False,False,True,False,False,False,False
0.5245551361379692,0.050960075658719135,150129.0,2024,8,11,False,True,False,False,False,False,True,False,False,False,True,False
0.8747588743404735,0.15681844807727352,177984.0,2024,8,11,False,True,False,True,False,False,False,False,True,False,False,True
-0.5260560784695436,-0.5487718769447762,67636.0,2024,8,11,True,False,False,False,False,True,False,False,True,False,True,False
-1.5766672930770564,-0.046175884051190316,20712.0,2024,8,11,True,False,False,False,False,False,False,True,False,False,False,False
1.2249626125429778,-0.956082118884832,124443.0,2024,8,11,True,False,False,False,False,False,False,True,False,False,False,True
0.5245551361379692,0.019638684568585068,148470.0,2024,8,11,False,True,False,True,False,False,False,False,True,False,True,False
-0.17585234026703933,0.3957596931868195,120280.0,2024,8,11,False,True,False,False,False,True,False,True,False,False,True,False
0.17435139793546492,0.17148796035999453,134154.0,2024,8,11,False,True,False,False,False,False,False,False,True,False,True,False
-0.8762598166720479,-0.5206222722941494,51366.0,2024,8,11,True,False,False,True,False,False,False,False,False,True,False,False
0.17435139793546492,-1.3867842858162536,63408.0,2024,8,12,False,False,True,False,False,True,False,True,False,False,True,False
0.8747588743404735,1.0704251004236736,233288.0,2024,8,12,True,False,False,False,True,False,False,False,False,False,False,True
0.17435139793546492,-0.646436467727937,97020.0,2024,8,12,False,True,False,False,False,True,False,False,False,True,True,False
-0.8762598166720479,-1.054936129582808,39237.0,2024,8,12,True,False,False,False,False,False,False,False,False,False,False,False
-1.5766672930770564,0.12404332153569864,22000.0,2024,8,12,False,True,False,False,False,True,False,False,False,False,False,False
-1.5766672930770564,-1.0466101901791014,13142.0,2024,8,12,True,False,False,False,False,False,False,True,False,False,False,False
1.2249626125429778,-1.5451092922549903,84330.0,2024,8,12,False,False,True,False,False,True,False,False,True,False,False,True
-0.17585234026703933,-0.7020748881876265,78745.0,2024,8,12,True,False,False,True,False,False,False,False,False,False,True,False
-0.17585234026703933,-1.1995167281170132,59925.0,2024,8,13,False,False,True,False,False,False,False,False,False,True,True,False
-1.5766672930770564,1.9594504078638926,35888.0,2024,8,13,False,False,False,False,False,False,False,False,False,True,False,False
1.575166350745482,-1.2018955679466437,119670.0,2024,8,13,False,False,True,False,True,False,False,False,False,True,False,True
-1.5766672930770564,-1.5661223774167259,9211.0,2024,8,13,False,False,True,True,False,False,False,True,False,False,False,False
0.17435139793546492,-0.9229105190383187,84468.0,2024,8,13,False,False,True,False,True,False,False,True,False,False,True,False
0.5245551361379692,-0.015515281802620257,146608.0,2024,8,13,False,True,False,False,False,True,False,False,True,False,True,False
0.5245551361379692,-0.023444747901388376,146188.0,2024,8,13,False,True,False,False,False,False,True,False,False,False,True,False
1.2249626125429778,1.7671608549687656,309897.0,2024,8,13,False,False,False,False,False,False,False,False,False,True,False,True
0.5245551361379692,1.5547833212900928,229782.0,2024,8,13,True,False,False,True,False,False,False,False,False,True,True,False
-0.5260560784695436,0.3006061000016021,93344.0,2024,8,13,True,False,False,False,False,False,True,False,False,False,True,False
0.8747588743404735,-0.055426927833086455,165136.0,2024,8,14,False,True,False,False,False,False,False,False,False,True,False,True
-1.5766672930770564,-0.5252477941850975,17087.0,2024,8,14,True,False,False,False,False,True,False,False,False,False,False,False
1.2249626125429778,-1.148239514011646,111357.0,2024,8,14,False,False,True,False,False,True,False,False,False,True,False,True
-0.17585234026703933,1.6476902324139926,167645.0,2024,8,14,False,False,False,False,False,False,False,False,True,False,True,False
-1.5766672930770564,1.813019600573308,34780.0,2024,8,14,False,False,False,False,False,False,True,False,False,False,False,False
-1.5766672930770564,-0.5367455200283112,17000.0,2024,8,14,True,False,False,False,False,False,False,False,True,False,False,False
-1.5766672930770564,0.9709103008841337,28408.0,2024,8,15,True,False,False,False,False,False,False,True,False,False,False,False
-0.17585234026703933,1.4604226747147522,160560.0,2024,8,15,True,False,False,False,False,True,False,False,True,False,True,False
-0.8762598166720479,0.4691072546004246,73833.0,2024,8,15,True,False,False,True,False,False,True,False,False,False,False,False
-0.17585234026703933,-0.8285498724629781,73960.0,2024,8,15,True,False,False,False,True,False,False,False,False,False,True,False
-0.5260560784695436,1.335137110354216,124656.0,2024,8,15,True,False,False,True,False,False,False,False,False,False,True,False
-0.17585234026703933,-0.738418274473647,77370.0,2024,8,15,True,False,False,False,False,False,False,True,False,False,True,False
0.5245551361379692,-0.05555908560139926,144487.0,2024,8,15,False,True,False,False,False,True,False,True,False,False,True,False
-0.8762598166720479,0.7068590797951554,79230.0,2024,8,15,True,False,False,False,False,True,False,False,False,True,False,False
-1.2264635548745522,0.5780052556901735,50870.0,2024,8,15,True,False,False,True,False,False,True,False,False,False,False,False
0.5245551361379692,-0.9888572454264069,95053.0,2024,8,15,False,False,True,False,True,False,False,True,False,False,True,False
0.8747588743404735,-1.387048601352879,84528.0,2024,8,15,False,False,True,False,False,False,False,False,False,False,False,True
0.8747588743404735,-0.21375193427182324,155552.0,2024,8,16,False,True,False,True,False,False,False,False,False,False,False,True
1.2249626125429778,-0.640357210385548,145944.0,2024,8,16,True,False,False,True,False,False,False,False,True,False,False,True
1.575166350745482,-1.1344951061071147,124770.0,2024,8,16,False,False,True,False,False,True,True,False,False,False,False,True
0.17435139793546492,-1.5884570402615894,54252.0,2024,8,16,False,False,True,False,False,False,False,False,True,False,True,False
-0.8762598166720479,-0.2327826529088667,57900.0,2024,8,16,False,True,False,False,True,False,False,False,False,False,False,False
0.8747588743404735,-1.6673552279443322,67560.0,2024,8,16,False,False,True,False,True,False,False,False,True,False,False,True
-1.2264635548745522,0.6171239551107628,51462.0,2024,8,16,True,False,False,False,True,False,False,False,False,True,False,False
0.8747588743404735,-0.04591156851456471,165712.0,2024,8,16,False,True,False,False,True,False,False,False,True,False,False,True
1.2249626125429778,-0.34723128026775324,165906.0,2024,8,16,False,True,False,False,False,True,True,False,False,False,False,True
1.2249626125429778,-0.9256858321728875,126513.0,2024,8,16,False,False,True,False,False,True,False,True,False,False,False,True
-0.17585234026703933,-1.1253762200935313,62730.0,2024,8,17,False,False,True,False,True,False,False,False,False,False,True,False
-0.5260560784695436,-0.2804916072697882,75756.0,2024,8,17,False,True,False,False,True,False,False,False,True,False,True,False
1.575166350745482,-1.3308815498199384,109910.0,2024,8,17,False,False,True,False,True,False,False,True,False,False,False,True
-1.2264635548745522,0.37249992596376635,47760.0,2024,8,17,False,True,False,False,True,False,True,False,False,False,False,False
0.5245551361379692,1.6379105575588453,234185.0,2024,8,17,False,False,False,False,True,False,False,False,False,True,True,False
0.8747588743404735,-0.46974153149372067,140056.0,2024,8,17,False,True,False,False,False,True,True,False,False,False,False,True
1.575166350745482,0.7315725824696493,265970.0,2024,8,17,True,False,False,False,True,False,False,False,False,False,False,True
-1.5766672930770564,-1.2618951947606558,11513.0,2024,8,17,False,False,True,False,False,True,False,True,False,False,False,False
1.2249626125429778,-0.8700474117131979,130302.0,2024,8,17,False,False,True,False,False,True,False,False,False,False,False,True
-0.17585234026703933,1.891124841646174,176855.0,2024,8,17,False,False,False,False,True,False,True,False,False,False,True,False
0.17435139793546492,1.875662382753576,211524.0,2024,8,17,False,False,False,True,False,False,False,False,False,False,True,False
0.8747588743404735,-0.6140578144913004,131320.0,2024,8,17,True,False,False,True,False,False,False,True,False,False,False,True
-0.17585234026703933,-0.17410460377798262,98720.0,2024,8,17,True,False,False,False,True,False,True,False,False,False,True,False
-1.5766672930770564,-0.04049310001373983,20755.0,2024,8,17,False,True,False,False,False,False,False,False,True,False,False,False
0.8747588743404735,-0.3584646905743414,146792.0,2024,8,17,False,True,False,False,False,False,False,True,False,False,False,True
-0.17585234026703933,1.5875584478316678,165370.0,2024,8,18,False,False,False,False,False,True,False,False,False,True,True,False
1.2249626125429778,-1.4980611267356327,87534.0,2024,8,18,False,False,True,False,False,False,True,False,False,False,False,True
1.2249626125429778,-0.600974195428333,148626.0,2024,8,18,False,True,False,False,False,True,False,True,False,False,False,True
1.575166350745482,1.2842563695537872,307790.0,2024,8,18,True,False,False,True,False,False,False,True,False,False,False,True
-0.17585234026703933,0.6826742081939126,131135.0,2024,8,18,True,False,False,False,True,False,False,False,False,False,True,False
0.8747588743404735,-0.01300428420467702,167704.0,2024,8,18,False,True,False,False,False,True,True,False,False,False,False,True
1.2249626125429778,-1.4455944927154505,91107.0,2024,8,18,False,False,True,False,False,True,False,False,False,True,False,True
1.575166350745482,-0.027805954255710842,208510.0,2024,8,18,False,True,False,True,False,False,False,False,True,False,False,True
-1.5766672930770564,-0.49670171622953224,17303.0,2024,8,18,True,False,False,False,False,True,False,False,True,False,False,False
0.8747588743404735,-0.5496969813229658,135216.0,2024,8,18,True,False,False,False,False,False,False,True,False,False,False,True
-1.2264635548745522,0.048052604755837496,42850.0,2024,8,18,False,True,False,True,False,False,False,False,False,False,False,False
-1.5766672930770564,-0.7943210104699623,15051.0,2024,8,18,True,False,False,False,True,False,False,False,True,False,False,False
0.17435139793546492,2.2343385659545207,227808.0,2024,8,19,False,False,False,False,True,False,False,True,False,False,True,False
-1.2264635548745522,1.4035948343402473,63364.0,2024,8,19,True,False,False,True,False,False,False,True,False,False,False,False
1.2249626125429778,-0.18837764275576524,176724.0,2024,8,19,False,True,False,False,False,True,False,False,False,True,False,True
0.8747588743404735,1.8874244241334155,282744.0,2024,8,19,False,False,False,False,False,True,False,True,False,False,False,True
0.5245551361379692,-0.8897389191918054,100303.0,2024,8,19,False,False,True,False,False,True,False,False,True,False,True,False
-1.5766672930770564,-0.3004474302850213,18788.0,2024,8,19,False,True,False,False,False,True,False,False,True,False,False,False
0.17435139793546492,-0.22723202663972902,116052.0,2024,8,20,True,False,False,False,True,False,False,False,False,True,True,False
1.2249626125429778,-0.9247607277946979,126576.0,2024,8,20,False,False,True,False,False,True,False,True,False,False,False,True
0.8747588743404735,0.13752341390360442,176816.0,2024,8,20,False,True,False,False,False,False,False,False,False,True,False,True
1.2249626125429778,-0.25538163129035585,172161.0,2024,8,20,False,True,False,False,True,False,False,False,False,False,False,True
0.5245551361379692,-0.592251782719688,116060.0,2024,8,20,False,True,False,False,True,False,False,True,False,False,True,False
-0.17585234026703933,-1.6170031182171547,44130.0,2024,8,20,False,False,True,False,True,False,False,False,False,False,True,False
-1.5766672930770564,0.51086910938727,24927.0,2024,8,20,False,True,False,False,False,False,False,False,True,False,False,False
-0.17585234026703933,0.6788416329128414,130990.0,2024,8,21,True,False,False,False,False,False,False,False,True,False,True,False
-0.17585234026703933,-1.3809693440104902,53060.0,2024,8,21,False,False,True,False,False,True,True,False,False,False,True,False
1.2249626125429778,-0.06666033813967462,185013.0,2024,8,21,False,True,False,True,False,False,True,False,False,False,False,True
1.2249626125429778,-0.548904034713089,152172.0,2024,8,21,True,False,False,True,False,False,False,False,False,True,False,True
-1.5766672930770564,-0.30295842788296456,18769.0,2024,8,21,True,False,False,True,False,False,False,False,False,True,False,False
0.17435139793546492,-0.07604353968988356,122916.0,2024,8,21,False,True,False,False,False,True,False,True,False,False,True,False
0.17435139793546492,-1.658764973004,51060.0,2024,8,21,False,False,True,False,False,True,False,False,False,False,True,False
1.575166350745482,-0.4049842250204477,179970.0,2024,8,21,True,False,False,False,True,False,False,False,False,True,False,True
1.575166350745482,-0.5816791612546639,166600.0,2024,8,22,False,True,False,True,False,False,False,True,False,False,False,True
-1.5766672930770564,0.3687995084510079,23852.0,2024,8,22,True,False,False,False,True,False,False,False,False,False,False,False
-0.5260560784695436,-1.3470047975541002,43476.0,2024,8,22,False,False,True,True,False,False,False,False,False,False,True,False
-0.5260560784695436,0.27932869930324095,92700.0,2024,8,22,True,False,False,False,True,False,False,False,True,False,True,False
1.2249626125429778,0.5180056288761613,224829.0,2024,8,22,False,True,False,True,False,False,False,False,True,False,False,True
0.8747588743404735,-1.6697340677739627,67416.0,2024,8,22,False,False,True,True,False,False,False,False,False,False,False,True
0.5245551361379692,-0.07406117316519154,143507.0,2024,8,23,False,True,False,False,False,True,False,False,True,False,True,False
-1.2264635548745522,1.9758379711346798,72024.0,2024,8,23,False,False,False,False,False,False,False,True,False,False,False,False
0.5245551361379692,0.9796327135927786,199318.0,2024,8,23,True,False,False,False,False,True,False,True,False,False,True,False
1.575166350745482,-1.0545396562778695,130820.0,2024,8,23,True,False,False,False,False,True,False,False,False,False,False,True
1.575166350745482,-1.6766062717262282,83750.0,2024,8,23,False,False,True,False,True,False,False,True,False,False,False,True
-1.2264635548745522,-0.6075820838439732,32928.0,2024,8,23,True,False,False,False,False,True,False,False,False,False,False,False
-0.17585234026703933,-1.414537417161942,51790.0,2024,8,23,False,False,True,False,False,False,False,False,False,True,True,False
-0.17585234026703933,7.93348582903754e-05,105310.0,2024,8,24,False,True,False,True,False,False,False,False,False,False,True,False
-1.2264635548745522,-0.982777988084018,27250.0,2024,8,24,True,False,False,False,False,False,True,False,False,False,False,False
0.8747588743404735,0.24615709945672765,183392.0,2024,8,24,False,True,False,False,False,True,False,False,False,False,False,True
0.17435139793546492,0.8531577293174272,165102.0,2024,8,24,True,False,False,False,False,False,False,True,False,False,True,False
-0.17585234026703933,-1.3809693440104902,53060.0,2024,8,24,False,False,True,False,True,False,False,False,True,False,True,False
0.5245551361379692,1.4433743226024007,223881.0,2024,8,24,True,False,False,False,False,False,False,False,True,False,True,False
-0.8762598166720479,0.4236449823008207,72801.0,2024,8,24,False,True,False,False,False,True,False,False,False,True,False,False
-0.5260560784695436,-1.593346877689163,36020.0,2024,8,24,False,False,True,False,False,False,False,True,False,False,True,False
-0.5260560784695436,-0.19234237580514932,78424.0,2024,8,24,True,False,False,True,False,False,False,False,True,False,True,False
0.8747588743404735,-0.6324277442867798,130208.0,2024,8,24,True,False,False,False,False,False,False,False,False,True,False,True
0.5245551361379692,-0.07947964166601641,143220.0,2024,8,24,False,True,False,False,True,False,False,False,True,False,True,False
1.575166350745482,0.6718372711922628,261450.0,2024,8,24,True,False,False,True,False,False,False,False,True,False,False,True
0.5245551361379692,-0.18824548498745244,137459.0,2024,8,24,False,True,False,False,True,False,False,True,False,False,True,False
0.5245551361379692,0.05928601506242566,150570.0,2024,8,24,False,True,False,True,False,False,True,False,False,False,True,False
-1.5766672930770564,0.8424529500840902,27436.0,2024,8,25,True,False,False,False,False,False,False,False,True,False,False,False
0.17435139793546492,-0.12044854984298503,120900.0,2024,8,25,False,True,False,False,False,True,False,False,True,False,True,False
1.575166350745482,1.3868107977645214,315550.0,2024,8,25,True,False,False,True,False,False,False,False,True,False,False,True
1.2249626125429778,-0.6452470478131217,145611.0,2024,8,25,True,False,False,False,False,False,True,False,False,False,False,True
0.5245551361379692,2.1975987063635616,263830.0,2024,8,25,False,False,False,False,False,False,False,True,False,False,True,False
-0.5260560784695436,1.7205091627543465,136320.0,2024,8,26,False,False,False,False,True,False,False,False,False,True,True,False
-1.2264635548745522,0.5267280415848062,50094.0,2024,8,26,True,False,False,False,False,False,False,False,False,True,False,False
0.5245551361379692,-0.36282589692866385,128212.0,2024,8,26,False,True,False,False,False,False,False,False,False,True,True,False
-0.17585234026703933,0.9143467760462545,139900.0,2024,8,26,True,False,False,False,True,False,False,False,True,False,True,False
1.575166350745482,0.603643862742857,256290.0,2024,8,26,True,False,False,False,False,False,False,True,False,False,False,True
0.8747588743404735,1.5964130183086254,265128.0,2024,8,26,False,False,False,True,False,False,False,False,True,False,False,True
-1.5766672930770564,1.9660582962795325,35938.0,2024,8,26,False,False,False,True,False,False,True,False,False,False,False,False
0.5245551361379692,-0.07696864406807317,143353.0,2024,8,26,False,True,False,False,True,False,False,False,False,True,True,False
1.2249626125429778,-0.0646779716149826,185148.0,2024,8,26,False,True,False,False,True,False,False,False,False,False,False,True
-0.17585234026703933,-1.162909026294367,61310.0,2024,8,26,False,False,True,False,False,False,False,False,False,False,True,False
-0.5260560784695436,-1.272996447298931,45716.0,2024,8,26,False,False,True,False,False,True,True,False,False,False,True,False
-0.5260560784695436,-0.5450714594320177,67748.0,2024,8,27,True,False,False,False,True,False,False,True,False,False,True,False
0.8747588743404735,-1.0984160353577197,102000.0,2024,8,27,False,False,True,False,False,False,False,False,True,False,False,True
-0.5260560784695436,-1.6603508662237536,33992.0,2024,8,27,False,False,True,False,False,False,False,False,False,True,True,False
0.17435139793546492,-0.08384084802033888,122562.0,2024,8,27,True,False,False,False,True,False,True,False,False,False,True,False
0.17435139793546492,-0.022123170218260355,125364.0,2024,8,27,False,True,False,False,True,False,True,False,False,False,True,False
-1.2264635548745522,2.1309911911339094,74372.0,2024,8,27,False,False,False,False,True,False,False,True,False,False,False,False
0.17435139793546492,0.4771688784675055,148032.0,2024,8,27,False,True,False,False,False,False,False,False,False,False,True,False
0.5245551361379692,-0.7589027285621314,107233.0,2024,8,27,True,False,False,False,False,True,False,False,True,False,True,False
1.575166350745482,1.3069875057035891,309510.0,2024,8,27,True,False,False,False,False,False,False,False,False,False,False,True
0.8747588743404735,1.2352258375097376,243264.0,2024,8,27,True,False,False,False,True,False,False,True,False,False,False,True
-1.5766672930770564,1.2317897355336047,30382.0,2024,8,27,True,False,False,False,False,True,True,False,False,False,False,False
-1.2264635548745522,-0.00956818222854417,41978.0,2024,8,27,True,False,False,False,False,True,False,False,False,True,False,False
1.2249626125429778,-1.0966979843696532,114867.0,2024,8,27,False,False,True,False,False,False,False,True,False,False,False,True
1.575166350745482,-0.6336171642015951,162670.0,2024,8,27,False,True,False,False,False,True,False,False,False,False,False,True
-1.2264635548745522,-0.8223384573522763,29678.0,2024,8,27,True,False,False,True,False,False,True,False,False,False,False,False
-1.5766672930770564,-1.068944853023965,12973.0,2024,8,28,False,False,True,True,False,False,True,False,False,False,False,False
0.8747588743404735,-1.3830838683034952,84768.0,2024,8,28,False,False,True,False,False,False,False,True,False,False,False,True
-0.17585234026703933,-0.14040437285821813,99995.0,2024,8,28,False,True,False,False,False,False,False,True,False,False,True,False
-0.5260560784695436,1.410467038292513,126936.0,2024,8,28,True,False,False,False,False,False,False,False,True,False,True,False
0.8747588743404735,0.3035135709044837,186864.0,2024,8,28,False,True,False,False,False,False,False,False,True,False,False,True
1.2249626125429778,1.4643874077641363,289278.0,2024,8,28,True,False,False,False,True,False,False,False,False,True,False,True
1.575166350745482,1.8271604817827778,320262.5,2024,8,29,False,False,False,True,False,False,False,False,False,False,False,True
1.575166350745482,-0.004678344800970496,210260.0,2024,8,29,False,True,False,False,False,True,False,False,False,False,False,True
-0.8762598166720479,0.25091477911598853,68880.0,2024,8,29,False,True,False,False,False,False,False,False,False,True,False,False
0.17435139793546492,1.0446543356026772,173796.0,2024,8,29,True,False,False,False,True,False,False,False,False,False,True,False
1.2249626125429778,-0.5083315998410588,154935.0,2024,8,29,False,True,False,True,False,False,False,True,False,False,False,True
0.8747588743404735,-1.4450658616421992,81016.0,2024,8,29,False,False,True,False,False,True,False,False,True,False,False,True
-0.17585234026703933,-0.06851054689605385,102715.0,2024,8,29,False,True,False,True,False,False,False,False,True,False,True,False
-1.5766672930770564,-0.9948043450004829,13534.0,2024,8,29,False,False,True,False,True,False,False,True,False,False,False,False
-0.8762598166720479,-0.5079351265361204,51654.0,2024,8,29,True,False,False,True,False,False,False,False,False,False,False,False
-0.8762598166720479,1.352449778003193,93885.0,2024,8,29,True,False,False,False,False,True,False,False,False,True,False,False
0.17435139793546492,-0.7010176260411242,94542.0,2024,8,29,True,False,False,False,True,False,False,False,True,False,True,False
0.17435139793546492,-0.5794324791933463,100062.0,2024,8,29,True,False,False,True,False,False,False,False,False,False,True,False
-0.17585234026703933,-0.1524307297746831,99540.0,2024,8,29,False,True,False,False,False,True,False,True,False,False,True,False
1.2249626125429778,-0.3139275226529271,168174.0,2024,8,29,False,True,False,False,False,True,False,False,True,False,False,True
1.575166350745482,-0.004149713727719288,210300.0,2024,8,29,False,True,False,True,False,False,False,False,False,False,False,True
-0.8762598166720479,2.128480193535966,111501.0,2024,8,30,False,False,False,False,False,False,False,False,True,False,False,False
-0.17585234026703933,0.39377732666212745,120205.0,2024,8,30,False,True,False,False,False,False,False,False,True,False,True,False
1.2249626125429778,0.16395496756616482,200718.0,2024,8,30,False,True,False,True,False,False,False,False,False,True,False,True
0.5245551361379692,1.2617895489406108,214263.0,2024,8,30,True,False,False,False,False,True,False,True,False,False,True,False
-0.5260560784695436,-0.20291499727017345,78104.0,2024,8,30,True,False,False,False,False,False,True,False,False,False,True,False
0.17435139793546492,-0.2970113283088885,112884.0,2024,8,30,False,True,False,False,False,False,False,False,False,True,True,False
-1.2264635548745522,-1.150221880536338,24716.0,2024,8,30,False,False,True,False,False,False,False,False,False,False,False,False
-0.5260560784695436,1.7610815976263767,137548.0,2024,8,30,False,False,False,False,False,False,False,False,False,True,True,False
-1.2264635548745522,-0.15388446522612392,39794.0,2024,8,30,False,True,False,False,False,False,False,True,False,False,False,False
-0.5260560784695436,-0.4676270072007158,70092.0,2024,8,30,True,False,False,False,False,True,False,False,True,False,True,False
1.2249626125429778,-0.08661616115490772,183654.0,2024,8,31,True,False,False,False,False,True,False,False,True,False,False,True
-1.5766672930770564,1.977820337659372,36027.0,2024,8,31,False,False,False,False,False,True,False,False,False,True,False,False
0.5245551361379692,0.07699515601634113,151508.0,2024,8,31,False,True,False,False,False,True,False,False,False,False,True,False
-1.2264635548745522,0.38598001833167217,47964.0,2024,8,31,True,False,False,True,False,False,False,False,False,False,False,False
-0.17585234026703933,1.6717429462469227,168555.0,2024,8,31,False,False,False,False,False,True,False,False,False,True,True,False
0.17435139793546492,-0.9798705171811363,81882.0,2024,8,31,True,False,False,False,False,True,False,False,True,False,True,False
-0.8762598166720479,1.4658411432155771,96459.0,2024,8,31,True,False,False,False,False,False,False,False,False,True,False,False
1.2249626125429778,1.6578663805740783,302454.0,2024,8,31,False,False,False,False,False,False,False,False,True,False,False,True
-1.2264635548745522,-0.10458961764544879,40540.0,2024,8,31,False,True,False,False,False,False,False,True,False,False,False,False
-1.5766672930770564,-1.7175751799031969,8065.0,2024,8,31,False,False,True,False,False,True,False,True,False,False,False,False
0.5245551361379692,-0.16630729544752731,138621.0,2024,8,31,False,True,False,False,False,True,False,False,False,True,True,False
-0.8762598166720479,2.1023129554100315,110907.0,2024,8,31,False,False,False,False,False,True,False,False,False,False,False,False
-0.8762598166720479,0.4710896211251166,73878.0,2024,8,31,True,False,False,False,True,False,True,False,False,False,False,False
-1.5766672930770564,0.3298129667987313,23557.0,2024,8,31,False,True,False,False,True,False,False,False,False,False,False,False
-0.5260560784695436,-0.21176956774713118,77836.0,2024,9,1,False,True,False,False,True,False,False,False,False,False,True,False
1.575166350745482,0.6678725381428787,261150.0,2024,9,1,True,False,False,False,False,True,False,False,False,True,False,True
1.2249626125429778,1.7727114812379032,310275.0,2024,9,1,False,False,False,False,False,False,False,True,False,False,False,True
0.8747588743404735,0.7868145296244006,216120.0,2024,9,1,True,False,False,True,False,False,True,False,False,False,False,True
1.2249626125429778,1.4376915385649502,287460.0,2024,9,1,True,False,False,False,False,False,False,False,True,False,False,True
-1.2264635548745522,0.17069501375011772,44706.0,2024,9,1,False,True,False,True,False,False,False,False,False,False,False,False
-0.5260560784695436,1.3768989651410615,125920.0,2024,9,1,True,False,False,False,True,False,False,True,False,False,True,False
0.17435139793546492,1.7006854975074261,203580.0,2024,9,1,False,False,False,False,False,False,False,False,False,False,True,False
0.8747588743404735,-0.9322937205885276,112056.0,2024,9,1,False,False,True,True,False,False,False,True,False,False,False,True
-0.17585234026703933,-0.3789491446628257,90970.0,2024,9,1,True,False,False,False,False,True,False,False,False,False,True,False
1.2249626125429778,-0.3190816756171264,167823.0,2024,9,1,True,False,False,False,False,False,False,False,False,True,False,True
0.5245551361379692,-0.1904921670487701,137340.0,2024,9,1,False,True,False,True,False,False,False,False,False,False,True,False
-1.5766672930770564,0.5466838646000394,25198.0,2024,9,1,True,False,False,True,False,False,False,True,False,False,False,False
-0.17585234026703933,-0.1842807519380684,98335.0,2024,9,2,True,False,False,True,False,False,False,True,False,False,True,False
-0.8762598166720479,0.1757170089460042,67173.0,2024,9,2,False,True,False,False,False,True,False,False,True,False,False,False
1.575166350745482,-0.04776177727094394,207000.0,2024,9,2,False,True,False,False,False,True,True,False,False,False,False,True
-1.5766672930770564,-1.7034342986937272,8172.0,2024,9,2,False,False,True,True,False,False,False,False,True,False,False,False
0.17435139793546492,1.5155324641011907,195174.0,2024,9,2,True,False,False,False,True,False,False,False,True,False,True,False
-0.5260560784695436,-1.3341854940277584,43864.0,2024,9,2,False,False,True,False,False,True,False,True,False,False,True,False
0.5245551361379692,-1.4779731459520868,69146.0,2024,9,2,False,False,True,False,False,False,False,True,False,False,True,False
0.17435139793546492,1.364476134919658,188316.0,2024,9,2,True,False,False,False,False,True,True,False,False,False,True,False
-1.5766672930770564,-0.10128567343762875,20295.0,2024,9,2,False,True,False,False,True,False,True,False,False,False,False,False
1.2249626125429778,-0.6346744263480976,146331.0,2024,9,2,True,False,False,True,False,False,False,False,True,False,False,True
-0.17585234026703933,0.2823683279744354,115990.0,2024,9,3,True,False,False,False,False,True,False,True,False,False,True,False
-0.17585234026703933,-0.5351596268085577,85060.0,2024,9,3,True,False,False,True,False,False,False,False,False,False,True,False
-0.17585234026703933,-1.3700002492405277,53475.0,2024,9,3,False,False,True,False,True,False,False,False,True,False,True,False
0.5245551361379692,-1.7043594030719167,57155.0,2024,9,3,False,False,True,False,True,False,True,False,False,False,True,False
-0.8762598166720479,-0.30124037689489813,56346.0,2024,9,3,False,True,False,True,False,False,False,True,False,False,False,False
-0.17585234026703933,-0.054237507918271234,103255.0,2024,9,3,False,True,False,True,False,False,True,False,False,False,True,False
-0.17585234026703933,-0.3722090984788728,91225.0,2024,9,3,True,False,False,True,False,False,False,True,False,False,True,False
1.575166350745482,0.766462233304229,268610.0,2024,9,4,True,False,False,True,False,False,False,False,False,True,False,True
-1.2264635548745522,-0.4283761500118136,35640.0,2024,9,4,False,True,False,True,False,False,True,False,False,False,False,False
0.8747588743404735,0.5639965322490165,202632.0,2024,9,4,True,False,False,False,False,True,False,False,False,False,False,True
0.8747588743404735,-0.24282664330063966,153792.0,2024,9,4,True,False,False,False,False,False,True,False,False,False,False,True
0.8747588743404735,-0.8228670884255276,118680.0,2024,9,4,True,False,False,False,True,False,False,False,False,False,False,True
0.8747588743404735,0.2600336651295719,184232.0,2024,9,4,False,True,False,True,False,False,True,False,False,False,False,True
0.17435139793546492,0.41175078315266855,145062.0,2024,9,5,True,False,False,False,True,False,False,False,True,False,True,False
-0.8762598166720479,-1.501365070943453,29103.0,2024,9,5,False,False,True,True,False,False,True,False,False,False,False,False
-1.2264635548745522,0.012634322848006562,42314.0,2024,9,5,False,True,False,True,False,False,True,False,False,False,False,False
1.2249626125429778,2.1911229757162345,320262.5,2024,9,5,False,False,False,False,False,True,False,False,True,False,False,True
-0.17585234026703933,2.0235469254956016,181865.0,2024,9,5,False,False,False,False,False,False,False,False,False,True,True,False
-1.5766672930770564,-1.1138784942503175,12633.0,2024,9,5,False,False,True,True,False,False,False,False,True,False,False,False
1.2249626125429778,0.38875533146624097,216027.0,2024,9,6,False,True,False,True,False,False,False,False,False,True,False,True
0.17435139793546492,0.35915199136417336,142674.0,2024,9,6,False,True,False,True,False,False,True,False,False,False,True,False
-1.2264635548745522,-1.6125097540945195,17720.0,2024,9,6,False,False,True,True,False,False,False,False,True,False,False,False
-0.8762598166720479,-0.6542337760583922,48333.0,2024,9,6,False,True,False,False,False,True,True,False,False,False,False,False
-0.8762598166720479,-0.8518096396860312,43848.0,2024,9,6,True,False,False,True,False,False,False,False,True,False,False,False
0.5245551361379692,-0.13287138006438842,140392.0,2024,9,6,True,False,False,False,False,True,True,False,False,False,True,False
-0.8762598166720479,2.169977732786186,112443.0,2024,9,6,False,False,False,True,False,False,False,False,False,False,False,False
-0.17585234026703933,-0.541635357455885,84815.0,2024,9,6,True,False,False,True,False,False,False,False,False,True,True,False
1.2249626125429778,0.6050975981942979,230760.0,2024,9,6,True,False,False,False,False,False,True,False,False,False,False,True
-0.8762598166720479,-1.1477108829383948,37131.0,2024,9,7,False,False,True,False,False,True,True,False,False,False,False,False
1.2249626125429778,1.5714352000975058,296568.0,2024,9,7,True,False,False,False,False,False,False,False,False,False,False,True
-0.5260560784695436,1.935133378494337,142816.0,2024,9,7,False,False,False,False,False,True,False,True,False,False,True,False
0.8747588743404735,-1.715592813378505,64640.0,2024,9,7,False,False,True,False,False,False,False,False,False,False,False,True
-0.8762598166720479,-0.9525138591403863,41562.0,2024,9,7,False,False,True,False,True,False,False,False,True,False,False,False
-0.5260560784695436,0.47188256773499343,98528.0,2024,9,7,True,False,False,False,True,False,True,False,False,False,True,False
0.17435139793546492,1.6802010434189418,202650.0,2024,9,7,False,False,False,False,True,False,True,False,False,False,True,False
1.575166350745482,1.7470728741852197,320262.5,2024,9,7,False,False,False,False,True,False,False,False,False,True,False,True
-0.5260560784695436,-1.3528197393598635,43300.0,2024,9,7,False,False,True,False,True,False,False,True,False,False,True,False
-0.17585234026703933,0.7175638590284923,132455.0,2024,9,7,True,False,False,False,False,False,False,False,False,True,True,False
0.5245551361379692,-0.12890664701500434,140602.0,2024,9,7,False,True,False,False,False,True,False,False,True,False,True,False
-0.8762598166720479,-0.2931787530278172,56529.0,2024,9,7,False,True,False,False,False,True,False,False,False,True,False,False
-0.17585234026703933,-0.8516774819177184,73085.0,2024,9,7,False,False,True,False,True,False,False,True,False,False,True,False
1.575166350745482,-1.3115865156462692,111370.0,2024,9,7,False,False,True,False,False,False,True,False,False,False,False,True
1.575166350745482,-0.10445745987713599,202710.0,2024,9,7,False,True,False,True,False,False,False,True,False,False,False,True
-0.5260560784695436,-0.43458756512251534,71092.0,2024,9,8,True,False,False,False,True,False,True,False,False,False,True,False
-0.8762598166720479,-1.2834369109956425,34050.0,2024,9,8,False,False,True,True,False,False,False,False,True,False,False,False
-1.2264635548745522,0.9734212984820769,56854.0,2024,9,8,True,False,False,False,False,True,True,False,False,False,False,False
0.5245551361379692,2.088436389737187,258048.0,2024,9,8,False,False,False,False,False,False,False,False,False,True,True,False
-1.2264635548745522,-1.4655503157306835,19944.0,2024,9,8,False,False,True,True,False,False,False,False,False,False,False,False
0.8747588743404735,-0.2845884980874851,151264.0,2024,9,8,False,True,False,False,False,False,True,False,False,False,False,True
1.2249626125429778,1.0015709031327038,257760.0,2024,9,8,True,False,False,False,False,True,False,True,False,False,False,True
-0.8762598166720479,0.7294580581766444,79743.0,2024,9,9,True,False,False,True,False,False,False,False,False,False,False,False
-1.2264635548745522,0.8601620910380057,55140.0,2024,9,9,True,False,False,True,False,False,False,False,False,True,False,False
-1.5766672930770564,-1.0660373821210831,12995.0,2024,9,9,False,False,True,True,False,False,False,False,False,True,False,False
-0.5260560784695436,-0.06295992062691617,82340.0,2024,9,9,False,True,False,False,False,True,False,False,False,False,True,False
-0.8762598166720479,0.9284876572557242,84261.0,2024,9,9,True,False,False,False,False,True,False,False,False,False,False,False
1.2249626125429778,1.1279137296397423,266364.0,2024,9,9,True,False,False,False,True,False,True,False,False,False,False,True
0.17435139793546492,0.3579625714493581,142620.0,2024,9,9,True,False,False,False,False,False,False,False,False,True,True,False
-1.5766672930770564,-1.0693413263289033,12970.0,2024,9,9,False,False,True,False,False,False,False,False,True,False,False,False
0.8747588743404735,0.6872997300848607,210096.0,2024,9,9,True,False,False,False,True,False,False,False,False,True,False,True
-1.5766672930770564,0.8756245499306035,27687.0,2024,9,9,True,False,False,False,True,False,False,False,False,False,False,False
0.8747588743404735,0.12615784582870346,176128.0,2024,9,9,False,True,False,False,False,True,False,False,False,False,False,True
-1.2264635548745522,-1.6849322111299347,16624.0,2024,9,9,False,False,True,False,False,False,False,False,True,False,False,False
-0.8762598166720479,-0.21309114543025923,58347.0,2024,9,9,False,True,False,False,False,True,False,False,True,False,False,False
-1.2264635548745522,-0.6082428726855371,32918.0,2024,9,9,False,True,False,True,False,False,False,False,True,False,False,False
-1.2264635548745522,1.506017104782669,64914.0,2024,9,9,True,False,False,False,False,False,False,True,False,False,False,False
-1.5766672930770564,-0.04445783306312389,20725.0,2024,9,10,False,True,False,False,False,False,False,True,False,False,False,False
0.17435139793546492,0.15430745047933028,133374.0,2024,9,10,False,True,False,False,True,False,False,False,False,False,True,False
-1.5766672930770564,-0.5985953555987026,16532.0,2024,9,10,False,True,False,False,False,True,True,False,False,False,False,False
-0.17585234026703933,-1.3710575113870302,53435.0,2024,9,10,False,False,True,False,False,True,False,False,False,False,True,False
-0.17585234026703933,-0.010096813301795377,104925.0,2024,9,10,True,False,False,False,False,True,True,False,False,False,True,False
-0.8762598166720479,-0.6654671863649804,48078.0,2024,9,10,False,True,False,False,False,False,False,False,False,True,False,False
0.17435139793546492,-1.598765346189988,53784.0,2024,9,10,False,False,True,False,False,False,False,False,False,False,True,False
-1.2264635548745522,0.2083599777192663,45276.0,2024,9,10,False,True,False,True,False,False,False,False,True,False,False,False
-1.2264635548745522,-0.8678007296518803,28990.0,2024,9,10,True,False,False,False,True,False,False,True,False,False,False,False
1.575166350745482,0.9386638054158101,281640.0,2024,9,10,True,False,False,False,False,True,False,False,True,False,False,True
0.17435139793546492,0.35809472921767094,142626.0,2024,9,10,False,True,False,False,True,False,False,True,False,False,True,False
-0.5260560784695436,0.39985658400451635,96348.0,2024,9,10,True,False,False,False,False,False,False,False,True,False,True,False
-0.17585234026703933,-0.476217262141048,87290.0,2024,9,10,False,True,False,False,False,False,False,True,False,False,True,False
0.17435139793546492,0.043559240633202226,128346.0,2024,9,10,False,True,False,False,False,True,False,True,False,False,True,False
-0.5260560784695436,0.4478298539020635,97800.0,2024,9,10,True,False,False,False,False,False,False,False,False,True,True,False
-1.2264635548745522,0.7865502140877749,54026.0,2024,9,11,True,False,False,False,False,False,True,False,False,False,False,False
0.17435139793546492,1.4831538108645541,193704.0,2024,9,11,True,False,False,True,False,False,False,True,False,False,True,False
1.575166350745482,-0.2514168982409718,191590.0,2024,9,11,True,False,False,False,False,True,True,False,False,False,False,True
-0.5260560784695436,0.06510095686818895,86216.0,2024,9,11,False,True,False,False,False,False,False,False,False,True,True,False
0.17435139793546492,0.40501073696871565,144756.0,2024,9,11,False,True,False,False,False,False,False,False,True,False,True,False
-0.5260560784695436,-1.4466517548619529,40460.0,2024,9,11,False,False,True,False,False,True,False,False,False,False,True,False
-1.5766672930770564,0.3809580231357857,23944.0,2024,9,11,True,False,False,False,False,True,False,False,False,False,False,False
0.8747588743404735,-0.826567505938286,118456.0,2024,9,11,False,False,True,False,False,False,False,False,False,True,False,True
0.5245551361379692,0.23241269155219627,159740.0,2024,9,11,False,True,False,False,True,False,False,False,False,True,True,False
0.17435139793546492,-1.0569184961074998,78384.0,2024,9,11,True,False,False,False,False,True,False,False,False,False,True,False
0.17435139793546492,1.9422698979832282,214548.0,2024,9,11,False,False,False,False,True,False,False,True,False,False,True,False
-0.17585234026703933,1.0931562365734755,146665.0,2024,9,11,True,False,False,True,False,False,True,False,False,False,True,False
0.8747588743404735,-0.17476539261954663,157912.0,2024,9,12,True,False,False,True,False,False,False,False,False,False,False,True
-0.5260560784695436,1.8512131956157076,140276.0,2024,9,12,False,False,False,False,False,False,True,False,False,False,True,False
0.8747588743404735,1.3512603580883777,250288.0,2024,9,12,True,False,False,False,False,False,False,False,True,False,False,True
1.2249626125429778,-0.02357690566970118,187947.0,2024,9,12,False,True,False,True,False,False,False,False,False,False,False,True
1.575166350745482,0.6899428854511167,262820.0,2024,9,12,True,False,False,False,True,False,False,True,False,False,False,True
-0.8762598166720479,-1.4007930092574106,31386.0,2024,9,12,False,False,True,False,False,True,True,False,False,False,False,False
-0.8762598166720479,-1.1011913484922886,38187.0,2024,9,12,False,False,True,False,True,False,False,False,True,False,False,False
0.17435139793546492,-0.9653331626667281,82542.0,2024,9,13,False,False,True,True,False,False,False,True,False,False,True,False
-1.5766672930770564,1.737425357098385,34208.0,2024,9,13,False,False,False,False,False,True,False,True,False,False,False,False
-0.17585234026703933,0.34316090139832434,118290.0,2024,9,13,True,False,False,False,False,True,False,True,False,False,True,False
0.5245551361379692,-0.042739782075057464,145166.0,2024,9,13,False,True,False,False,False,True,False,True,False,False,True,False
0.17435139793546492,-1.720879124111017,48240.0,2024,9,13,False,False,True,True,False,False,False,True,False,False,True,False
-1.2264635548745522,1.426590286026675,63712.0,2024,9,13,True,False,False,True,False,False,False,True,False,False,False,False
0.5245551361379692,2.0794496614919167,257572.0,2024,9,13,False,False,False,False,False,True,False,False,True,False,True,False
-0.8762598166720479,-0.3243679863496385,55821.0,2024,9,13,False,True,False,False,False,True,False,False,False,False,False,False
-0.17585234026703933,1.3766346496044357,157390.0,2024,9,13,True,False,False,True,False,False,True,False,False,False,True,False
0.8747588743404735,1.5518758503872112,262432.0,2024,9,14,True,False,False,False,True,False,False,True,False,False,False,True
-0.8762598166720479,-0.15005188994505267,59778.0,2024,9,14,False,True,False,False,False,False,False,False,False,True,False,False
1.2249626125429778,0.9187079824005769,252117.0,2024,9,14,True,False,False,True,False,False,False,False,True,False,False,True
-0.8762598166720479,0.40091384615101877,72285.0,2024,9,14,False,True,False,False,False,True,False,False,True,False,False,False
-0.17585234026703933,0.33100238671354654,117830.0,2024,9,14,False,True,False,False,True,False,False,False,False,True,True,False
-0.8762598166720479,-0.20806915023437275,58461.0,2024,9,14,False,True,False,False,False,True,False,False,False,True,False,False
0.8747588743404735,-0.6312383243719647,130280.0,2024,9,15,False,True,False,False,False,False,False,False,False,False,False,True
-0.8762598166720479,-1.030751257981565,39786.0,2024,9,15,False,False,True,False,True,False,False,False,False,False,False,False
0.17435139793546492,-0.9556856455798936,82980.0,2024,9,15,True,False,False,True,False,False,False,False,True,False,True,False
0.17435139793546492,-1.322555610416232,66324.0,2024,9,15,False,False,True,True,False,False,False,False,False,False,True,False
0.8747588743404735,-0.23410423059199473,154320.0,2024,9,15,True,False,False,True,False,False,False,False,True,False,False,True
0.5245551361379692,0.5361112431350152,175826.0,2024,9,15,True,False,False,False,True,False,True,False,False,False,True,False
1.2249626125429778,1.9813885974038177,320262.5,2024,9,15,False,False,False,True,False,False,False,False,False,True,False,True
0.17435139793546492,-1.605373234605628,53484.0,2024,9,15,False,False,True,False,False,True,False,False,False,False,True,False
0.5245551361379692,-1.6396020965986438,60585.0,2024,9,15,False,False,True,False,False,True,False,False,True,False,True,False
-0.17585234026703933,-0.19075648258539568,98090.0,2024,9,16,False,True,False,True,False,False,False,False,False,False,True,False
0.8747588743404735,-0.3640153168434791,146456.0,2024,9,16,True,False,False,False,True,False,False,False,True,False,False,True
0.8747588743404735,1.975177182293116,288056.0,2024,9,16,False,False,False,False,True,False,True,False,False,False,False,True
-0.17585234026703933,1.377824069519251,157435.0,2024,9,16,True,False,False,False,False,False,False,False,False,True,True,False
1.2249626125429778,-0.3796099335043897,163701.0,2024,9,16,True,False,False,False,False,True,False,False,False,True,False,True
0.5245551361379692,0.9358884922812412,197001.0,2024,9,16,True,False,False,True,False,False,False,False,False,True,True,False
-1.5766672930770564,0.9011309992149743,27880.0,2024,9,16,True,False,False,False,True,False,False,False,False,True,False,False
1.2249626125429778,-0.24005133016607083,173205.0,2024,9,16,True,False,False,False,False,True,False,True,False,False,False,True
1.2249626125429778,-0.9630864806054105,123966.0,2024,9,16,True,False,False,False,False,True,False,True,False,False,False,True
0.5245551361379692,1.8751337516803248,246750.0,2024,9,16,False,False,False,False,False,False,False,False,False,False,True,False
1.2249626125429778,0.4757151430160647,221949.0,2024,9,17,False,True,False,True,False,False,False,False,True,False,False,True
0.17435139793546492,-0.6618989266205347,96318.0,2024,9,17,True,False,False,False,True,False,False,True,False,False,True,False
-1.2264635548745522,0.008801747566935306,42256.0,2024,9,17,False,True,False,False,True,False,False,False,False,True,False,False
0.5245551361379692,0.6899428854511167,183974.0,2024,9,17,True,False,False,False,True,False,False,True,False,False,True,False
-1.2264635548745522,0.7253611673589476,53100.0,2024,9,17,True,False,False,False,True,False,False,True,False,False,False,False
-0.17585234026703933,-0.07644001299482198,102415.0,2024,9,17,False,True,False,False,False,True,False,False,True,False,True,False
1.575166350745482,1.4289691258563053,318740.0,2024,9,17,True,False,False,False,False,True,False,False,False,False,False,True
-0.8762598166720479,0.5558027506136227,75801.0,2024,9,17,True,False,False,False,True,False,True,False,False,False,False,False
-0.8762598166720479,-0.3604470570990334,55002.0,2024,9,17,False,True,False,False,False,False,False,False,True,False,False,False
-0.5260560784695436,-0.6486831497892546,64612.0,2024,9,17,False,True,False,True,False,False,False,True,False,False,True,False
-0.17585234026703933,0.7568147162173945,133940.0,2024,9,17,True,False,False,False,False,False,False,False,True,False,True,False
-0.5260560784695436,-0.12071286537961064,80592.0,2024,9,17,False,True,False,False,False,False,False,True,False,False,True,False
1.575166350745482,-0.753880733366245,153570.0,2024,9,17,True,False,False,True,False,False,True,False,False,False,False,True
1.575166350745482,-0.3130024182747375,186930.0,2024,9,17,False,True,False,True,False,False,False,False,False,False,False,True
0.17435139793546492,-0.3001831147483957,112740.0,2024,9,18,True,False,False,False,False,False,False,False,False,True,True,False
-0.8762598166720479,2.077863768272163,110352.0,2024,9,18,False,False,False,True,False,False,False,True,False,False,False,False
-0.8762598166720479,-1.3039213650841268,33585.0,2024,9,18,False,False,True,False,False,False,False,False,False,False,False,False
1.575166350745482,-0.5839258433159815,166430.0,2024,9,18,True,False,False,True,False,False,True,False,False,False,False,True
-1.2264635548745522,1.1416581375442738,59400.0,2024,9,18,True,False,False,False,False,False,False,False,False,True,False,False
0.17435139793546492,0.7449205170692423,160188.0,2024,9,18,True,False,False,True,False,False,False,False,True,False,True,False
1.575166350745482,-0.8286820302312908,147910.0,2024,9,18,False,False,True,False,False,True,True,False,False,False,False,True
1.575166350745482,1.3841676423982654,315350.0,2024,9,18,True,False,False,True,False,False,False,False,True,False,False,True
1.2249626125429778,0.7874753184659645,243180.0,2024,9,18,True,False,False,False,False,True,False,False,False,False,False,True
-0.8762598166720479,-1.316476353073843,33300.0,2024,9,18,False,False,True,False,True,False,False,False,True,False,False,False
-0.5260560784695436,-0.440138191391653,70924.0,2024,9,18,False,True,False,False,True,False,True,False,False,False,True,False
-0.8762598166720479,0.4284026619600816,72909.0,2024,9,18,True,False,False,True,False,False,True,False,False,False,False,False
0.17435139793546492,-0.4332659874393873,106698.0,2024,9,18,False,True,False,True,False,False,True,False,False,False,True,False
0.17435139793546492,1.0313064010030841,173190.0,2024,9,19,True,False,False,False,False,False,True,False,False,False,True,False
1.2249626125429778,-1.3016746830228092,100908.0,2024,9,19,False,False,True,False,False,True,False,False,False,False,False,True
0.8747588743404735,1.887688739670041,282760.0,2024,9,19,False,False,False,True,False,False,False,True,False,False,False,True
0.5245551361379692,-1.149693249463087,86534.0,2024,9,19,False,False,True,False,True,False,True,False,False,False,True,False
0.8747588743404735,1.103464542501874,235288.0,2024,9,19,True,False,False,False,True,False,False,False,False,False,False,True
0.5245551361379692,0.0481847625241503,149982.0,2024,9,19,False,True,False,True,False,False,False,True,False,False,True,False
1.575166350745482,-0.4262616257188088,178360.0,2024,9,19,True,False,False,False,False,True,True,False,False,False,False,True
1.2249626125429778,-0.3174957823973728,167931.0,2024,9,19,False,True,False,True,False,False,False,False,True,False,False,True
1.575166350745482,1.187516883148816,300470.0,2024,9,19,True,False,False,False,False,True,True,False,False,False,False,True
-1.2264635548745522,1.9786132842692488,72066.0,2024,9,20,False,False,False,False,True,False,True,False,False,False,False,False
1.2249626125429778,-0.11542655464709856,181692.0,2024,9,20,False,True,False,False,False,True,False,True,False,False,False,True
0.17435139793546492,1.8368079988696122,209760.0,2024,9,20,False,False,False,False,False,True,False,False,False,False,True,False
0.17435139793546492,0.003251121297797623,126516.0,2024,9,20,False,True,False,False,False,False,False,False,True,False,True,False
-0.5260560784695436,-0.04366488645324708,82924.0,2024,9,20,True,False,False,True,False,False,False,False,False,False,True,False
1.575166350745482,0.33998911495881706,236340.0,2024,9,20,False,True,False,False,False,True,False,True,False,False,False,True
1.2249626125429778,1.6980423421411701,305190.0,2024,9,20,False,False,False,False,False,False,False,True,False,False,False,True
0.8747588743404735,-0.0646779716149826,164576.0,2024,9,20,False,True,False,False,True,False,False,False,True,False,False,True
1.2249626125429778,-0.15996372256851282,178659.0,2024,9,20,False,True,False,True,False,False,False,False,True,False,False,True
-0.17585234026703933,-0.08727694999647173,102005.0,2024,9,20,False,True,False,False,True,False,True,False,False,False,True,False
-1.5766672930770564,-1.2514547310639443,11592.0,2024,9,20,False,False,True,True,False,False,False,False,True,False,False,False
0.5245551361379692,0.2992845223184741,163282.0,2024,9,20,True,False,False,False,False,False,False,False,False,False,True,False
0.8747588743404735,-1.262291668065594,92080.0,2024,9,20,False,False,True,False,True,False,False,False,True,False,False,True
-0.17585234026703933,-0.8342326565004285,73745.0,2024,9,20,False,False,True,False,True,False,False,True,False,False,True,False
0.5245551361379692,1.2847850006270385,215481.0,2024,9,20,True,False,False,False,False,True,False,True,False,False,True,False
-0.17585234026703933,-0.03520678928122775,103975.0,2024,9,21,False,True,False,False,False,False,False,False,True,False,True,False
0.8747588743404735,1.8426229406753756,280032.0,2024,9,21,False,False,False,False,False,False,False,False,False,True,False,True
0.8747588743404735,0.6140843264395683,205664.0,2024,9,21,True,False,False,True,False,False,False,False,False,True,False,True
-0.17585234026703933,0.23888842219952355,114345.0,2024,9,21,False,True,False,False,True,False,False,True,False,False,True,False
1.2249626125429778,-1.149693249463087,111258.0,2024,9,21,False,False,True,False,True,False,False,True,False,False,False,True
1.575166350745482,1.3096306610698452,309710.0,2024,9,21,True,False,False,False,False,False,False,False,False,True,False,True
1.575166350745482,-1.1319841085091713,124960.0,2024,9,21,False,False,True,True,False,False,False,False,False,False,False,True
-0.8762598166720479,0.3953632198818811,72159.0,2024,9,21,True,False,False,False,False,True,True,False,False,False,False,False
0.5245551361379692,0.5346575076835743,175749.0,2024,9,21,True,False,False,False,False,True,False,False,True,False,True,False
1.575166350745482,0.18761120809415638,224810.0,2024,9,21,False,True,False,False,False,True,True,False,False,False,False,True
-0.17585234026703933,-0.2746766654640249,94915.0,2024,9,21,True,False,False,True,False,False,False,False,False,False,True,False
-0.8762598166720479,-0.032035002841720506,62457.0,2024,9,21,False,True,False,False,False,True,True,False,False,False,False,False
1.2249626125429778,1.3221856490595614,279594.0,2024,9,22,True,False,False,True,False,False,False,False,False,False,False,True
1.2249626125429778,-0.9400910289189829,125532.0,2024,9,22,False,False,True,False,False,True,False,False,False,False,False,True
-1.5766672930770564,-0.5988596711353282,16530.0,2024,9,22,False,True,False,False,False,False,False,True,False,False,False,False
-0.5260560784695436,0.49897491023911783,99348.0,2024,9,22,True,False,False,False,False,True,False,False,False,True,True,False
-1.2264635548745522,-0.1914172714269597,39226.0,2024,9,22,False,True,False,False,False,False,False,False,False,False,False,False
1.575166350745482,1.5908623920394878,320262.5,2024,9,22,False,False,False,False,False,True,False,True,False,False,False,True
-1.5766672930770564,1.3483528871854962,31264.0,2024,9,22,True,False,False,False,True,False,False,False,False,True,False,False
-1.2264635548745522,-1.4323787158841703,20446.0,2024,9,22,False,False,True,False,True,False,False,False,True,False,False,False
1.575166350745482,2.143810494660251,320262.5,2024,9,22,False,False,False,False,False,True,False,True,False,False,False,True
-0.8762598166720479,0.5214417308522942,75021.0,2024,9,22,True,False,False,False,False,True,False,False,False,False,False,False
-1.5766672930770564,-0.8023826343370433,14990.0,2024,9,22,False,False,True,False,False,False,True,False,False,False,False,False
-1.2264635548745522,0.4618385773432205,49112.0,2024,9,22,True,False,False,False,True,False,False,True,False,False,False,False
-0.17585234026703933,-1.6603508662237536,42490.0,2024,9,22,False,False,True,False,False,True,False,True,False,False,True,False
1.575166350745482,0.11201696461923365,219090.0,2024,9,23,False,True,False,True,False,False,False,False,True,False,False,True
-1.5766672930770564,-1.3809693440104902,10612.0,2024,9,23,False,False,True,False,True,False,False,True,False,False,False,False
-1.2264635548745522,2.0561898942688637,73240.0,2024,9,23,False,False,False,False,True,False,False,False,False,False,False,False
-1.2264635548745522,0.4469047495238739,48886.0,2024,9,23,False,True,False,False,False,True,True,False,False,False,False,False
-0.17585234026703933,2.194030446619116,188315.0,2024,9,23,False,False,False,False,True,False,True,False,False,False,True,False
-1.2264635548745522,-0.18969922043889326,39252.0,2024,9,23,False,True,False,False,False,True,True,False,False,False,False,False
0.8747588743404735,-0.4040591206422581,144032.0,2024,9,23,False,True,False,False,False,False,False,False,False,False,False,True
-0.17585234026703933,0.1286688434266467,110175.0,2024,9,23,False,True,False,False,False,True,False,False,False,True,True,False
1.2249626125429778,1.8849134265354721,317916.0,2024,9,24,False,False,False,False,False,False,False,False,False,True,False,True
-0.5260560784695436,-1.3569166301775604,43176.0,2024,9,24,False,False,True,False,False,False,True,False,False,False,True,False
-0.17585234026703933,-1.2498688378441907,58020.0,2024,9,24,False,False,True,False,True,False,False,True,False,False,True,False
-1.5766672930770564,1.9232391793461847,35614.0,2024,9,24,False,False,False,True,False,False,False,False,False,False,False,False
-0.8762598166720479,-1.3908811766339504,31611.0,2024,9,24,False,False,True,True,False,False,False,False,False,True,False,False
0.8747588743404735,-0.6946740531621096,126440.0,2024,9,24,True,False,False,False,False,True,False,True,False,False,False,True
-0.5260560784695436,-0.834629129805367,58984.0,2024,9,24,True,False,False,False,False,False,True,False,False,False,True,False
0.17435139793546492,0.8304265931676252,164070.0,2024,9,24,True,False,False,True,False,False,False,False,True,False,True,False
1.575166350745482,0.48377676688314564,247220.0,2024,9,24,True,False,False,False,False,True,False,False,False,True,False,True
-0.5260560784695436,-1.0329979400428826,52980.0,2024,9,24,False,False,True,False,False,True,False,True,False,False,True,False
-0.8762598166720479,-0.052122983625266406,62001.0,2024,9,24,False,True,False,True,False,False,True,False,False,False,False,False
-0.17585234026703933,-0.4213717882912351,89365.0,2024,9,24,False,True,False,False,False,False,False,False,False,False,True,False
0.17435139793546492,0.41307236083579657,145122.0,2024,9,24,True,False,False,False,False,False,False,False,False,True,True,False
0.8747588743404735,1.2504239808657098,244184.0,2024,9,25,True,False,False,True,False,False,True,False,False,False,False,True
0.5245551361379692,-0.6628240309987243,112322.0,2024,9,25,False,True,False,True,False,False,False,False,True,False,True,False
0.17435139793546492,-0.5174504858546422,102876.0,2024,9,25,False,True,False,True,False,False,False,False,False,True,True,False
-0.5260560784695436,-0.44317782006284745,70832.0,2024,9,25,True,False,False,False,False,False,False,False,False,True,True,False
-1.5766672930770564,1.2653578086850565,30636.0,2024,9,25,True,False,False,True,False,False,False,False,False,False,False,False
1.2249626125429778,1.5231976146633333,293283.0,2024,9,25,True,False,False,False,False,True,False,True,False,False,False,True
1.2249626125429778,0.07184100305214185,194445.0,2024,9,25,False,True,False,False,False,False,False,False,True,False,False,True
-0.5260560784695436,-0.8917212857164973,57256.0,2024,9,25,True,False,False,False,False,False,False,False,False,False,True,False
0.8747588743404735,-0.35489643082989575,147008.0,2024,9,25,False,True,False,True,False,False,False,False,False,False,False,True
-0.17585234026703933,0.5165518934247205,124850.0,2024,9,25,False,True,False,True,False,False,False,False,True,False,True,False
0.17435139793546492,-0.37009457418586794,109566.0,2024,9,26,True,False,False,False,False,False,False,False,False,False,True,False
-1.2264635548745522,0.7669908643774802,53730.0,2024,9,26,True,False,False,False,False,True,False,False,True,False,False,False
0.5245551361379692,1.0812620374253235,204701.0,2024,9,26,True,False,False,False,False,True,True,False,False,False,True,False
1.575166350745482,0.47267551434487026,246380.0,2024,9,26,True,False,False,False,True,False,False,False,False,False,False,True
0.17435139793546492,0.47967987606544876,148146.0,2024,9,26,False,True,False,False,False,False,True,False,False,False,True,False
-0.17585234026703933,-1.7025091943155375,40895.0,2024,9,26,False,False,True,False,False,True,False,False,True,False,True,False
0.8747588743404735,1.1494554458747293,238072.0,2024,9,27,True,False,False,False,False,True,False,False,False,True,False,True
-0.5260560784695436,2.076542190589035,147096.0,2024,9,27,False,False,False,False,False,False,False,False,False,True,True,False
-0.17585234026703933,0.1360696784521636,110455.0,2024,9,27,False,True,False,False,True,False,False,True,False,False,True,False
0.5245551361379692,-0.6028244041847123,115500.0,2024,9,27,True,False,False,True,False,False,False,False,False,False,True,False
1.2249626125429778,-0.6037495085629019,148437.0,2024,9,27,True,False,False,False,False,False,False,False,True,False,False,True
0.5245551361379692,-0.3699624164175552,127834.0,2024,9,27,False,True,False,False,False,False,True,False,False,False,True,False
-0.17585234026703933,2.199977546193192,188540.0,2024,9,27,False,False,False,False,False,False,False,False,True,False,True,False
1.575166350745482,-0.9657296359716665,137540.0,2024,9,27,True,False,False,False,True,False,True,False,False,False,False,True
1.2249626125429778,-1.3669606205693332,96462.0,2024,9,27,False,False,True,True,False,False,True,False,False,False,False,True
-1.2264635548745522,0.32624470705428565,47060.0,2024,9,27,False,True,False,False,False,False,False,False,False,False,False,False
0.17435139793546492,-1.3828195527668696,63588.0,2024,9,28,False,False,True,False,False,True,True,False,False,False,True,False
0.8747588743404735,1.4883079638287535,258584.0,2024,9,28,True,False,False,True,False,False,False,False,True,False,False,True
1.575166350745482,-0.3509316977805117,184060.0,2024,9,28,False,True,False,False,True,False,True,False,False,False,False,True
-1.5766672930770564,-0.6597844023275299,16069.0,2024,9,28,False,True,False,False,False,True,False,False,False,True,False,False
-0.8762598166720479,-0.38872881951797306,54360.0,2024,9,28,False,True,False,False,False,True,True,False,False,False,False,False
1.2249626125429778,1.4124494048172052,285741.0,2024,9,28,True,False,False,False,False,True,True,False,False,False,False,True
1.575166350745482,1.082187141803513,292500.0,2024,9,28,True,False,False,False,False,True,False,True,False,False,False,True
-0.17585234026703933,0.056246386391231216,107435.0,2024,9,28,False,True,False,False,True,False,False,False,True,False,True,False
1.575166350745482,-1.683478475678494,83230.0,2024,9,28,False,False,True,False,False,True,True,False,False,False,False,True
-1.2264635548745522,1.2714370660274454,61364.0,2024,9,28,True,False,False,False,False,False,False,True,False,False,False,False
-0.5260560784695436,0.18761120809415638,89924.0,2024,9,28,False,True,False,False,False,True,False,False,False,False,True,False
-0.5260560784695436,0.4913097596769753,99116.0,2024,9,28,True,False,False,False,False,False,False,False,True,False,True,False
-1.2264635548745522,1.9837674372334482,72144.0,2024,9,29,False,False,False,False,True,False,False,False,False,False,False,False
0.5245551361379692,-0.08701263445984612,142821.0,2024,9,29,False,True,False,True,False,False,False,False,False,False,True,False
-0.5260560784695436,-0.4463496065023547,70736.0,2024,9,29,False,True,False,True,False,False,True,False,False,False,True,False
-1.2264635548745522,-0.8758623535189611,28868.0,2024,9,29,True,False,False,False,True,False,False,True,False,False,False,False
-1.2264635548745522,0.3891518047711794,48012.0,2024,9,29,False,True,False,False,False,False,False,False,False,True,False,False
-0.5260560784695436,-0.4411954535381554,70892.0,2024,9,29,False,True,False,False,True,False,True,False,False,False,True,False
0.8747588743404735,1.1933318249545795,240728.0,2024,9,29,True,False,False,False,True,False,False,False,False,False,False,True
0.5245551361379692,-0.21428056534507442,136080.0,2024,9,30,True,False,False,True,False,False,False,False,True,False,True,False
0.17435139793546492,1.2525385051587148,183234.0,2024,9,30,True,False,False,False,True,False,False,False,False,False,True,False
-0.5260560784695436,0.3475221077526468,94764.0,2024,9,30,True,False,False,True,False,False,False,False,False,False,True,False
-0.17585234026703933,-0.3189495178488136,93240.0,2024,9,30,True,False,False,False,True,False,False,True,False,False,True,False
-0.8762598166720479,0.47095746335680383,73875.0,2024,9,30,False,True,False,False,True,False,False,True,False,False,False,False
-0.8762598166720479,-0.953306805750263,41544.0,2024,10,1,False,False,True,False,True,False,False,False,True,False,False,False
-0.5260560784695436,-0.08740910776478453,81600.0,2024,10,1,False,True,False,False,False,False,True,False,False,False,True,False
-0.8762598166720479,-0.21507351195495125,58302.0,2024,10,1,False,True,False,False,False,True,False,True,False,False,False,False
-0.8762598166720479,-1.5296468333623925,28461.0,2024,10,1,False,False,True,False,False,False,False,False,True,False,False,False
-1.5766672930770564,-0.9233069923432571,14075.0,2024,10,1,False,False,True,False,False,True,False,False,False,True,False,False
0.17435139793546492,-0.3818566155657073,109032.0,2024,10,1,False,True,False,False,False,False,False,False,True,False,True,False
0.17435139793546492,-0.6381105283242304,97398.0,2024,10,1,True,False,False,True,False,False,False,False,True,False,True,False
0.5245551361379692,-1.4116299462590605,72660.0,2024,10,1,False,False,True,True,False,False,True,False,False,False,True,False
-0.8762598166720479,-1.5550211248784505,27885.0,2024,10,1,False,False,True,False,True,False,False,False,True,False,False,False
-0.5260560784695436,1.0166368887203632,115016.0,2024,10,1,True,False,False,True,False,False,False,False,True,False,True,False
0.8747588743404735,-0.5626484426176205,134432.0,2024,10,1,True,False,False,True,False,False,True,False,False,False,False,True
-0.8762598166720479,2.2307703062100748,113823.0,2024,10,1,False,False,False,False,True,False,False,False,False,True,False,False
0.8747588743404735,1.8558387175066557,280832.0,2024,10,1,False,False,False,False,False,True,False,False,False,True,False,True
0.17435139793546492,-1.6218929556447284,52734.0,2024,10,2,False,False,True,True,False,False,False,False,False,False,True,False
-0.5260560784695436,-0.26846525035332325,76120.0,2024,10,2,False,True,False,False,False,True,True,False,False,False,True,False
-0.8762598166720479,-1.2177545001441799,35541.0,2024,10,2,False,False,True,False,True,False,False,False,True,False,False,False
-0.17585234026703933,-0.5549832920554779,84310.0,2024,10,2,False,True,False,False,False,True,False,True,False,False,True,False
-0.8762598166720479,0.5821021465078703,76398.0,2024,10,2,True,False,False,False,False,False,False,False,False,False,False,False
1.2249626125429778,0.1549682393208943,200106.0,2024,10,2,False,True,False,False,False,False,False,True,False,False,False,True
0.5245551361379692,1.3227142801328127,217490.0,2024,10,2,True,False,False,False,False,True,True,False,False,False,True,False
0.5245551361379692,-0.616965285394182,114751.0,2024,10,2,True,False,False,False,False,True,False,True,False,False,True,False
-0.8762598166720479,-0.6320312709818415,48837.0,2024,10,2,True,False,False,False,False,True,False,True,False,False,False,False
0.17435139793546492,-0.656348300351397,96570.0,2024,10,2,False,True,False,True,False,False,False,False,False,False,True,False
-0.5260560784695436,1.5418318599954381,130912.0,2024,10,2,True,False,False,True,False,False,False,False,False,False,True,False
0.8747588743404735,0.14413130231924454,177216.0,2024,10,2,False,True,False,True,False,False,False,False,True,False,False,True
1.2249626125429778,0.6213530036967725,231867.0,2024,10,2,True,False,False,False,False,False,False,True,False,False,False,True
0.17435139793546492,0.7837749009532061,161952.0,2024,10,2,True,False,False,True,False,False,False,False,True,False,True,False
1.2249626125429778,1.201525606589973,271377.0,2024,10,2,True,False,False,False,True,False,False,False,False,True,False,True
1.2249626125429778,-0.532252155905676,153306.0,2024,10,3,True,False,False,False,True,False,False,True,False,False,False,True
-1.2264635548745522,1.7079541747646303,67970.0,2024,10,3,False,False,False,False,False,False,False,True,False,False,False,False
-0.17585234026703933,1.4068987785480673,158535.0,2024,10,3,True,False,False,True,False,False,True,False,False,False,True,False
1.2249626125429778,-0.8678007296518803,130455.0,2024,10,3,True,False,False,True,False,False,True,False,False,False,False,True
-0.8762598166720479,0.09985844993445588,65451.0,2024,10,3,False,True,False,False,True,False,False,True,False,False,False,False
1.2249626125429778,1.5674704670481219,296298.0,2024,10,3,True,False,False,False,False,True,True,False,False,False,False,True
1.2249626125429778,-1.6754168518114132,75456.0,2024,10,3,False,False,True,False,False,False,True,False,False,False,False,True
1.2249626125429778,0.04025529642538218,192294.0,2024,10,3,False,True,False,False,False,False,False,True,False,False,False,True
-0.8762598166720479,-0.8204882485958971,44559.0,2024,10,3,True,False,False,False,False,True,True,False,False,False,False,False
0.5245551361379692,-0.1857344873895092,137592.0,2024,10,3,False,True,False,False,False,False,False,False,True,False,True,False
-0.17585234026703933,-0.24692353411833654,95965.0,2024,10,3,False,True,False,True,False,False,False,False,False,False,True,False
-0.8762598166720479,1.241701568157065,91371.0,2024,10,4,True,False,False,False,True,False,False,False,True,False,False,False
1.2249626125429778,0.5934677145827713,229968.0,2024,10,4,True,False,False,False,False,True,True,False,False,False,False,True
-1.2264635548745522,-0.34049123408380033,36970.0,2024,10,4,False,True,False,True,False,False,False,True,False,False,False,False
0.8747588743404735,-1.2884589061915288,90496.0,2024,10,4,False,False,True,False,False,True,False,False,False,False,False,True
0.5245551361379692,-1.0385485663120204,92421.0,2024,10,4,False,False,True,False,False,True,False,True,False,False,True,False
-1.2264635548745522,1.1618782760961326,59706.0,2024,10,4,True,False,False,False,False,False,False,True,False,False,False,False
-1.2264635548745522,-0.034678158207976546,41598.0,2024,10,4,False,True,False,False,False,True,False,True,False,False,False,False
-0.8762598166720479,1.8759266982902016,105768.0,2024,10,4,False,False,False,False,False,False,False,False,True,False,False,False
1.2249626125429778,-0.728506441850187,139941.0,2024,10,4,True,False,False,False,True,False,True,False,False,False,False,True
-0.5260560784695436,2.0522251612194795,146360.0,2024,10,4,False,False,False,False,False,False,False,False,True,False,True,False
1.575166350745482,-1.23427422118328,117220.0,2024,10,4,False,False,True,False,False,True,False,False,True,False,False,True
-0.17585234026703933,0.9612627837972991,141675.0,2024,10,4,True,False,False,True,False,False,False,False,False,True,True,False
0.5245551361379692,2.2110787987314673,264544.0,2024,10,5,False,False,False,False,False,True,False,False,False,False,True,False
-0.5260560784695436,0.8222328115322315,109132.0,2024,10,5,True,False,False,False,True,False,False,False,True,False,True,False
1.575166350745482,-0.012079179826487407,209700.0,2024,10,5,False,True,False,False,False,True,False,False,False,False,False,True
0.5245551361379692,-0.6075820838439732,115248.0,2024,10,5,False,True,False,False,True,False,False,False,False,True,True,False
-0.17585234026703933,0.8059774060297569,135800.0,2024,10,5,True,False,False,False,False,False,False,False,False,False,True,False
0.17435139793546492,0.34606837230120596,142080.0,2024,10,5,True,False,False,False,True,False,False,False,True,False,True,False
1.575166350745482,0.3954953776501939,240540.0,2024,10,6,False,True,False,False,False,True,True,False,False,False,False,True
-0.17585234026703933,-0.5564370275069187,84255.0,2024,10,6,False,True,False,True,False,False,True,False,False,False,True,False
1.575166350745482,0.002193859151295207,210780.0,2024,10,6,False,True,False,True,False,False,False,False,True,False,False,True
-1.2264635548745522,0.2345272158452011,45672.0,2024,10,6,False,True,False,False,True,False,True,False,False,False,False,False
-1.2264635548745522,-0.8071403139963041,29908.0,2024,10,6,True,False,False,False,False,False,True,False,False,False,False,False
0.5245551361379692,0.021621051093277097,148575.0,2024,10,6,False,True,False,False,True,False,False,False,False,True,True,False
0.8747588743404735,2.1983916529734384,301568.0,2024,10,6,False,False,False,False,True,False,False,False,False,False,False,True
-1.5766672930770564,-0.4351161961957665,17769.0,2024,10,6,False,True,False,False,False,True,False,False,True,False,False,False
-1.2264635548745522,1.2333756287533584,60788.0,2024,10,6,True,False,False,True,False,False,False,False,True,False,False,False
-0.17585234026703933,1.96592613851122,179685.0,2024,10,6,False,False,False,False,False,False,False,False,False,True,True,False
-0.17585234026703933,0.3425001125567603,118265.0,2024,10,6,False,True,False,False,True,False,False,False,False,True,True,False
-0.17585234026703933,1.751566238307855,171575.0,2024,10,6,False,False,False,False,False,True,True,False,False,False,True,False
0.5245551361379692,1.2943003599455603,215985.0,2024,10,7,True,False,False,False,False,True,False,False,False,False,True,False
0.17435139793546492,-0.6846300627703367,95286.0,2024,10,7,True,False,False,False,False,True,False,False,False,True,True,False
-1.2264635548745522,0.35399783839997406,47480.0,2024,10,7,True,False,False,True,False,False,False,False,False,True,False,False
0.8747588743404735,-0.20304715503848628,156200.0,2024,10,7,False,True,False,True,False,False,False,True,False,False,False,True
0.8747588743404735,0.6357582004428679,206976.0,2024,10,7,True,False,False,False,False,False,False,False,False,False,False,True
-0.8762598166720479,1.0993676516841773,88140.0,2024,10,7,True,False,False,False,False,False,False,False,True,False,False,False
-0.5260560784695436,-0.43551266950070494,71064.0,2024,10,7,True,False,False,False,False,False,True,False,False,False,True,False
-0.17585234026703933,-1.1200899093610193,62930.0,2024,10,7,False,False,True,False,False,True,False,False,False,False,True,False
-1.2264635548745522,-0.18956706267058046,39254.0,2024,10,7,False,True,False,False,True,False,False,False,True,False,False,False
0.5245551361379692,-0.11952344546479542,141099.0,2024,10,7,False,True,False,False,False,True,False,False,False,True,True,False
0.17435139793546492,-1.2966526878269227,67500.0,2024,10,7,False,False,True,False,False,True,False,False,False,False,True,False
-0.17585234026703933,-0.4481998152587339,88350.0,2024,10,7,True,False,False,False,True,False,False,False,False,True,True,False
0.8747588743404735,-0.09613152047342946,162672.0,2024,10,7,False,True,False,False,False,True,True,False,False,False,False,True
-1.5766672930770564,0.7914400515153486,27050.0,2024,10,8,True,False,False,False,False,True,False,True,False,False,False,False
-0.5260560784695436,0.33642085521437143,94428.0,2024,10,8,False,True,False,False,False,True,False,True,False,False,True,False
-0.17585234026703933,-0.4051163827887605,89980.0,2024,10,8,True,False,False,False,True,False,True,False,False,False,True,False
0.8747588743404735,2.026454396398483,291160.0,2024,10,8,False,False,False,False,False,True,False,False,False,False,False,True
1.2249626125429778,-0.8330432365856133,132822.0,2024,10,8,False,False,True,True,False,False,True,False,False,False,False,True
-0.17585234026703933,-0.27494098100065056,94905.0,2024,10,8,False,True,False,False,False,False,False,False,False,False,True,False
0.17435139793546492,1.170997162109716,179532.0,2024,10,8,True,False,False,False,False,False,True,False,False,False,True,False
-0.8762598166720479,-0.717140873775286,46905.0,2024,10,9,True,False,False,False,False,True,True,False,False,False,False,False
-0.8762598166720479,-0.30005095698008294,56373.0,2024,10,9,False,True,False,True,False,False,True,False,False,False,False,False
-1.2264635548745522,1.5709065690242547,65896.0,2024,10,9,True,False,False,False,False,True,False,False,False,True,False,False
-0.5260560784695436,-1.2225121798034406,47244.0,2024,10,9,False,False,True,False,False,False,True,False,False,False,True,False
0.8747588743404735,-0.19485337340309256,156696.0,2024,10,9,True,False,False,True,False,False,True,False,False,False,False,True
-1.2264635548745522,-0.4834859393982521,34806.0,2024,10,9,False,True,False,False,True,False,True,False,False,False,False,False
1.2249626125429778,1.64002508185185,301239.0,2024,10,9,False,False,False,False,False,False,False,False,False,False,False,True
-1.2264635548745522,-1.078195896805861,25806.0,2024,10,9,False,False,True,False,True,False,False,False,False,True,False,False
-0.17585234026703933,-0.3748522538451288,91125.0,2024,10,9,False,True,False,True,False,False,False,False,False,False,True,False
0.5245551361379692,-1.228987910450768,82334.0,2024,10,9,False,False,True,True,False,False,False,False,False,True,True,False
0.17435139793546492,0.5079616384843884,149430.0,2024,10,10,True,False,False,True,False,False,False,True,False,False,True,False
1.575166350745482,-1.3857270236697512,105760.0,2024,10,10,False,False,True,False,True,False,True,False,False,False,False,True
0.17435139793546492,-0.03296010721991012,124872.0,2024,10,10,True,False,False,False,True,False,False,False,True,False,True,False
-1.2264635548745522,0.1688448049937385,44678.0,2024,10,10,False,True,False,True,False,False,False,True,False,False,False,False
-0.5260560784695436,0.51086910938727,99708.0,2024,10,10,False,True,False,False,False,True,False,True,False,False,True,False
0.8747588743404735,-0.5396529909311929,135824.0,2024,10,10,True,False,False,False,False,False,False,False,True,False,False,True
0.5245551361379692,-0.4439707666727243,123914.0,2024,10,10,True,False,False,True,False,False,False,False,False,False,True,False
0.8747588743404735,-0.5190363790743958,137072.0,2024,10,10,False,True,False,False,False,False,False,True,False,False,False,True
-0.17585234026703933,-0.6809296452575783,79545.0,2024,10,10,True,False,False,False,False,True,False,False,False,False,True,False
0.8747588743404735,0.3543943117049125,189944.0,2024,10,10,True,False,False,False,False,True,False,False,False,True,False,True
-0.5260560784695436,-0.4236184703525528,71424.0,2024,10,10,False,True,False,False,False,False,False,False,True,False,True,False
0.8747588743404735,1.018751413013368,230160.0,2024,10,10,True,False,False,False,False,False,False,False,True,False,False,True
-1.5766672930770564,0.19844814509580613,22563.0,2024,10,10,False,True,False,False,True,False,False,False,False,True,False,False
-1.5766672930770564,-0.8890781303502413,14334.0,2024,10,11,False,False,True,False,True,False,False,False,True,False,False,False
0.5245551361379692,1.248441614341018,213556.0,2024,10,11,True,False,False,False,True,False,True,False,False,False,True,False
0.17435139793546492,-0.3295221393138378,111408.0,2024,10,11,False,True,False,False,False,True,False,True,False,False,True,False
0.8747588743404735,-0.20780483469774713,155912.0,2024,10,11,False,True,False,False,False,True,False,False,False,True,False,True
-0.8762598166720479,-0.4162176353270359,53736.0,2024,10,11,True,False,False,False,False,False,True,False,False,False,False,False
0.8747588743404735,-1.269692503091111,91632.0,2024,10,11,False,False,True,False,False,True,False,False,False,False,False,True
-1.5766672930770564,0.17730290216575784,22403.0,2024,10,12,False,True,False,False,True,False,False,False,False,True,False,False
-1.2264635548745522,0.6340401494548015,51718.0,2024,10,12,True,False,False,False,False,True,True,False,False,False,False,False
-0.8762598166720479,-1.6183246959002826,26448.0,2024,10,12,False,False,True,True,False,False,False,True,False,False,False,False
-0.8762598166720479,-0.039435837867237415,62289.0,2024,10,12,False,True,False,True,False,False,True,False,False,False,False,False
0.8747588743404735,-0.542956935139013,135624.0,2024,10,12,False,True,False,False,True,False,False,False,False,True,False,True
-0.8762598166720479,1.1761513150739151,89883.0,2024,10,13,True,False,False,True,False,False,False,True,False,False,False,False
-1.5766672930770564,-0.2810202383430394,18935.0,2024,10,13,False,True,False,False,True,False,False,False,False,False,False,False
-1.2264635548745522,0.15814002576040154,44516.0,2024,10,13,False,True,False,False,True,False,False,False,False,True,False,False
1.575166350745482,-1.1035701883219189,127110.0,2024,10,13,False,False,True,True,False,False,True,False,False,False,False,True
-0.17585234026703933,0.20650976896288706,113120.0,2024,10,13,False,True,False,False,False,True,False,False,False,False,True,False
-0.17585234026703933,0.3212227118583992,117460.0,2024,10,13,False,True,False,True,False,False,False,False,False,False,True,False
-1.2264635548745522,-0.1380255330285877,40034.0,2024,10,13,False,True,False,False,True,False,False,False,False,False,False,False
0.17435139793546492,-0.45784733234556846,105582.0,2024,10,13,True,False,False,True,False,False,True,False,False,False,True,False
0.8747588743404735,0.5670361609202108,202816.0,2024,10,14,True,False,False,False,True,False,True,False,False,False,False,True
-0.5260560784695436,-0.5724281174727678,66920.0,2024,10,14,True,False,False,False,False,False,True,False,False,False,True,False
1.2249626125429778,-0.21692372071133048,174780.0,2024,10,14,False,True,False,False,False,False,False,False,True,False,False,True
-1.5766672930770564,-1.6751525362747874,8386.0,2024,10,14,False,False,True,False,False,False,False,False,False,False,False,False
0.17435139793546492,0.4418827543279874,146430.0,2024,10,14,False,True,False,False,True,False,False,False,False,False,True,False
1.2249626125429778,-1.5332150931068382,85140.0,2024,10,14,False,False,True,False,False,False,False,False,True,False,False,True
-1.2264635548745522,0.35465862724153807,47490.0,2024,10,14,False,True,False,False,False,True,False,True,False,False,False,False
-1.2264635548745522,1.1372969311899515,59334.0,2024,10,14,True,False,False,True,False,False,False,True,False,False,False,False
1.575166350745482,-0.38780371513978346,181270.0,2024,10,14,False,True,False,False,True,False,False,False,False,False,False,True
-1.2264635548745522,0.1741311157262506,44758.0,2024,10,14,False,True,False,False,True,False,False,True,False,False,False,False
-0.8762598166720479,1.3391018434036,93582.0,2024,10,14,True,False,False,False,False,True,False,False,False,True,False,False
-0.8762598166720479,-0.515600277098263,51480.0,2024,10,15,True,False,False,False,False,True,True,False,False,False,False,False
0.5245551361379692,0.8737743411742243,193711.0,2024,10,15,True,False,False,False,False,False,False,True,False,False,True,False
0.5245551361379692,0.26717018461846315,161581.0,2024,10,15,True,False,False,True,False,False,False,False,False,False,True,False
-0.17585234026703933,-0.4637944319196446,87760.0,2024,10,15,False,True,False,True,False,False,False,False,False,True,True,False
-1.5766672930770564,0.023471259849656326,21239.0,2024,10,15,False,True,False,False,True,False,False,False,False,False,False,False
-0.5260560784695436,-1.3855948659014383,42308.0,2024,10,15,False,False,True,False,True,False,False,False,True,False,True,False
0.8747588743404735,-1.389956072255761,84352.0,2024,10,15,False,False,True,False,False,True,True,False,False,False,False,True
-0.8762598166720479,1.1946534026377074,90303.0,2024,10,15,True,False,False,True,False,False,False,False,False,True,False,False
-0.17585234026703933,-1.417973519138075,51660.0,2024,10,15,False,False,True,False,False,False,False,False,True,False,True,False
0.5245551361379692,-0.8466554867218319,102585.0,2024,10,15,True,False,False,False,True,False,True,False,False,False,True,False
-0.5260560784695436,1.7153550097901473,136164.0,2024,10,15,False,False,False,False,True,False,False,False,False,False,True,False
-1.2264635548745522,-0.817845093229641,29746.0,2024,10,16,True,False,False,False,True,False,False,False,False,False,False,False
-1.2264635548745522,-1.3888988101092583,21104.0,2024,10,16,False,False,True,False,False,True,False,False,False,False,False,False
0.17435139793546492,0.06959432099082422,129528.0,2024,10,16,False,True,False,False,False,True,False,False,False,False,True,False
-1.5766672930770564,0.14056304257479887,22125.0,2024,10,16,False,True,False,False,False,True,False,True,False,False,False,False
-1.5766672930770564,1.532712973981855,32659.0,2024,10,16,True,False,False,False,True,False,False,True,False,False,False,False
-0.17585234026703933,1.106900644478007,147185.0,2024,10,16,True,False,False,False,False,False,False,False,False,False,True,False
-1.5766672930770564,0.283293432352625,23205.0,2024,10,16,False,True,False,True,False,False,False,True,False,False,False,False
1.2249626125429778,0.32505528713947046,211689.0,2024,10,16,True,False,False,False,False,True,False,True,False,False,False,True
0.17435139793546492,0.33483496199461776,141570.0,2024,10,16,False,True,False,False,True,False,False,False,False,False,True,False
-0.5260560784695436,-0.414103111034031,71712.0,2024,10,16,True,False,False,False,False,False,True,False,False,False,True,False
-0.8762598166720479,-0.8695187806399466,43446.0,2024,10,16,False,False,True,False,False,False,False,False,True,False,False,False
-1.2264635548745522,-0.6215908072851302,32716.0,2024,10,16,True,False,False,False,True,False,True,False,False,False,False,False
0.17435139793546492,0.9584874706627303,169884.0,2024,10,17,True,False,False,False,False,True,False,False,True,False,True,False
-1.5766672930770564,0.27232433758266245,23122.0,2024,10,17,False,True,False,False,True,False,True,False,False,False,False,False
0.5245551361379692,-0.05516261229646085,144508.0,2024,10,17,True,False,False,False,True,False,False,True,False,False,True,False
1.575166350745482,-0.07829022175120119,204690.0,2024,10,17,True,False,False,False,True,False,False,False,True,False,False,True
1.575166350745482,1.9956616363816002,320262.5,2024,10,17,False,False,False,False,False,False,True,False,False,False,False,True
0.8747588743404735,-0.4117242712044006,143568.0,2024,10,17,False,True,False,True,False,False,True,False,False,False,False,True
0.17435139793546492,0.7487530923503136,160362.0,2024,10,17,True,False,False,True,False,False,False,True,False,False,True,False
0.17435139793546492,-1.483920245526163,58998.0,2024,10,18,False,False,True,False,False,True,False,False,False,True,True,False
0.5245551361379692,-1.1833934803828514,84749.0,2024,10,18,False,False,True,False,False,True,False,False,False,True,True,False
0.5245551361379692,-0.34432380936487156,129192.0,2024,10,18,True,False,False,False,False,True,False,False,True,False,True,False
0.5245551361379692,2.1638984754437973,262045.0,2024,10,18,False,False,False,False,False,True,False,False,False,False,True,False
0.17435139793546492,-1.2366530610129105,70224.0,2024,10,18,False,False,True,True,False,False,False,False,False,False,True,False
0.8747588743404735,-0.17925875674218192,157640.0,2024,10,18,False,True,False,True,False,False,False,False,False,False,False,True
0.17435139793546492,1.9434593178980435,214602.0,2024,10,18,False,False,False,False,False,False,False,False,False,False,True,False
1.2249626125429778,-1.239031900842541,105174.0,2024,10,18,False,False,True,False,False,True,False,True,False,False,False,True
1.575166350745482,0.07038726760070103,215940.0,2024,10,18,False,True,False,False,False,False,False,False,False,False,False,True
0.5245551361379692,-1.320441086123227,77490.0,2024,10,18,False,False,True,False,False,False,False,True,False,False,True,False
-0.8762598166720479,-0.15983156480020003,59556.0,2024,10,18,False,True,False,False,True,False,True,False,False,False,False,False
-0.17585234026703933,2.0239433988005398,181880.0,2024,10,18,False,False,False,False,True,False,False,True,False,False,True,False
1.2249626125429778,1.0865483481578355,263547.0,2024,10,19,True,False,False,True,False,False,True,False,False,False,False,True
-0.8762598166720479,-0.18943490490226766,58884.0,2024,10,19,False,True,False,False,True,False,False,True,False,False,False,False
1.575166350745482,-0.48242867725174965,174110.0,2024,10,19,False,True,False,False,False,False,True,False,False,False,False,True
0.5245551361379692,-0.8393868094646277,102970.0,2024,10,19,False,False,True,False,False,True,False,True,False,False,True,False
0.17435139793546492,-0.16168177355657926,119028.0,2024,10,19,False,True,False,False,False,True,False,True,False,False,True,False
0.17435139793546492,2.23856761454053,228000.0,2024,10,19,False,False,False,False,True,False,False,False,True,False,True,False
-1.2264635548745522,-1.0422489838247788,26350.0,2024,10,19,True,False,False,False,True,False,False,False,True,False,False,False
-1.2264635548745522,1.2561067649031603,61132.0,2024,10,19,True,False,False,False,False,False,False,True,False,False,False,False
-0.17585234026703933,-0.06890702020099226,102700.0,2024,10,20,False,True,False,False,False,False,True,False,False,False,True,False
1.575166350745482,1.4004230479007402,316580.0,2024,10,20,True,False,False,True,False,False,False,False,False,True,False,True
-0.17585234026703933,-1.133570001728925,62420.0,2024,10,20,False,False,True,False,True,False,True,False,False,False,True,False
-0.8762598166720479,-1.2851549619837088,34011.0,2024,10,20,False,False,True,True,False,False,False,False,True,False,False,False
1.575166350745482,-1.2826439643857657,113560.0,2024,10,20,False,False,True,False,False,True,True,False,False,False,False,True
0.8747588743404735,-1.4218060944191462,82424.0,2024,10,20,False,False,True,False,False,True,False,False,True,False,False,True
0.8747588743404735,-1.3567844724092475,86360.0,2024,10,20,False,False,True,False,True,False,False,True,False,False,False,True
0.5245551361379692,2.093987016006325,258342.0,2024,10,21,False,False,False,False,False,True,False,False,True,False,True,False
0.17435139793546492,0.07276610743033146,129672.0,2024,10,21,False,True,False,False,False,True,False,False,False,False,True,False
0.8747588743404735,-0.05529477006477365,165144.0,2024,10,21,True,False,False,False,False,False,False,False,False,True,False,True
0.17435139793546492,-0.9908396119510988,81384.0,2024,10,21,True,False,False,False,False,True,False,True,False,False,True,False
-0.17585234026703933,0.021488893324964297,106120.0,2024,10,21,False,True,False,False,False,True,False,False,True,False,True,False
0.17435139793546492,0.17611348225094262,134364.0,2024,10,21,False,True,False,False,True,False,False,False,False,True,True,False
0.8747588743404735,-0.38740724183484504,145040.0,2024,10,21,False,True,False,True,False,False,False,True,False,False,False,True
-0.17585234026703933,1.1248741009685481,147865.0,2024,10,21,True,False,False,False,False,False,True,False,False,False,True,False
0.8747588743404735,-0.3241036708130129,148872.0,2024,10,21,True,False,False,False,False,True,False,False,True,False,False,True
-0.17585234026703933,0.14452777562418292,110775.0,2024,10,21,False,True,False,True,False,False,False,False,False,False,True,False
-1.5766672930770564,1.212362543591623,30235.0,2024,10,21,True,False,False,True,False,False,False,False,True,False,False,False
-1.5766672930770564,-1.584756622748831,9070.0,2024,10,22,False,False,True,False,True,False,True,False,False,False,False,False
-0.17585234026703933,-0.2568353667417967,95590.0,2024,10,22,True,False,False,False,False,True,False,False,False,False,True,False
0.5245551361379692,-0.6300489044571495,114058.0,2024,10,22,False,True,False,False,False,False,False,False,False,False,True,False
0.17435139793546492,1.471920400557966,193194.0,2024,10,22,True,False,False,True,False,False,False,False,False,False,True,False
-0.8762598166720479,1.2917893623476169,92508.0,2024,10,22,True,False,False,False,False,False,True,False,False,False,False,False
0.8747588743404735,0.16461575640772882,178456.0,2024,10,22,False,True,False,False,False,False,False,False,True,False,False,True
-1.2264635548745522,1.9227105482729336,71220.0,2024,10,22,False,False,False,False,True,False,False,False,True,False,False,False
-1.2264635548745522,-1.1988559392754492,23980.0,2024,10,22,False,False,True,False,True,False,False,True,False,False,False,False
-1.2264635548745522,1.0836408772549537,58522.0,2024,10,22,True,False,False,False,False,True,False,False,True,False,False,False
-1.5766672930770564,-1.0508392387651109,13110.0,2024,10,22,True,False,False,False,False,False,True,False,False,False,False,False
1.575166350745482,-0.9630864806054105,137740.0,2024,10,23,False,False,True,False,False,False,False,False,True,False,False,True
-1.2264635548745522,-0.3437951782916204,36920.0,2024,10,23,False,True,False,False,False,True,False,True,False,False,False,False
-0.8762598166720479,-0.9661261092766049,41253.0,2024,10,23,True,False,False,False,True,False,False,False,True,False,False,False
-0.5260560784695436,-0.44132761130646825,70888.0,2024,10,23,False,True,False,False,True,False,False,False,True,False,True,False
0.17435139793546492,-0.09586720493680385,122016.0,2024,10,23,False,True,False,False,False,True,False,False,False,False,True,False
0.8747588743404735,0.5150981579732797,199672.0,2024,10,23,False,True,False,False,False,True,False,False,False,False,False,True
-1.5766672930770564,0.0744841584183979,21625.0,2024,10,24,False,True,False,False,False,True,True,False,False,False,False,False
-1.2264635548745522,-0.47859610197067837,34880.0,2024,10,24,True,False,False,False,False,True,False,False,False,True,False,False
1.2249626125429778,-0.8389903361596894,132417.0,2024,10,24,False,False,True,False,False,True,False,False,True,False,False,True
-0.5260560784695436,-0.8629108922243065,58128.0,2024,10,24,True,False,False,False,False,False,False,True,False,False,True,False
0.5245551361379692,-0.8206204063642099,103964.0,2024,10,24,False,False,True,False,False,False,True,False,False,False,True,False
1.2249626125429778,-0.3599184260257822,165042.0,2024,10,24,False,True,False,False,False,True,False,False,False,False,False,True
0.17435139793546492,0.5168162089613461,149832.0,2024,10,24,True,False,False,False,True,False,False,False,False,True,True,False
-0.8762598166720479,0.32611254928597283,70587.0,2024,10,24,True,False,False,False,True,False,False,False,True,False,False,False
0.17435139793546492,1.6430647105230445,200964.0,2024,10,24,False,False,False,True,False,False,False,False,True,False,True,False
-1.5766672930770564,1.6731966816983634,33722.0,2024,10,25,False,False,False,False,False,False,True,False,False,False,False,False
1.575166350745482,0.9882229685331108,285390.0,2024,10,25,True,False,False,False,False,False,False,False,False,True,False,True
0.17435139793546492,2.0978195912873963,221610.0,2024,10,25,False,False,False,False,False,False,False,False,False,False,True,False
0.8747588743404735,0.5954500811074633,204536.0,2024,10,25,True,False,False,False,False,True,False,True,False,False,False,True
-0.8762598166720479,-0.3584646905743414,55047.0,2024,10,25,False,True,False,False,False,False,False,False,False,False,False,False
0.8747588743404735,1.9289219633836352,285256.0,2024,10,25,False,False,False,True,False,False,False,False,False,False,False,True
0.8747588743404735,1.742975983367523,274000.0,2024,10,25,False,False,False,False,False,True,False,False,False,False,False,True
-1.5766672930770564,-0.5179791169278933,17142.0,2024,10,25,False,True,False,False,False,False,False,False,False,False,False,False
0.5245551361379692,-1.0660373821210831,90965.0,2024,10,25,False,False,True,False,True,False,False,False,False,False,True,False
-0.8762598166720479,-0.8199596175226459,44571.0,2024,10,25,False,False,True,False,False,True,False,True,False,False,False,False
-1.5766672930770564,-0.6418109458369888,16205.0,2024,10,25,True,False,False,True,False,False,False,True,False,False,False,False
0.17435139793546492,0.4702966745152398,147720.0,2024,10,25,True,False,False,False,True,False,False,False,False,False,True,False
-0.8762598166720479,-0.3403590763154875,55458.0,2024,10,25,False,True,False,False,False,False,False,True,False,False,False,False
0.8747588743404735,0.5166840511930333,199768.0,2024,10,25,False,True,False,True,False,False,False,False,False,False,False,True
-0.8762598166720479,-0.14132947723640774,59976.0,2024,10,25,False,True,False,False,True,False,False,False,False,True,False,False
0.17435139793546492,-0.5493005080180274,101430.0,2024,10,26,True,False,False,False,False,False,False,True,False,False,True,False
1.2249626125429778,0.3947024310403171,216432.0,2024,10,26,False,True,False,False,False,True,False,False,False,False,False,True
-1.5766672930770564,1.9112128224297198,35523.0,2024,10,26,False,False,False,False,False,True,False,False,False,True,False,False
1.575166350745482,0.7206034876996867,265140.0,2024,10,26,True,False,False,False,True,False,True,False,False,False,False,True
1.2249626125429778,-1.1566976111836653,110781.0,2024,10,26,False,False,True,False,False,False,False,False,False,True,False,True
0.17435139793546492,-0.8498272731613391,87786.0,2024,10,26,False,False,True,True,False,False,False,False,True,False,True,False
0.17435139793546492,2.029229709533052,218496.0,2024,10,27,False,False,False,False,False,True,False,True,False,False,True,False
-0.5260560784695436,1.2553138182932835,122240.0,2024,10,27,True,False,False,True,False,False,False,False,False,True,True,False
0.17435139793546492,-1.1013235062606013,76368.0,2024,10,27,False,False,True,False,False,False,False,True,False,False,True,False
0.17435139793546492,-0.8422942803675094,88128.0,2024,10,27,False,False,True,False,False,True,True,False,False,False,True,False
-0.5260560784695436,-0.13498590435739324,80160.0,2024,10,27,False,True,False,True,False,False,True,False,False,False,True,False
0.17435139793546492,-0.11582302795203696,121110.0,2024,10,28,True,False,False,False,True,False,False,False,False,False,True,False
1.575166350745482,-1.1137463364820046,126340.0,2024,10,28,False,False,True,False,True,False,True,False,False,False,False,True
0.8747588743404735,2.230109517368511,303488.0,2024,10,28,False,False,False,False,False,False,False,False,True,False,False,True
0.5245551361379692,1.786852362447373,242074.0,2024,10,28,False,False,False,False,False,False,False,True,False,False,True,False
-1.5766672930770564,1.4297620724661821,31880.0,2024,10,28,True,False,False,False,False,True,False,True,False,False,False,False
0.17435139793546492,-0.28339907817266985,113502.0,2024,10,28,True,False,False,True,False,False,True,False,False,False,True,False
-0.17585234026703933,-1.1154643874700712,63105.0,2024,10,28,False,False,True,True,False,False,False,False,False,True,True,False
1.2249626125429778,-0.18811332721913965,176742.0,2024,10,28,False,True,False,False,False,True,True,False,False,False,False,True
-1.2264635548745522,-0.0846337946302157,40842.0,2024,10,28,False,True,False,False,True,False,False,True,False,False,False,False
1.2249626125429778,-1.420484516736018,92817.0,2024,10,28,False,False,True,False,False,True,False,False,False,False,False,True
-1.5766672930770564,-0.3461740181212508,18442.0,2024,10,28,False,True,False,False,False,False,False,True,False,False,False,False
-0.17585234026703933,-1.434493240177175,51035.0,2024,10,28,False,False,True,False,True,False,False,False,False,False,True,False
0.8747588743404735,1.076768673302688,233672.0,2024,10,29,True,False,False,True,False,False,False,False,False,False,False,True
-0.8762598166720479,-1.0833500497700603,38592.0,2024,10,29,False,False,True,True,False,False,False,False,False,True,False,False
-0.17585234026703933,-0.5717673286312038,83675.0,2024,10,29,True,False,False,False,False,False,False,True,False,False,True,False
0.8747588743404735,-0.09639583601005507,162656.0,2024,10,29,False,True,False,False,False,True,True,False,False,False,False,True
0.17435139793546492,-1.4436121261907584,60828.0,2024,10,29,False,False,True,False,True,False,False,False,True,False,True,False
1.2249626125429778,1.4334624899789405,287172.0,2024,10,29,True,False,False,False,False,False,False,True,False,False,False,True
1.2249626125429778,-0.6414144725320504,145872.0,2024,10,30,False,True,False,True,False,False,False,False,False,True,False,True
-0.8762598166720479,-0.31538125810436796,56025.0,2024,10,30,False,True,False,False,True,False,False,False,False,True,False,False
1.575166350745482,1.5324486584452293,320262.5,2024,10,30,True,False,False,False,True,False,True,False,False,False,False,True
-0.8762598166720479,-0.13128548684463479,60204.0,2024,10,30,True,False,False,False,True,False,False,False,True,False,False,False
-0.8762598166720479,-1.3512338461401099,32511.0,2024,10,30,False,False,True,False,False,True,False,True,False,False,False,False
0.17435139793546492,-0.6788151209645734,95550.0,2024,10,30,True,False,False,False,False,False,False,False,True,False,True,False
0.17435139793546492,-0.5937055181711289,99414.0,2024,10,30,False,True,False,True,False,False,False,False,False,False,True,False
-1.5766672930770564,-1.158151346635106,12298.0,2024,10,30,False,False,True,True,False,False,False,False,False,False,False,False
1.2249626125429778,-1.365110411812954,96588.0,2024,10,30,False,False,True,False,False,True,False,False,False,False,False,True
-1.2264635548745522,-1.1795609051017801,24272.0,2024,10,30,False,False,True,False,False,True,False,True,False,False,False,False
-1.5766672930770564,-1.669469752237337,8429.0,2024,10,31,False,False,True,False,False,True,False,False,False,False,False,False
-1.5766672930770564,-0.4318122519879465,17794.0,2024,10,31,True,False,False,False,False,True,False,True,False,False,False,False
1.2249626125429778,-1.1159930185433222,113553.0,2024,10,31,False,False,True,False,False,False,False,False,False,False,False,True
-1.5766672930770564,-0.11661597456191378,20179.0,2024,10,31,False,True,False,False,False,False,False,False,False,False,False,False
0.5245551361379692,-0.07353254209194032,143535.0,2024,10,31,True,False,False,False,True,False,False,False,True,False,True,False
-1.5766672930770564,-0.1785979679006179,19710.0,2024,11,1,False,True,False,False,False,True,True,False,False,False,False,False
-1.5766672930770564,1.9560143058877597,35862.0,2024,11,1,False,False,False,False,True,False,True,False,False,False,False,False
1.2249626125429778,1.0946099720249163,264096.0,2024,11,1,True,False,False,True,False,False,False,True,False,False,False,True
1.2249626125429778,-1.453920432119157,90540.0,2024,11,1,False,False,True,False,False,False,False,False,False,True,False,True
0.17435139793546492,-1.1730851744544528,73110.0,2024,11,1,False,False,True,True,False,False,False,True,False,False,True,False
1.575166350745482,0.13712694059866604,220990.0,2024,11,1,False,True,False,False,False,False,False,True,False,False,False,True
-0.17585234026703933,1.3420093143064817,156080.0,2024,11,1,True,False,False,False,True,False,False,False,False,True,True,False
-1.5766672930770564,2.060022469549935,36649.0,2024,11,1,False,False,False,True,False,False,False,True,False,False,False,False
-1.5766672930770564,-0.6459078366546857,16174.0,2024,11,2,True,False,False,False,True,False,False,True,False,False,False,False
1.575166350745482,0.18298568620320832,224460.0,2024,11,2,False,True,False,False,False,True,True,False,False,False,False,True
0.17435139793546492,0.7582684516688353,160794.0,2024,11,2,True,False,False,False,True,False,False,True,False,False,True,False
-0.17585234026703933,-0.16987555519197298,98880.0,2024,11,2,False,True,False,False,True,False,False,False,False,True,True,False
-0.5260560784695436,-0.4730454757015407,69928.0,2024,11,2,True,False,False,False,False,False,False,True,False,False,True,False
0.5245551361379692,1.9320937498231425,249767.0,2024,11,2,False,False,False,True,False,False,False,False,False,False,True,False
-0.8762598166720479,0.12761158128014427,66081.0,2024,11,2,False,True,False,True,False,False,True,False,False,False,False,False
-0.5260560784695436,0.34025343049544265,94544.0,2024,11,3,True,False,False,False,True,False,False,False,True,False,True,False
1.575166350745482,-0.6148507611011772,164090.0,2024,11,3,True,False,False,False,True,False,False,False,False,True,False,True
-0.17585234026703933,-0.18718822284095002,98225.0,2024,11,3,True,False,False,True,False,False,True,False,False,False,True,False
-1.2264635548745522,-1.403964795696918,20876.0,2024,11,3,False,False,True,False,False,False,False,True,False,False,False,False
0.5245551361379692,0.2633376093373919,161378.0,2024,11,3,False,True,False,False,True,False,False,False,False,True,True,False
-1.5766672930770564,-0.3469669647311276,18436.0,2024,11,3,False,True,False,False,True,False,False,False,True,False,False,False
-0.8762598166720479,0.5406046072576505,75456.0,2024,11,3,True,False,False,True,False,False,False,True,False,False,False,False
-1.5766672930770564,-0.5495648235546531,16903.0,2024,11,3,True,False,False,False,False,True,False,False,True,False,False,False
-1.2264635548745522,-0.811237204814001,29846.0,2024,11,3,True,False,False,True,False,False,True,False,False,False,False,False
-0.17585234026703933,-1.433832451335611,51060.0,2024,11,3,False,False,True,False,True,False,True,False,False,False,True,False
-1.2264635548745522,1.7436367722090869,68510.0,2024,11,3,False,False,False,False,False,True,False,False,True,False,False,False
0.5245551361379692,-0.6366567928727895,113708.0,2024,11,3,False,True,False,False,True,False,False,False,False,False,True,False
0.8747588743404735,-0.22247434698046817,155024.0,2024,11,3,False,True,False,False,False,True,False,False,True,False,False,True
-1.5766672930770564,-0.33639434326610346,18516.0,2024,11,3,False,True,False,False,False,False,False,False,False,True,False,False
-0.17585234026703933,-0.11397281919565773,100995.0,2024,11,4,False,True,False,False,False,False,False,True,False,False,True,False
0.8747588743404735,-0.13828984856521329,160120.0,2024,11,4,False,True,False,False,True,False,True,False,False,False,False,True
1.2249626125429778,-0.14000789955327972,180018.0,2024,11,4,False,True,False,False,False,True,False,False,True,False,False,True
0.17435139793546492,0.3518833141069692,142344.0,2024,11,4,True,False,False,False,False,False,False,False,False,False,True,False
1.2249626125429778,1.7551344980523007,309078.0,2024,11,4,False,False,False,False,False,False,False,False,False,True,False,True
1.2249626125429778,-1.5685012172463564,82737.0,2024,11,4,False,False,True,False,False,False,False,False,False,True,False,True
-0.8762598166720479,-0.04075741555036544,62259.0,2024,11,4,False,True,False,True,False,False,False,False,False,True,False,False
0.17435139793546492,1.8942966280856812,212370.0,2024,11,4,False,False,False,False,False,True,False,False,False,False,True,False
0.5245551361379692,-1.3361678605524505,76657.0,2024,11,4,False,False,True,True,False,False,False,False,True,False,True,False
-0.17585234026703933,-0.25564594682698144,95635.0,2024,11,4,False,True,False,False,False,False,False,False,False,True,True,False
0.8747588743404735,2.161519635614167,299336.0,2024,11,4,False,False,False,False,False,True,False,False,True,False,False,True
1.2249626125429778,1.0739933601681193,262692.0,2024,11,4,True,False,False,False,False,False,True,False,False,False,False,True
1.575166350745482,-1.3109257268047052,111420.0,2024,11,5,False,False,True,False,False,True,False,False,False,False,False,True
0.5245551361379692,-0.9443200775049926,97412.0,2024,11,5,True,False,False,False,True,False,True,False,False,False,True,False
1.575166350745482,-1.0610153869251968,130330.0,2024,11,5,True,False,False,False,False,False,True,False,False,False,False,True
-0.5260560784695436,-1.0993411397359092,50972.0,2024,11,5,False,False,True,True,False,False,False,False,True,False,True,False
0.17435139793546492,1.510642626673617,194952.0,2024,11,5,True,False,False,True,False,False,True,False,False,False,True,False
-0.5260560784695436,-0.04432567529481109,82904.0,2024,11,5,False,True,False,False,False,False,False,False,False,False,True,False
-0.5260560784695436,-0.574278326229147,66864.0,2024,11,5,True,False,False,False,False,True,False,True,False,False,True,False
1.2249626125429778,-0.5522079789209091,151947.0,2024,11,5,True,False,False,True,False,False,False,True,False,False,False,True
-0.17585234026703933,-0.8035720542518584,74905.0,2024,11,5,True,False,False,True,False,False,False,False,False,True,True,False
1.2249626125429778,-0.035735420354478964,187119.0,2024,11,5,False,True,False,False,False,True,False,False,True,False,False,True
-1.5766672930770564,-0.348685015719194,18423.0,2024,11,5,True,False,False,False,True,False,False,True,False,False,False,False
-1.2264635548745522,-1.3892952834141967,21098.0,2024,11,5,False,False,True,False,False,False,False,False,False,False,False,False
0.5245551361379692,-0.678418647659635,111496.0,2024,11,5,True,False,False,True,False,False,False,False,True,False,True,False
-0.17585234026703933,-0.03309226498822292,104055.0,2024,11,5,False,True,False,True,False,False,False,False,False,True,True,False
-0.17585234026703933,0.3236015516880296,117550.0,2024,11,5,False,True,False,True,False,False,True,False,False,False,True,False
0.8747588743404735,-0.6348065841164103,130064.0,2024,11,6,True,False,False,True,False,False,False,False,False,True,False,True
-1.5766672930770564,1.1938604560278308,30095.0,2024,11,6,True,False,False,True,False,False,False,False,False,False,False,False
-1.2264635548745522,-1.2686352409446087,22924.0,2024,11,6,False,False,True,False,False,False,False,False,False,False,False,False
0.5245551361379692,-0.6271414335542678,114212.0,2024,11,6,True,False,False,True,False,False,False,False,True,False,True,False
-0.17585234026703933,2.1664094730417403,187270.0,2024,11,6,False,False,False,False,True,False,False,False,True,False,True,False
-1.2264635548745522,0.3518833141069692,47448.0,2024,11,6,False,True,False,True,False,False,False,False,False,True,False,False
1.575166350745482,0.36774224630450547,238440.0,2024,11,6,False,True,False,False,True,False,False,False,False,True,False,True
1.2249626125429778,0.7446562015326167,240264.0,2024,11,6,True,False,False,False,False,True,True,False,False,False,False,True
-1.2264635548745522,-0.6578020358028379,32168.0,2024,11,6,False,True,False,False,False,True,True,False,False,False,False,False
1.2249626125429778,-0.18784901168251403,176760.0,2024,11,6,True,False,False,False,True,False,True,False,False,False,False,True
0.8747588743404735,-1.1644949195141208,98000.0,2024,11,6,False,False,True,True,False,False,True,False,False,False,False,True
-0.17585234026703933,-0.034942473744602146,103985.0,2024,11,6,True,False,False,False,True,False,True,False,False,False,True,False
-0.8762598166720479,2.066762515733888,110100.0,2024,11,6,False,False,False,False,False,False,False,True,False,False,False,False
-0.17585234026703933,-0.018158437168876298,104620.0,2024,11,6,True,False,False,False,False,False,False,False,False,False,True,False
-1.2264635548745522,-1.2463005780997451,23262.0,2024,11,7,False,False,True,True,False,False,False,False,False,False,False,False
-1.5766672930770564,0.27893222599830253,23172.0,2024,11,7,False,True,False,False,False,True,False,False,False,False,False,False
-0.17585234026703933,-0.47119526694516145,87480.0,2024,11,7,True,False,False,False,False,True,False,False,False,True,True,False
0.8747588743404735,-0.15705625166563117,158984.0,2024,11,7,False,True,False,True,False,False,False,False,True,False,False,True
-0.8762598166720479,-0.9147167374029249,42420.0,2024,11,7,True,False,False,False,False,True,True,False,False,False,False,False
-1.5766672930770564,0.06959432099082422,21588.0,2024,11,7,False,True,False,True,False,False,False,False,False,True,False,False
1.2249626125429778,-0.2701833013413897,171153.0,2024,11,8,True,False,False,False,True,False,False,False,False,False,False,True
-1.5766672930770564,1.87962711580296,35284.0,2024,11,8,False,False,False,True,False,False,True,False,False,False,False,False
-1.2264635548745522,-0.5984631978303898,33066.0,2024,11,8,False,True,False,False,True,False,False,False,False,True,False,False
0.8747588743404735,1.3513925158566906,250296.0,2024,11,8,True,False,False,False,False,True,False,True,False,False,False,True
-1.5766672930770564,-0.8900032347284309,14327.0,2024,11,8,True,False,False,False,True,False,True,False,False,False,False,False
-0.5260560784695436,-0.9789454128029467,54616.0,2024,11,8,False,False,True,False,False,False,True,False,False,False,True,False
0.8747588743404735,0.32849138911560327,188376.0,2024,11,8,True,False,False,False,False,True,True,False,False,False,False,True
-1.2264635548745522,-0.06309207839522897,41168.0,2024,11,8,False,True,False,False,True,False,False,True,False,False,False,False
-0.8762598166720479,0.18483589495958755,67380.0,2024,11,8,False,True,False,False,False,True,False,False,False,False,False,False
0.17435139793546492,-0.6040138240995274,98946.0,2024,11,8,True,False,False,False,True,False,False,False,True,False,True,False
-0.17585234026703933,-1.092204620247018,63985.0,2024,11,8,False,False,True,False,True,False,False,False,False,True,True,False
-0.5260560784695436,1.4370307497233863,127740.0,2024,11,9,True,False,False,False,False,True,False,True,False,False,True,False
0.8747588743404735,2.095969382531017,295368.0,2024,11,9,False,False,False,False,False,True,False,False,True,False,False,True
0.5245551361379692,-0.8631752077609322,101710.0,2024,11,9,False,False,True,False,True,False,False,True,False,False,True,False
1.2249626125429778,-1.304449996157378,100719.0,2024,11,9,False,False,True,False,True,False,False,False,False,False,False,True
-1.2264635548745522,-1.1133498631770662,25274.0,2024,11,9,False,False,True,False,False,True,False,True,False,False,False,False
0.17435139793546492,-0.4249400480356808,107076.0,2024,11,9,False,True,False,False,False,False,False,False,False,False,True,False
0.5245551361379692,-0.6225159116633198,114457.0,2024,11,9,True,False,False,False,False,False,False,False,False,False,True,False
0.17435139793546492,0.2827648012793738,139206.0,2024,11,10,False,True,False,True,False,False,True,False,False,False,True,False
-0.8762598166720479,0.37857918330615525,71778.0,2024,11,10,False,True,False,True,False,False,False,True,False,False,False,False
1.575166350745482,0.4240414556057591,242700.0,2024,11,10,False,True,False,False,False,False,False,False,False,False,False,True
0.5245551361379692,-0.41608547755872305,125391.0,2024,11,10,True,False,False,False,True,False,False,False,False,False,True,False
1.2249626125429778,-0.9735269443021218,123255.0,2024,11,10,True,False,False,False,False,True,False,False,True,False,False,True
0.5245551361379692,0.5601639569679452,177100.0,2024,11,11,True,False,False,True,False,False,False,False,False,True,True,False
1.2249626125429778,0.9114393051433728,251622.0,2024,11,11,True,False,False,False,False,False,False,False,False,True,False,True
1.2249626125429778,2.105749057386164,320262.5,2024,11,11,False,False,False,True,False,False,True,False,False,False,False,True
1.575166350745482,-1.077402950195984,129090.0,2024,11,11,False,False,True,False,False,True,False,False,False,False,False,True
-1.2264635548745522,1.4470747401151591,64022.0,2024,11,11,True,False,False,False,False,False,True,False,False,False,False,False
1.575166350745482,-1.658104184162436,85150.0,2024,11,11,False,False,True,False,False,False,False,False,False,True,False,True
-0.17585234026703933,0.8996772637635334,139345.0,2024,11,11,True,False,False,False,False,True,False,False,False,True,True,False
-0.5260560784695436,1.5296733453106606,130544.0,2024,11,11,True,False,False,False,False,True,False,False,False,True,True,False
-0.5260560784695436,0.6188420060988292,102976.0,2024,11,11,True,False,False,True,False,False,False,False,False,True,True,False
1.575166350745482,0.715052861430549,264720.0,2024,11,11,True,False,False,False,False,True,True,False,False,False,False,True
-0.5260560784695436,0.6475202418227073,103844.0,2024,11,12,True,False,False,False,False,False,False,True,False,False,True,False
1.575166350745482,2.1407708659890567,320262.5,2024,11,12,False,False,False,False,False,True,False,False,True,False,False,True
-0.5260560784695436,0.47888692945557193,98740.0,2024,11,12,True,False,False,False,False,False,False,True,False,False,True,False
0.17435139793546492,1.843680202821878,210072.0,2024,11,12,False,False,False,True,False,False,False,False,False,False,True,False
1.575166350745482,0.7531142987046361,267600.0,2024,11,12,True,False,False,False,False,False,False,True,False,False,False,True
1.575166350745482,0.33417417315305376,235900.0,2024,11,12,True,False,False,False,False,False,False,False,True,False,False,True
1.2249626125429778,-0.24335527437389087,172980.0,2024,11,12,False,True,False,False,True,False,False,False,True,False,False,True
0.8747588743404735,0.748488776813688,213800.0,2024,11,13,True,False,False,False,False,False,True,False,False,False,False,True
0.5245551361379692,-0.18903843159732925,137417.0,2024,11,13,False,True,False,False,False,False,False,False,True,False,True,False
0.8747588743404735,-0.024502010047890793,167008.0,2024,11,13,False,True,False,False,True,False,False,False,False,False,False,True
0.5245551361379692,-0.32991861261877614,129955.0,2024,11,13,False,True,False,False,True,False,False,True,False,False,True,False
-1.2264635548745522,-1.0706629040120312,25920.0,2024,11,13,False,False,True,False,True,False,False,False,True,False,False,False
-0.17585234026703933,-0.9490777571642535,69400.0,2024,11,13,True,False,False,False,False,False,False,True,False,False,True,False
0.5245551361379692,-0.8436158580506374,102746.0,2024,11,13,True,False,False,False,True,False,True,False,False,False,True,False
-1.5766672930770564,-0.5483754036398378,16912.0,2024,11,13,True,False,False,False,False,False,True,False,False,False,False,False
0.5245551361379692,0.5166840511930333,174797.0,2024,11,14,True,False,False,False,False,True,False,True,False,False,True,False
1.575166350745482,0.21311765737852717,226740.0,2024,11,14,False,True,False,False,False,False,True,False,False,False,False,True
-0.5260560784695436,1.0811298796570106,116968.0,2024,11,14,True,False,False,False,True,False,True,False,False,False,True,False
0.17435139793546492,-0.1665716109841529,118806.0,2024,11,14,False,True,False,False,False,True,False,False,False,False,True,False
1.2249626125429778,-0.12150581198948744,181278.0,2024,11,14,False,True,False,False,False,True,False,False,True,False,False,True
1.575166350745482,-0.11265124151252971,202090.0,2024,11,14,False,True,False,True,False,False,False,False,True,False,False,True
-0.5260560784695436,-0.6254233825662013,65316.0,2024,11,14,True,False,False,False,False,True,False,True,False,False,True,False
1.575166350745482,1.75698470680868,320262.5,2024,11,14,False,False,False,False,False,True,False,True,False,False,False,True
-1.2264635548745522,0.25950503405632064,46050.0,2024,11,14,True,False,False,False,False,True,False,False,False,True,False,False
1.575166350745482,0.013955900531134583,211670.0,2024,11,15,False,True,False,True,False,False,False,True,False,False,False,True
-1.2264635548745522,-0.0515943525520152,41342.0,2024,11,15,False,True,False,True,False,False,False,False,False,False,False,False
-0.8762598166720479,1.993943585393534,108447.0,2024,11,15,False,False,False,True,False,False,False,False,True,False,False,False
-0.17585234026703933,-1.5041403840780216,48400.0,2024,11,15,False,False,True,True,False,False,False,False,False,False,True,False
0.17435139793546492,-1.3775332420343573,63828.0,2024,11,15,False,False,True,False,True,False,False,False,False,False,True,False
1.575166350745482,-1.306300204913757,111770.0,2024,11,15,False,False,True,True,False,False,True,False,False,False,False,True
0.17435139793546492,0.016070424824139416,127098.0,2024,11,15,False,True,False,False,True,False,True,False,False,False,True,False
-0.8762598166720479,-0.2315932329940515,57927.0,2024,11,15,False,True,False,False,False,True,False,True,False,False,False,False
0.17435139793546492,1.3554894066743874,187908.0,2024,11,15,True,False,False,False,False,False,False,True,False,False,True,False
-0.5260560784695436,0.6669474337646891,104432.0,2024,11,15,True,False,False,True,False,False,False,False,True,False,True,False
-0.5260560784695436,-0.334676292278037,74116.0,2024,11,15,False,True,False,True,False,False,False,False,True,False,True,False
0.17435139793546492,-0.015383124034307456,125670.0,2024,11,16,False,True,False,True,False,False,False,False,True,False,True,False
0.5245551361379692,2.059890311781622,256536.0,2024,11,16,False,False,False,True,False,False,False,False,True,False,True,False
-0.17585234026703933,-0.291989333113002,94260.0,2024,11,16,False,True,False,False,False,True,False,False,False,True,True,False
-0.17585234026703933,1.4350483831986942,159600.0,2024,11,16,True,False,False,False,False,True,False,True,False,False,True,False
1.575166350745482,0.41954809148312383,242360.0,2024,11,16,False,True,False,False,False,True,False,False,True,False,False,True
0.17435139793546492,-0.616965285394182,98358.0,2024,11,16,False,True,False,False,False,True,False,False,True,False,True,False
-1.2264635548745522,-0.8634395232975578,29056.0,2024,11,16,False,False,True,False,True,False,False,False,False,True,False,False
1.2249626125429778,-0.789166857505763,135810.0,2024,11,16,True,False,False,True,False,False,False,True,False,False,False,True
-0.8762598166720479,0.7280043227252037,79710.0,2024,11,16,True,False,False,False,False,False,False,True,False,False,False,False
0.5245551361379692,0.19699440964436532,157864.0,2024,11,16,False,True,False,False,False,True,True,False,False,False,True,False
-0.5260560784695436,-0.9655974782033537,55020.0,2024,11,16,True,False,False,False,True,False,True,False,False,False,True,False
-0.17585234026703933,-0.8687258340300699,72440.0,2024,11,17,False,False,True,True,False,False,False,False,False,False,True,False
-0.5260560784695436,-1.4433478106541329,40560.0,2024,11,17,False,False,True,False,False,True,True,False,False,False,True,False
-1.2264635548745522,-0.9555534878115808,27662.0,2024,11,17,True,False,False,False,False,False,False,True,False,False,False,False
-1.2264635548745522,-1.2254196507063224,23578.0,2024,11,17,False,False,True,False,False,False,False,True,False,False,False,False
1.2249626125429778,-1.259648512699338,103770.0,2024,11,17,False,False,True,False,False,True,False,False,True,False,False,True
-0.8762598166720479,1.2117017547500588,90690.0,2024,11,17,True,False,False,False,True,False,True,False,False,False,False,False
-1.5766672930770564,-1.2998244742664298,11226.0,2024,11,17,False,False,True,False,False,True,False,True,False,False,False,False
0.8747588743404735,-0.5001378182056652,138216.0,2024,11,17,True,False,False,False,False,True,False,True,False,False,False,True
0.17435139793546492,0.2166859171229728,136206.0,2024,11,17,False,True,False,False,False,False,False,False,False,False,True,False
0.8747588743404735,0.04924202467065271,171472.0,2024,11,17,False,True,False,False,True,False,False,True,False,False,False,True
1.575166350745482,-1.4161233103816957,103460.0,2024,11,17,False,False,True,False,True,False,False,False,False,False,False,True
-1.5766672930770564,-1.1510148271462148,12352.0,2024,11,17,False,False,True,True,False,False,True,False,False,False,False,False
0.5245551361379692,2.1735459925306317,262556.0,2024,11,17,False,False,False,True,False,False,True,False,False,False,True,False
1.2249626125429778,1.9609041433153334,320262.5,2024,11,17,False,False,False,True,False,False,False,False,False,True,False,True
0.5245551361379692,-1.5455057655599287,65569.0,2024,11,17,False,False,True,True,False,False,False,True,False,False,True,False
-1.2264635548745522,0.5090189006308908,49826.0,2024,11,18,False,True,False,False,False,False,False,False,False,True,False,False
1.575166350745482,-0.6189476519188741,163780.0,2024,11,18,True,False,False,True,False,False,False,False,False,False,False,True
0.17435139793546492,0.281971854669497,139170.0,2024,11,18,True,False,False,False,False,False,False,False,False,False,True,False
-1.5766672930770564,0.09298624598219017,21765.0,2024,11,18,False,True,False,True,False,False,False,True,False,False,False,False
1.575166350745482,1.7290994176946786,320262.5,2024,11,18,False,False,False,False,False,False,False,False,False,False,False,True
-1.5766672930770564,-1.2160364491561135,11860.0,2024,11,19,False,False,True,True,False,False,False,False,False,True,False,False
0.5245551361379692,2.082621447931424,257740.0,2024,11,19,False,False,False,True,False,False,False,False,False,True,True,False
0.8747588743404735,0.0008722814681671872,168544.0,2024,11,19,False,True,False,True,False,False,False,False,True,False,False,True
-0.8762598166720479,-0.030713425158592485,62487.0,2024,11,19,False,True,False,False,False,False,False,False,False,True,False,False
0.17435139793546492,-0.16538219106933771,118860.0,2024,11,19,True,False,False,True,False,False,False,False,False,False,True,False
1.575166350745482,-0.747140687182292,154080.0,2024,11,19,True,False,False,False,False,False,True,False,False,False,False,True
0.8747588743404735,-1.6824212135319916,66648.0,2024,11,19,False,False,True,True,False,False,False,False,True,False,False,True
0.17435139793546492,1.126327836419989,177504.0,2024,11,19,True,False,False,False,False,False,True,False,False,False,True,False
-1.2264635548745522,-0.5109747552073148,34390.0,2024,11,20,True,False,False,False,False,False,False,False,True,False,False,False
1.2249626125429778,-0.4322087252928849,160119.0,2024,11,20,True,False,False,False,False,False,False,False,True,False,False,True
0.5245551361379692,1.9393624270803467,250152.0,2024,11,20,False,False,False,True,False,False,False,False,False,True,True,False
0.17435139793546492,-0.09613152047342946,122004.0,2024,11,20,False,True,False,False,False,False,False,False,True,False,True,False
1.575166350745482,-1.592686088847599,90100.0,2024,11,20,False,False,True,True,False,False,False,False,False,False,False,True
1.2249626125429778,-0.6297845889205238,146664.0,2024,11,20,False,True,False,False,True,False,False,True,False,False,False,True
0.17435139793546492,-0.1927388491100877,117618.0,2024,11,20,False,True,False,False,False,False,False,True,False,False,True,False
-1.2264635548745522,0.27523180848554407,46288.0,2024,11,21,False,True,False,False,False,False,False,False,False,False,False,False
-1.5766672930770564,-0.09269541849729661,20360.0,2024,11,21,False,True,False,False,False,False,False,False,True,False,False,False
-0.5260560784695436,-1.0089452262099528,53708.0,2024,11,21,False,False,True,False,False,True,False,False,False,False,True,False
0.5245551361379692,-0.8696509384082595,101367.0,2024,11,21,False,False,True,False,False,False,False,True,False,False,True,False
-1.2264635548745522,-0.4920761943385842,34676.0,2024,11,21,True,False,False,False,True,False,False,False,False,True,False,False
-1.2264635548745522,1.8148698093296871,69588.0,2024,11,21,False,False,False,True,False,False,False,True,False,False,False,False
-1.2264635548745522,1.6643421112214056,67310.0,2024,11,21,False,False,False,True,False,False,False,False,False,True,False,False
0.8747588743404735,1.196371453625774,240912.0,2024,11,22,True,False,False,False,False,False,False,False,False,True,False,True
-0.8762598166720479,-1.0877112561243827,38493.0,2024,11,22,False,False,True,False,False,False,True,False,False,False,False,False
-0.5260560784695436,-0.11621950125697536,80728.0,2024,11,22,False,True,False,True,False,False,False,False,False,False,True,False
0.17435139793546492,0.8070346681762592,163008.0,2024,11,22,True,False,False,False,False,False,False,False,False,False,True,False
-1.5766672930770564,-0.02833458532896205,20847.0,2024,11,22,False,True,False,False,False,False,False,False,False,True,False,False
-0.8762598166720479,-0.46458737852952137,52638.0,2024,11,22,True,False,False,False,False,True,False,True,False,False,False,False
0.8747588743404735,0.025585784142661157,170040.0,2024,11,22,False,True,False,False,True,False,True,False,False,False,False,True
0.17435139793546492,-1.2794721779462583,68280.0,2024,11,22,False,False,True,True,False,False,False,False,False,False,True,False
0.17435139793546492,-0.08080121934914443,122700.0,2024,11,22,False,True,False,False,True,False,False,True,False,False,True,False
1.575166350745482,-0.9410161332971725,139410.0,2024,11,22,False,False,True,False,True,False,False,False,False,True,False,True
0.5245551361379692,-0.22947870870104667,135275.0,2024,11,22,True,False,False,True,False,False,False,True,False,False,True,False
0.8747588743404735,-0.6358638462629127,130000.0,2024,11,22,False,True,False,False,False,False,False,False,False,True,False,True
-0.17585234026703933,-0.8103121004358114,74650.0,2024,11,22,True,False,False,True,False,False,False,False,False,False,True,False
1.575166350745482,-0.4372307204887714,177530.0,2024,11,22,False,True,False,True,False,False,False,False,False,False,False,True
-0.5260560784695436,0.43461407707078326,97400.0,2024,11,23,True,False,False,False,False,False,False,True,False,False,True,False
0.17435139793546492,0.23783116005302113,137166.0,2024,11,23,False,True,False,True,False,False,False,False,True,False,True,False
-1.2264635548745522,-0.9763022574366906,27348.0,2024,11,23,True,False,False,False,True,False,False,True,False,False,False,False
0.5245551361379692,-1.1929088397013732,84245.0,2024,11,23,False,False,True,False,True,False,False,True,False,False,True,False
-1.5766672930770564,-0.1587743026536976,19860.0,2024,11,23,True,False,False,False,False,True,False,False,True,False,False,False
-0.17585234026703933,-1.0648479622062679,65020.0,2024,11,23,False,False,True,False,False,False,True,False,False,False,True,False
-1.5766672930770564,-0.8865671327522981,14353.0,2024,11,23,True,False,False,False,False,False,False,False,False,True,False,False
-1.5766672930770564,-0.4344554073542025,17774.0,2024,11,23,True,False,False,False,True,False,False,False,True,False,False,False
-0.5260560784695436,-0.48493967484969286,69568.0,2024,11,24,True,False,False,True,False,False,False,False,False,False,True,False
-0.17585234026703933,-0.42308983927930155,89300.0,2024,11,24,True,False,False,False,False,False,True,False,False,False,True,False
-1.2264635548745522,-1.4182378346747004,20660.0,2024,11,24,False,False,True,False,False,True,False,False,True,False,False,False
1.575166350745482,1.8591426617144757,320262.5,2024,11,24,False,False,False,False,False,True,True,False,False,False,False,True
0.8747588743404735,-0.40881680030151896,143744.0,2024,11,24,True,False,False,False,False,True,False,False,False,True,False,True
0.5245551361379692,-0.30229763904140056,131418.0,2024,11,24,True,False,False,False,False,True,False,False,False,False,True,False
0.17435139793546492,2.128612351304279,223008.0,2024,11,24,False,False,False,False,False,False,False,False,False,True,True,False
0.5245551361379692,-0.4143674265706566,125482.0,2024,11,24,False,True,False,False,False,False,False,False,False,True,True,False
-0.5260560784695436,0.35901983359586054,95112.0,2024,11,24,False,True,False,False,False,True,False,True,False,False,True,False
-1.2264635548745522,-0.6053354017826554,32962.0,2024,11,24,True,False,False,False,True,False,False,True,False,False,False,False
0.8747588743404735,-0.9288576186123947,112264.0,2024,11,24,True,False,False,False,False,True,False,False,True,False,False,True
0.17435139793546492,0.6025866005963546,153726.0,2024,11,24,True,False,False,False,False,True,False,False,False,False,True,False
0.5245551361379692,-0.53621688895506,119028.0,2024,11,24,False,True,False,False,False,False,False,True,False,False,True,False
-1.5766672930770564,1.9720053958536088,35983.0,2024,11,24,False,False,False,False,False,True,False,False,False,False,False,False
-1.2264635548745522,0.9698530387376313,56800.0,2024,11,25,True,False,False,False,True,False,False,False,False,True,False,False
-0.8762598166720479,-0.1302282246981324,60228.0,2024,11,25,False,True,False,True,False,False,False,False,False,False,False,False
0.8747588743404735,1.0607775833368391,232704.0,2024,11,25,True,False,False,False,False,False,False,False,False,False,False,True
1.575166350745482,1.1161516882599032,295070.0,2024,11,25,True,False,False,False,True,False,False,True,False,False,False,True
0.5245551361379692,0.3570374670711685,166341.0,2024,11,25,True,False,False,True,False,False,False,False,False,True,True,False
-1.5766672930770564,-1.3100006224265157,11149.0,2024,11,25,False,False,True,False,False,True,True,False,False,False,False,False
0.8747588743404735,-0.10379667103557198,162208.0,2024,11,25,False,True,False,False,False,True,False,True,False,False,False,True
-1.5766672930770564,-0.658991455717653,16075.0,2024,11,25,False,True,False,False,False,False,False,False,False,True,False,False
0.17435139793546492,0.9198974023153922,168132.0,2024,11,26,True,False,False,False,True,False,False,False,False,False,True,False
-0.5260560784695436,-1.4976646534306945,38916.0,2024,11,26,False,False,True,False,False,True,False,False,False,True,True,False
-0.17585234026703933,-1.1515434582194661,61740.0,2024,11,26,False,False,True,True,False,False,True,False,False,False,True,False
1.575166350745482,-0.19168158696358528,196110.0,2024,11,26,False,True,False,True,False,False,False,False,True,False,False,True
1.575166350745482,2.1701098905544987,320262.5,2024,11,26,False,False,False,False,False,False,True,False,False,False,False,True
-1.5766672930770564,1.885706373145349,35330.0,2024,11,26,False,False,False,False,False,False,False,False,True,False,False,False
1.575166350745482,-0.600974195428333,165140.0,2024,11,26,False,True,False,True,False,False,False,False,False,False,False,True
1.575166350745482,2.1968057597536848,320262.5,2024,11,26,False,False,False,False,False,True,False,False,False,True,False,True
-0.5260560784695436,0.081752835675602,86720.0,2024,11,26,False,True,False,False,False,False,False,False,False,True,True,False
-0.5260560784695436,-0.04155036216024225,82988.0,2024,11,26,True,False,False,False,False,False,False,False,False,False,True,False
-1.5766672930770564,0.8306909087042508,27347.0,2024,11,26,True,False,False,False,False,True,False,False,True,False,False,False
0.8747588743404735,0.11836053749824814,175656.0,2024,11,26,False,True,False,True,False,False,False,False,True,False,False,True
-1.5766672930770564,-0.5865689986822376,16623.0,2024,11,26,False,True,False,False,False,False,True,False,False,False,False,False
0.5245551361379692,-1.7085884516579264,56931.0,2024,11,26,False,False,True,False,False,False,True,False,False,False,True,False
0.8747588743404735,-0.040889573318678235,166016.0,2024,11,27,True,False,False,False,False,True,True,False,False,False,False,True
-0.17585234026703933,-1.60074771271468,44745.0,2024,11,27,False,False,True,False,False,True,False,False,False,False,True,False
0.17435139793546492,-1.5344045130216535,56706.0,2024,11,27,False,False,True,False,False,True,False,False,True,False,True,False
-1.2264635548745522,-0.3130024182747375,37386.0,2024,11,27,False,True,False,False,False,True,False,False,False,False,False,False
-1.2264635548745522,-0.5284195806246047,34126.0,2024,11,27,True,False,False,False,False,False,False,True,False,False,False,False
-0.17585234026703933,0.7060661331852786,132020.0,2024,11,27,True,False,False,False,False,True,False,False,False,False,True,False
-0.8762598166720479,0.25091477911598853,68880.0,2024,11,27,False,True,False,False,True,False,False,False,False,True,False,False
1.2249626125429778,0.8501181006462327,247446.0,2024,11,27,True,False,False,False,True,False,False,False,True,False,False,True
-1.2264635548745522,-1.4582816384734794,20054.0,2024,11,27,False,False,True,False,False,True,False,False,True,False,False,False
-0.8762598166720479,0.37884349884278085,71784.0,2024,11,27,True,False,False,True,False,False,False,False,False,True,False,False
1.2249626125429778,-0.4866577258377593,156411.0,2024,11,27,True,False,False,True,False,False,True,False,False,False,False,True
0.8747588743404735,-0.7641890392946434,122232.0,2024,11,27,True,False,False,False,True,False,False,False,False,True,False,True
0.17435139793546492,-0.8744086180675203,86670.0,2024,11,27,True,False,False,True,False,False,False,True,False,False,True,False
-0.17585234026703933,-1.7064739273649216,40745.0,2024,11,27,False,False,True,False,True,False,False,False,True,False,True,False
-0.8762598166720479,-1.091543831405454,38406.0,2024,11,27,False,False,True,False,False,True,True,False,False,False,False,False
0.8747588743404735,0.24007784211433877,183024.0,2024,11,28,False,True,False,False,True,False,False,False,False,True,False,True
0.5245551361379692,-0.5568335008118571,117936.0,2024,11,28,False,True,False,True,False,False,False,True,False,False,True,False
-0.5260560784695436,-0.9385051356992292,55840.0,2024,11,28,False,False,True,False,True,False,False,True,False,False,True,False
1.2249626125429778,2.073370404149528,320262.5,2024,11,28,False,False,False,True,False,False,False,False,False,True,False,True
-0.5260560784695436,0.9623200459438016,113372.0,2024,11,28,True,False,False,False,True,False,False,False,False,False,True,False
-1.5766672930770564,0.4778296673090695,24677.0,2024,11,28,False,True,False,False,False,False,False,False,True,False,False,False
0.17435139793546492,1.3668549747492884,188424.0,2024,11,28,True,False,False,False,True,False,False,False,False,True,True,False
-1.2264635548745522,1.722888002583977,68196.0,2024,11,28,False,False,False,False,True,False,True,False,False,False,False,False
1.2249626125429778,-1.600086923873116,80586.0,2024,11,28,False,False,True,False,False,True,False,False,False,False,False,True
1.2249626125429778,2.1748675702137596,320262.5,2024,11,28,False,False,False,False,False,False,False,False,True,False,False,True
-1.5766672930770564,-0.061374027407162544,20597.0,2024,11,28,False,True,False,False,False,True,False,False,False,True,False,False
0.5245551361379692,-1.408590317587866,72821.0,2024,11,28,False,False,True,False,True,False,False,False,True,False,True,False
-0.17585234026703933,-0.5207544300624622,85605.0,2024,11,28,True,False,False,False,False,False,False,False,False,False,True,False
0.17435139793546492,0.7022335579042073,158250.0,2024,11,29,True,False,False,False,True,False,True,False,False,False,True,False
-1.2264635548745522,1.4563257838970554,64162.0,2024,11,29,True,False,False,False,False,False,False,False,False,True,False,False
-1.5766672930770564,-0.6406215259221736,16214.0,2024,11,29,False,True,False,False,False,False,False,False,False,True,False,False
-1.2264635548745522,-1.3131724088660228,22250.0,2024,11,29,False,False,True,False,True,False,False,False,False,True,False,False
-1.2264635548745522,-0.7793871826506157,30328.0,2024,11,29,True,False,False,False,False,False,False,False,False,True,False,False
-0.8762598166720479,-0.441459769074781,53163.0,2024,11,29,True,False,False,False,False,True,True,False,False,False,False,False
-0.5260560784695436,-1.0122491704177727,53608.0,2024,11,29,True,False,False,False,False,False,False,False,False,True,True,False
-1.2264635548745522,-1.1319841085091713,24992.0,2024,11,30,False,False,True,False,False,False,True,False,False,False,False,False
-1.2264635548745522,0.6931146718906239,52612.0,2024,11,30,True,False,False,False,True,False,False,False,False,True,False,False
-1.2264635548745522,-0.30811258084716386,37460.0,2024,11,30,False,True,False,False,False,False,False,False,True,False,False,False
-1.2264635548745522,-1.359824101080442,21544.0,2024,11,30,False,False,True,False,True,False,False,False,True,False,False,False
-1.5766672930770564,2.0856610766026185,36843.0,2024,11,30,False,False,False,False,False,False,False,False,False,False,False,False
-1.2264635548745522,-1.4400438664463129,20330.0,2024,11,30,False,False,True,False,False,True,True,False,False,False,False,False
-0.5260560784695436,-1.637487572305639,34684.0,2024,11,30,False,False,True,False,False,False,False,True,False,False,True,False
1.575166350745482,-1.3495157951520433,108500.0,2024,11,30,False,False,True,False,True,False,False,False,False,False,False,True
-0.8762598166720479,0.04303060955995102,64161.0,2024,11,30,False,True,False,False,False,True,False,False,False,False,False,False
1.2249626125429778,-0.3731342028570624,164142.0,2024,11,30,True,False,False,False,False,True,False,False,False,False,False,True
-0.5260560784695436,-1.6619367594435073,33944.0,2024,11,30,False,False,True,True,False,False,False,True,False,False,True,False
0.5245551361379692,-0.19630710885453337,137032.0,2024,11,30,False,True,False,False,False,False,False,False,False,True,True,False
0.5245551361379692,-0.8223384573522763,103873.0,2024,11,30,False,False,True,True,False,False,True,False,False,False,True,False
-0.5260560784695436,0.3911341712958714,96084.0,2024,12,1,True,False,False,True,False,False,False,False,False,True,True,False
0.8747588743404735,-0.4031340162640685,144088.0,2024,12,1,False,True,False,False,True,False,False,False,False,False,False,True
-0.5260560784695436,-0.13075685577138357,80288.0,2024,12,1,False,True,False,False,False,True,True,False,False,False,True,False
1.575166350745482,-1.3320709697347535,109820.0,2024,12,1,False,False,True,False,False,True,False,True,False,False,False,True
-0.5260560784695436,-0.3983763366048076,72188.0,2024,12,1,True,False,False,False,True,False,False,False,True,False,True,False
-0.8762598166720479,-0.4328695141344489,53358.0,2024,12,1,False,True,False,False,False,False,False,False,True,False,False,False
-1.5766672930770564,-0.17714423244917707,19721.0,2024,12,1,False,True,False,False,True,False,False,False,True,False,False,False
-1.2264635548745522,-0.29939016813851893,37592.0,2024,12,1,False,True,False,False,False,True,False,False,False,False,False,False
-0.8762598166720479,-1.328502709990308,33027.0,2024,12,1,False,False,True,False,False,False,False,False,False,True,False,False
1.2249626125429778,-0.37115183633237037,164277.0,2024,12,2,False,True,False,True,False,False,False,True,False,False,False,True
-0.5260560784695436,-1.0405309328367125,52752.0,2024,12,2,False,False,True,False,False,False,False,True,False,False,True,False
0.8747588743404735,0.3890196470028666,192040.0,2024,12,2,False,True,False,False,False,False,False,False,False,False,False,True
-0.17585234026703933,-0.6655993441332931,80125.0,2024,12,2,True,False,False,True,False,False,False,False,False,False,True,False
-1.5766672930770564,-1.3973569072812777,10488.0,2024,12,2,False,False,True,True,False,False,True,False,False,False,False,False
-0.5260560784695436,0.7036872933556481,105544.0,2024,12,2,True,False,False,False,True,False,False,False,False,True,True,False
-0.17585234026703933,-1.1594729243182342,61440.0,2024,12,2,False,False,True,False,False,True,False,False,False,False,True,False
0.8747588743404735,-0.09560288940017826,162704.0,2024,12,2,True,False,False,False,True,False,True,False,False,False,False,True
0.17435139793546492,1.9059265116972077,212898.0,2024,12,2,False,False,False,False,False,True,False,False,False,False,True,False
-0.17585234026703933,0.3759360279398992,119530.0,2024,12,2,False,True,False,True,False,False,False,False,False,True,True,False
0.8747588743404735,-1.2231729686450048,94448.0,2024,12,2,False,False,True,True,False,False,False,True,False,False,False,True
0.8747588743404735,0.2760247550954209,185200.0,2024,12,3,False,True,False,False,False,True,True,False,False,False,False,True
-0.8762598166720479,-1.60735560113032,26697.0,2024,12,3,False,False,True,False,False,False,False,False,False,True,False,False
-0.17585234026703933,-1.6192498002784723,44045.0,2024,12,3,False,False,True,False,False,False,True,False,False,False,True,False
0.5245551361379692,0.27813927938842575,162162.0,2024,12,3,True,False,False,False,True,False,True,False,False,False,True,False
-0.5260560784695436,-0.7592992018670698,61264.0,2024,12,3,True,False,False,False,False,False,False,True,False,False,True,False
1.575166350745482,-1.1043631349317957,127050.0,2024,12,4,False,False,True,False,False,True,False,False,False,False,False,True
-1.5766672930770564,-1.5648007997335978,9221.0,2024,12,4,False,False,True,False,True,False,False,False,False,True,False,False
0.5245551361379692,-1.1113674966523743,88564.0,2024,12,4,False,False,True,False,False,False,False,False,True,False,True,False
-0.5260560784695436,1.7805087895683587,138136.0,2024,12,4,False,False,False,False,True,False,False,False,False,True,True,False
-0.17585234026703933,-0.37458793830850323,91135.0,2024,12,4,False,True,False,False,False,True,False,False,False,False,True,False
1.575166350745482,0.20598113788963585,226200.0,2024,12,4,False,True,False,False,False,False,False,False,True,False,False,True
0.8747588743404735,-0.45652575466244044,140856.0,2024,12,4,False,True,False,False,False,True,False,False,False,True,False,True
0.17435139793546492,-0.2826061315627931,113538.0,2024,12,4,True,False,False,True,False,False,False,True,False,False,True,False
0.17435139793546492,-1.1923802086281219,72234.0,2024,12,4,False,False,True,False,False,True,False,False,False,False,True,False
-1.5766672930770564,-1.6436989874163406,8624.0,2024,12,4,False,False,True,False,True,False,True,False,False,False,False,False
-0.5260560784695436,-1.0172711656136593,53456.0,2024,12,4,False,False,True,False,True,False,False,True,False,False,True,False
0.5245551361379692,2.1568941137232187,261674.0,2024,12,4,False,False,False,False,True,False,False,False,True,False,True,False
0.8747588743404735,-1.579338154248006,72888.0,2024,12,4,False,False,True,False,False,True,False,True,False,False,False,True
0.17435139793546492,-0.03547110481785336,124758.0,2024,12,4,False,True,False,False,True,False,False,False,False,True,True,False
1.575166350745482,-0.2260426067249138,193510.0,2024,12,4,True,False,False,False,True,False,False,False,False,True,False,True
0.8747588743404735,-0.1783336523639923,157696.0,2024,12,5,False,True,False,False,True,False,False,False,False,True,False,True
1.575166350745482,-0.011682706521549001,209730.0,2024,12,5,False,True,False,False,True,False,False,False,False,True,False,True
1.2249626125429778,-0.14357615929772538,179775.0,2024,12,5,False,True,False,False,True,False,False,False,False,False,False,True
1.2249626125429778,0.4369929169004137,219312.0,2024,12,5,True,False,False,False,True,False,False,False,False,False,False,True
0.5245551361379692,0.21774317926947523,158963.0,2024,12,5,False,True,False,False,True,False,False,False,True,False,True,False
1.575166350745482,-1.4779731459520868,98780.0,2024,12,5,False,False,True,False,False,False,False,False,True,False,False,True
0.17435139793546492,-0.2826061315627931,113538.0,2024,12,5,False,True,False,True,False,False,True,False,False,False,True,False
-1.5766672930770564,-1.356387999104309,10798.0,2024,12,5,False,False,True,False,True,False,False,False,False,True,False,False
-0.8762598166720479,0.029550517192045215,63855.0,2024,12,5,False,True,False,False,False,True,False,False,True,False,False,False
-0.5260560784695436,-1.2355957988664081,46848.0,2024,12,5,False,False,True,False,False,True,False,True,False,False,True,False
0.8747588743404735,0.32241213177321437,188008.0,2024,12,5,True,False,False,True,False,False,False,True,False,False,False,True
-0.8762598166720479,-0.3706232052591192,54771.0,2024,12,5,False,True,False,False,True,False,False,True,False,False,False,False
-0.17585234026703933,1.3844319579348912,157685.0,2024,12,5,True,False,False,False,False,True,False,False,True,False,True,False
0.8747588743404735,-1.0525572897531774,104776.0,2024,12,5,False,False,True,False,True,False,False,True,False,False,False,True
-1.5766672930770564,1.493990747866204,32366.0,2024,12,5,True,False,False,False,False,True,False,False,False,False,False,False
-0.8762598166720479,-0.8362150230251205,44202.0,2024,12,6,True,False,False,False,True,False,False,True,False,False,False,False
-1.2264635548745522,-0.1984216331475382,39120.0,2024,12,6,False,True,False,False,False,True,False,True,False,False,False,False
1.2249626125429778,0.8569903045984985,247914.0,2024,12,6,True,False,False,False,False,False,False,False,False,False,False,True
1.575166350745482,-0.8849812395325445,143650.0,2024,12,6,False,False,True,False,False,True,False,False,False,False,False,True
-0.8762598166720479,-0.18705606507263722,58938.0,2024,12,6,False,True,False,False,False,False,False,False,False,True,False,False
1.575166350745482,0.4880058154691553,247540.0,2024,12,6,True,False,False,False,True,False,False,True,False,False,False,True
0.5245551361379692,0.8358450616684501,191702.0,2024,12,7,True,False,False,True,False,False,False,False,True,False,True,False
-1.2264635548745522,-0.2674079882068208,38076.0,2024,12,7,False,True,False,False,True,False,False,True,False,False,False,False
-1.2264635548745522,-1.1198255938243935,25176.0,2024,12,7,False,False,True,True,False,False,False,False,False,False,False,False
-0.8762598166720479,-0.34749559580437883,55296.0,2024,12,7,False,True,False,False,False,True,True,False,False,False,False,False
-0.8762598166720479,0.12007858848631457,65910.0,2024,12,7,False,True,False,False,True,False,True,False,False,False,False,False
1.2249626125429778,-0.3243679863496385,167463.0,2024,12,7,False,True,False,False,False,True,True,False,False,False,False,True
-1.2264635548745522,-1.359031154470565,21556.0,2024,12,7,False,False,True,False,True,False,False,False,False,True,False,False
0.17435139793546492,0.8503824161828583,164976.0,2024,12,7,True,False,False,False,False,True,False,True,False,False,True,False
0.5245551361379692,-0.1378933752602749,140126.0,2024,12,7,True,False,False,False,False,True,False,True,False,False,True,False
-1.2264635548745522,0.4204731958613135,48486.0,2024,12,7,False,True,False,False,False,True,True,False,False,False,False,False
-1.2264635548745522,2.0347803358021896,72916.0,2024,12,7,False,False,False,False,True,False,False,False,False,True,False,False
-0.17585234026703933,-1.0963015110647147,63830.0,2024,12,8,False,False,True,False,True,False,False,False,True,False,True,False
-1.5766672930770564,-0.6427360502151784,16198.0,2024,12,8,True,False,False,False,True,False,False,False,True,False,False,False
-0.8762598166720479,1.5512150615456473,98397.0,2024,12,8,True,False,False,False,True,False,False,False,True,False,False,False
0.8747588743404735,-0.03401736936641254,166432.0,2024,12,8,False,True,False,True,False,False,True,False,False,False,False,True
-1.5766672930770564,1.5718316734024442,32955.0,2024,12,8,True,False,False,False,True,False,False,True,False,False,False,False
0.17435139793546492,1.3273398020237606,186630.0,2024,12,8,True,False,False,False,True,False,True,False,False,False,True,False
-0.17585234026703933,0.5384900829646456,125680.0,2024,12,8,True,False,False,False,False,True,False,False,True,False,True,False
-0.8762598166720479,-1.0762135302811688,38754.0,2024,12,8,False,False,True,True,False,False,False,False,False,True,False,False
1.2249626125429778,1.6606416937086472,302643.0,2024,12,8,False,False,False,False,False,True,False,True,False,False,False,True
1.2249626125429778,0.3020598354530429,210123.0,2024,12,8,True,False,False,False,False,False,False,False,False,False,False,True
-1.5766672930770564,2.1267621425479,37154.0,2024,12,8,False,False,False,True,False,False,False,False,False,False,False,False
-1.5766672930770564,-0.02027296146188113,20908.0,2024,12,8,True,False,False,False,True,False,False,False,True,False,False,False
-0.5260560784695436,0.6652293827766227,104380.0,2024,12,9,True,False,False,False,False,False,False,False,False,True,True,False
0.17435139793546492,-0.506877864389618,103356.0,2024,12,9,True,False,False,False,False,False,True,False,False,False,True,False
0.5245551361379692,-1.0529537630581158,91658.0,2024,12,9,False,False,True,False,True,False,False,True,False,False,True,False
-0.8762598166720479,-0.37723109367475927,54621.0,2024,12,9,False,True,False,False,False,True,False,False,False,True,False,False
-1.5766672930770564,1.3133310785826036,30999.0,2024,12,9,True,False,False,False,False,False,False,True,False,False,False,False
0.5245551361379692,-0.3592576371842182,128401.0,2024,12,9,False,True,False,False,True,False,False,False,False,False,True,False
0.5245551361379692,-0.44383860890441146,123921.0,2024,12,9,True,False,False,False,False,True,False,False,False,False,True,False
1.575166350745482,0.19976972277893418,225730.0,2024,12,9,False,True,False,True,False,False,True,False,False,False,False,True
-1.5766672930770564,1.4861934395357486,32307.0,2024,12,9,True,False,False,False,False,True,False,True,False,False,False,False
-1.5766672930770564,-0.7755546073695444,15193.0,2024,12,9,True,False,False,False,True,False,False,False,True,False,False,False
-0.17585234026703933,-0.09666015154668067,101650.0,2024,12,9,False,True,False,False,True,False,True,False,False,False,True,False
-1.5766672930770564,-1.4429513373491945,10143.0,2024,12,9,False,False,True,False,False,False,False,True,False,False,False,False
0.8747588743404735,-1.1865652668223585,96664.0,2024,12,9,False,False,True,False,False,True,True,False,False,False,False,True
0.5245551361379692,0.06285427480687132,150759.0,2024,12,9,False,True,False,False,True,False,False,False,False,False,True,False
-0.5260560784695436,0.42377714006913353,97072.0,2024,12,9,True,False,False,False,True,False,False,True,False,False,True,False
-0.17585234026703933,-0.2196990338458993,96995.0,2024,12,10,False,True,False,False,False,False,False,False,False,False,True,False
-0.8762598166720479,0.27853575269336417,69507.0,2024,12,10,True,False,False,False,False,True,False,False,False,False,False,False
0.17435139793546492,-0.8898710769601181,85968.0,2024,12,10,False,False,True,True,False,False,False,True,False,False,True,False
-0.17585234026703933,-0.7927351172502087,75315.0,2024,12,10,True,False,False,False,True,False,False,False,False,False,True,False
0.5245551361379692,-0.35331053761014214,128716.0,2024,12,10,True,False,False,True,False,False,False,True,False,False,True,False
0.17435139793546492,1.2315254199969792,182280.0,2024,12,10,True,False,False,False,True,False,False,True,False,False,True,False
-0.5260560784695436,-0.26939035473151285,76092.0,2024,12,10,False,True,False,False,False,False,True,False,False,False,True,False
-0.17585234026703933,-1.254362201966826,57850.0,2024,12,10,False,False,True,False,True,False,False,False,True,False,True,False
0.5245551361379692,1.9108163491247814,248640.0,2024,12,10,False,False,False,True,False,False,False,False,False,True,True,False
1.2249626125429778,0.8794571252116747,249444.0,2024,12,10,True,False,False,False,True,False,False,True,False,False,False,True
0.17435139793546492,-0.8041006853251097,89862.0,2024,12,10,True,False,False,False,False,True,False,False,False,True,True,False
0.8747588743404735,-0.8014575299588537,119976.0,2024,12,11,False,False,True,False,True,False,False,False,False,True,False,True
-0.17585234026703933,-0.6066569794657835,82355.0,2024,12,11,True,False,False,False,False,False,False,True,False,False,True,False
-0.5260560784695436,0.08584972649329886,86844.0,2024,12,11,False,True,False,False,False,False,False,True,False,False,True,False
-0.17585234026703933,-1.0906187270272643,64045.0,2024,12,11,False,False,True,False,False,False,False,False,True,False,True,False
-0.5260560784695436,-0.5158645926348886,68632.0,2024,12,11,False,True,False,False,True,False,False,False,True,False,True,False
1.575166350745482,-0.5730889063143318,167250.0,2024,12,11,True,False,False,True,False,False,False,False,True,False,False,True
-1.5766672930770564,-1.0696056418655289,12968.0,2024,12,11,False,False,True,False,False,True,False,True,False,False,False,False
-1.2264635548745522,-0.19036000928045727,39242.0,2024,12,11,False,True,False,True,False,False,False,True,False,False,False,False
0.5245551361379692,-1.1121604432622512,88522.0,2024,12,11,False,False,True,False,False,True,False,False,True,False,True,False
-1.5766672930770564,-0.5857760520723608,16629.0,2024,12,11,False,True,False,False,True,False,True,False,False,False,False,False
0.17435139793546492,1.999229896126046,217134.0,2024,12,12,False,False,False,False,True,False,False,False,False,False,True,False
0.5245551361379692,-1.1280193754597874,87682.0,2024,12,12,False,False,True,False,True,False,False,False,True,False,True,False
-0.5260560784695436,-1.4331716624940471,40868.0,2024,12,12,False,False,True,False,True,False,True,False,False,False,True,False
0.17435139793546492,-0.6161723387843052,98394.0,2024,12,12,True,False,False,False,True,False,True,False,False,False,True,False
1.575166350745482,-0.8947609143876918,142910.0,2024,12,12,False,False,True,False,True,False,False,True,False,False,False,True
0.17435139793546492,-0.15771704050719518,119208.0,2024,12,12,False,True,False,True,False,False,False,False,False,True,True,False
1.575166350745482,0.3857157027950465,239800.0,2024,12,12,True,False,False,True,False,False,False,False,True,False,False,True
-0.5260560784695436,0.019506526800272265,84836.0,2024,12,12,False,True,False,False,False,False,True,False,False,False,True,False
-0.8762598166720479,0.9796327135927786,85422.0,2024,12,12,True,False,False,False,True,False,False,False,False,True,False,False
-1.2264635548745522,-0.2712405634878921,38018.0,2024,12,12,False,True,False,False,False,False,False,False,True,False,False,False
-0.17585234026703933,-1.4816735634648455,49250.0,2024,12,12,False,False,True,False,False,True,False,False,False,False,True,False
0.8747588743404735,-1.3549342636528683,86472.0,2024,12,12,False,False,True,False,True,False,True,False,False,False,False,True
0.5245551361379692,-1.251058257759006,81165.0,2024,12,12,False,False,True,False,False,True,False,True,False,False,True,False
1.575166350745482,0.14294188240442932,221430.0,2024,12,13,False,True,False,False,False,True,False,False,True,False,False,True
0.8747588743404735,0.15734707915052473,178016.0,2024,12,13,False,True,False,False,False,False,False,False,False,True,False,True
-1.2264635548745522,-0.5691241732649478,33510.0,2024,12,13,False,True,False,False,False,False,False,False,True,False,False,False
-0.8762598166720479,0.8187967095560986,81771.0,2024,12,13,True,False,False,True,False,False,False,False,True,False,False,False
-1.5766672930770564,1.282274003029095,30764.0,2024,12,13,True,False,False,False,False,True,False,False,False,False,False,False
0.5245551361379692,-0.19762868653766139,136962.0,2024,12,13,False,True,False,False,True,False,True,False,False,False,True,False
-1.2264635548745522,-0.9259501477095131,28110.0,2024,12,13,True,False,False,True,False,False,False,False,True,False,False,False
-0.5260560784695436,-0.609035819295414,65812.0,2024,12,13,True,False,False,False,False,True,False,False,False,True,True,False
1.575166350745482,-0.5732210640826446,167240.0,2024,12,14,False,True,False,False,True,False,False,False,False,False,False,True
0.8747588743404735,-1.3832160260718078,84760.0,2024,12,14,False,False,True,False,False,False,False,True,False,False,False,True
-0.8762598166720479,-0.8288141879996036,44370.0,2024,12,14,True,False,False,False,False,False,False,False,False,True,False,False
-1.5766672930770564,1.3821852758735735,31520.0,2024,12,14,True,False,False,False,False,True,False,False,False,False,False,False
-1.2264635548745522,0.12087153509619138,43952.0,2024,12,14,False,True,False,True,False,False,False,False,False,False,False,False
-0.8762598166720479,-1.49792896896732,29181.0,2024,12,14,False,False,True,False,False,False,False,False,False,True,False,False
-1.2264635548745522,-0.40683443377682693,35966.0,2024,12,14,True,False,False,False,False,False,True,False,False,False,False,False
1.2249626125429778,-0.18454506747469399,176985.0,2024,12,14,True,False,False,False,False,True,False,False,False,True,False,True
-0.5260560784695436,0.7724093328783052,107624.0,2024,12,14,True,False,False,False,False,True,False,False,False,False,True,False
-0.5260560784695436,-0.4159533197904102,71656.0,2024,12,14,True,False,False,False,False,False,True,False,False,False,True,False
-1.5766672930770564,-0.9544962256650783,13839.0,2024,12,14,True,False,False,False,False,False,False,False,False,False,False,False
-1.5766672930770564,0.14465993339249575,22156.0,2024,12,15,False,True,False,False,False,False,True,False,False,False,False,False
-1.2264635548745522,-0.09137384081416859,40740.0,2024,12,15,False,True,False,False,False,False,True,False,False,False,False,False
-1.5766672930770564,-0.971412420009117,13711.0,2024,12,15,False,False,True,False,False,False,True,False,False,False,False,False
0.5245551361379692,-0.8146733067901338,104279.0,2024,12,15,False,False,True,True,False,False,True,False,False,False,True,False
0.5245551361379692,-0.08370869025202608,142996.0,2024,12,15,False,True,False,True,False,False,False,False,True,False,True,False
-0.8762598166720479,0.8355807461318244,82152.0,2024,12,16,True,False,False,False,False,False,True,False,False,False,False,False
1.575166350745482,-0.4002265453611868,180330.0,2024,12,16,False,True,False,False,False,True,False,False,False,True,False,True
-1.2264635548745522,-0.08595537231334371,40822.0,2024,12,16,False,True,False,False,True,False,True,False,False,False,False,False
1.575166350745482,0.46659625700248136,245920.0,2024,12,16,True,False,False,False,False,True,False,True,False,False,False,True
-0.8762598166720479,-0.82392435057203,44481.0,2024,12,16,True,False,False,False,False,False,False,True,False,False,False,False
0.5245551361379692,-0.0584665565042809,144333.0,2024,12,16,False,True,False,False,True,False,False,False,False,False,True,False
-1.5766672930770564,0.19937324947399576,22570.0,2024,12,16,False,True,False,True,False,False,False,True,False,False,False,False
-1.2264635548745522,-0.17397244600966982,39490.0,2024,12,16,False,True,False,True,False,False,False,False,True,False,False,False
-0.8762598166720479,1.8114337073535542,104304.0,2024,12,16,False,False,False,False,False,False,True,False,False,False,False,False
1.2249626125429778,0.5165518934247205,224730.0,2024,12,16,False,True,False,False,False,True,False,False,False,True,False,True
0.17435139793546492,-0.14053653062653093,119988.0,2024,12,16,False,True,False,False,False,True,True,False,False,False,True,False
-0.17585234026703933,-0.6655993441332931,80125.0,2024,12,16,True,False,False,False,False,False,False,False,False,False,True,False
-0.8762598166720479,-0.4524288638447436,52914.0,2024,12,16,True,False,False,True,False,False,False,False,False,True,False,False
-0.8762598166720479,-1.286476539666837,33981.0,2024,12,17,False,False,True,False,False,False,True,False,False,False,False,False
0.5245551361379692,-1.1738781210643296,85253.0,2024,12,17,False,False,True,False,True,False,True,False,False,False,True,False
1.575166350745482,-0.2593463643397399,190990.0,2024,12,17,False,True,False,False,False,False,False,False,False,False,False,True
-0.5260560784695436,-1.0492533455453574,52488.0,2024,12,17,True,False,False,True,False,False,False,False,False,False,True,False
-0.8762598166720479,-0.8594747902481736,43674.0,2024,12,17,True,False,False,False,False,False,True,False,False,False,False,False
-0.17585234026703933,-0.8574924237234817,72865.0,2024,12,18,True,False,False,False,False,False,False,False,False,False,True,False
-0.8762598166720479,-1.4656824734989964,29913.0,2024,12,18,False,False,True,False,False,False,True,False,False,False,False,False
-1.5766672930770564,0.2880511120118859,23241.0,2024,12,18,True,False,False,False,False,True,False,False,False,False,False,False
-1.5766672930770564,-0.1332678533693268,20053.0,2024,12,18,False,True,False,True,False,False,True,False,False,False,False,False
0.5245551361379692,-0.6012385109649586,115584.0,2024,12,18,False,True,False,False,True,False,False,False,True,False,True,False
1.2249626125429778,-0.45018218178342595,158895.0,2024,12,18,False,True,False,False,True,False,False,False,True,False,False,True
1.575166350745482,0.2222365433921105,227430.0,2024,12,18,False,True,False,False,True,False,False,False,True,False,False,True
0.5245551361379692,-0.4940585608632762,121261.0,2024,12,18,True,False,False,False,True,False,True,False,False,False,True,False
-1.2264635548745522,0.5733797337992254,50800.0,2024,12,18,True,False,False,False,True,False,False,False,False,True,False,False
0.8747588743404735,-0.22749634217635464,154720.0,2024,12,18,True,False,False,False,False,True,True,False,False,False,False,True
0.8747588743404735,0.04051961196200778,170944.0,2024,12,19,False,True,False,False,False,True,False,False,True,False,False,True
-0.5260560784695436,1.2198955363854527,121168.0,2024,12,19,True,False,False,False,False,False,False,False,True,False,True,False
0.8747588743404735,2.0569828408787405,293008.0,2024,12,19,False,False,False,False,False,False,False,False,False,False,False,True
-1.5766672930770564,-0.9757736263634395,13678.0,2024,12,19,False,False,True,False,False,True,False,False,False,False,False,False
-0.8762598166720479,-0.023444747901388376,62652.0,2024,12,19,False,True,False,False,False,True,False,False,False,True,False,False
1.2249626125429778,-0.5692563310332606,150786.0,2024,12,19,True,False,False,True,False,False,False,False,False,False,False,True
-1.5766672930770564,-0.4947193497048402,17318.0,2024,12,19,False,True,False,False,True,False,False,False,False,True,False,False
0.5245551361379692,-0.10168214674256715,142044.0,2024,12,19,True,False,False,False,False,False,False,False,True,False,True,False
-0.5260560784695436,0.35109036749709244,94872.0,2024,12,20,False,True,False,False,False,True,False,False,True,False,True,False
0.17435139793546492,-1.0744954792931025,77586.0,2024,12,20,False,False,True,False,False,True,False,True,False,False,True,False
0.5245551361379692,1.0346103452109043,202230.0,2024,12,20,True,False,False,True,False,False,True,False,False,False,True,False
0.8747588743404735,-1.0538788674363053,104696.0,2024,12,20,True,False,False,False,False,True,False,True,False,False,False,True
-1.2264635548745522,-0.4126493755825902,35878.0,2024,12,20,True,False,False,False,False,True,False,False,True,False,False,False
-1.2264635548745522,-0.4320765675245721,35584.0,2024,12,20,False,True,False,True,False,False,False,True,False,False,False,False
0.17435139793546492,-1.5829064139924518,54504.0,2024,12,20,False,False,True,True,False,False,False,False,False,False,True,False
1.575166350745482,-1.3528197393598635,108250.0,2024,12,20,False,False,True,True,False,False,False,False,True,False,False,True
0.8747588743404735,-0.059920291955721725,164864.0,2024,12,21,False,True,False,False,False,False,False,False,False,True,False,True
1.575166350745482,0.30932851271024703,234020.0,2024,12,21,True,False,False,False,False,True,True,False,False,False,False,True
-1.5766672930770564,1.0693678382771712,29153.0,2024,12,21,True,False,False,True,False,False,False,False,False,True,False,False
-1.5766672930770564,-1.6238753221694204,8774.0,2024,12,21,False,False,True,True,False,False,False,False,False,True,False,False
-1.5766672930770564,0.512190687070398,24937.0,2024,12,21,True,False,False,True,False,False,False,True,False,False,False,False
-1.2264635548745522,0.6874318878531734,52526.0,2024,12,21,True,False,False,True,False,False,True,False,False,False,False,False
-0.8762598166720479,-0.5639700203007485,50382.0,2024,12,21,True,False,False,True,False,False,True,False,False,False,False,False
-0.8762598166720479,-1.3805728707055518,31845.0,2024,12,21,False,False,True,False,True,False,False,True,False,False,False,False
0.8747588743404735,-0.4277153611702496,142600.0,2024,12,22,True,False,False,False,False,True,False,False,True,False,False,True
-0.17585234026703933,0.4220590890810671,121275.0,2024,12,22,False,True,False,True,False,False,False,True,False,False,True,False
1.2249626125429778,-0.03639620919604297,187074.0,2024,12,22,False,True,False,True,False,False,True,False,False,False,False,True
-0.5260560784695436,2.0388772266198867,145956.0,2024,12,22,False,False,False,False,False,True,True,False,False,False,True,False
-1.2264635548745522,0.4175657249584318,48442.0,2024,12,22,False,True,False,False,False,True,True,False,False,False,False,False
0.5245551361379692,0.9484434802709574,197666.0,2024,12,22,True,False,False,False,False,False,False,True,False,False,True,False
0.8747588743404735,-0.3798742490410153,145496.0,2024,12,22,False,True,False,True,False,False,True,False,False,False,False,True
0.5245551361379692,-1.2901769571795954,79093.0,2024,12,22,False,False,True,False,True,False,False,False,False,False,True,False
-1.5766672930770564,2.0136350928721414,36298.0,2024,12,22,False,False,False,True,False,False,False,True,False,False,False,False
1.2249626125429778,-0.5103139663657509,154800.0,2024,12,22,False,True,False,False,True,False,False,False,False,True,False,True
0.5245551361379692,-0.08370869025202608,142996.0,2024,12,22,True,False,False,False,False,True,False,False,True,False,True,False
-0.8762598166720479,-1.2194725511322462,35502.0,2024,12,22,False,False,True,False,False,False,False,False,False,True,False,False
-1.2264635548745522,-1.036037568714077,26444.0,2024,12,22,False,False,True,False,False,False,False,False,True,False,False,False
1.2249626125429778,1.4012159945106168,284976.0,2024,12,22,True,False,False,False,True,False,False,False,False,True,False,True
1.575166350745482,-0.506217075548054,172310.0,2024,12,22,False,True,False,False,True,False,True,False,False,False,False,True
-1.2264635548745522,-0.8441444891238886,29348.0,2024,12,23,False,False,True,False,False,True,False,False,False,True,False,False
0.5245551361379692,0.08981445954268291,152187.0,2024,12,23,False,True,False,False,True,False,True,False,False,False,True,False
1.2249626125429778,-0.11397281919565773,181791.0,2024,12,23,False,True,False,False,False,True,False,False,False,False,False,True
1.575166350745482,0.1819284240567059,224380.0,2024,12,23,False,True,False,False,False,False,True,False,False,False,False,True
-0.8762598166720479,-0.531591367064112,51117.0,2024,12,23,True,False,False,False,True,False,False,False,False,True,False,False
1.575166350745482,-0.4201823683764199,178820.0,2024,12,23,True,False,False,True,False,False,True,False,False,False,False,True
1.2249626125429778,0.5720581561160973,228510.0,2024,12,23,True,False,False,False,False,True,False,False,False,True,False,True
0.17435139793546492,0.2554081432386238,137964.0,2024,12,23,False,True,False,False,True,False,False,False,True,False,True,False
0.17435139793546492,0.7453169903741808,160206.0,2024,12,23,True,False,False,True,False,False,False,False,True,False,True,False
-1.2264635548745522,1.9642080875231533,71848.0,2024,12,23,False,False,False,False,False,True,False,True,False,False,False,False
0.5245551361379692,-1.241675056208797,81662.0,2024,12,23,False,False,True,True,False,False,False,False,False,False,True,False
1.2249626125429778,0.0617970126603689,193761.0,2024,12,23,False,True,False,False,True,False,True,False,False,False,False,True
-0.17585234026703933,1.9895823790392113,180580.0,2024,12,23,False,False,False,False,True,False,True,False,False,False,True,False
0.8747588743404735,-0.52960900053942,136432.0,2024,12,23,True,False,False,True,False,False,False,False,False,False,False,True
-0.8762598166720479,-1.1040988193951702,38121.0,2024,12,23,False,False,True,True,False,False,True,False,False,False,False,False
-0.8762598166720479,-1.1153322297017583,37866.0,2024,12,24,False,False,True,False,False,True,False,False,False,False,False,False
1.2249626125429778,-0.3243679863496385,167463.0,2024,12,24,True,False,False,False,True,False,False,False,False,False,False,True
-0.5260560784695436,-1.0627334379132631,52080.0,2024,12,24,False,False,True,False,True,False,False,False,False,True,True,False
0.17435139793546492,-0.24652706081339812,115176.0,2024,12,24,True,False,False,True,False,False,True,False,False,False,True,False
0.8747588743404735,1.5331094472867932,261296.0,2024,12,24,True,False,False,False,True,False,False,False,True,False,False,True
-0.8762598166720479,-0.7627353038432026,45870.0,2024,12,24,True,False,False,False,False,True,False,False,False,True,False,False
-0.17585234026703933,1.1888384608319442,150285.0,2024,12,24,True,False,False,False,False,True,True,False,False,False,True,False
0.8747588743404735,-0.02635221880427002,166896.0,2024,12,24,False,True,False,True,False,False,False,True,False,False,False,True
0.17435139793546492,-1.1434818343523852,74454.0,2024,12,24,False,False,True,False,False,True,False,True,False,False,True,False
1.2249626125429778,-0.8381973895498126,132471.0,2024,12,24,False,False,True,False,False,False,False,False,False,False,False,True
-0.5260560784695436,0.4510016403415707,97896.0,2024,12,24,False,True,False,False,True,False,False,False,False,True,True,False
-0.8762598166720479,-0.38674645299328103,54405.0,2024,12,24,False,True,False,False,True,False,False,False,False,True,False,False
0.17435139793546492,-1.202952830093146,71754.0,2024,12,25,False,False,True,False,False,True,False,False,False,True,True,False
-0.8762598166720479,-0.04591156851456471,62142.0,2024,12,25,False,True,False,False,False,True,False,False,False,False,False,False
-0.5260560784695436,-0.16406061338620967,79280.0,2024,12,25,False,True,False,False,False,False,True,False,False,False,True,False
0.17435139793546492,-0.29397169963769404,113022.0,2024,12,25,False,True,False,False,False,True,True,False,False,False,True,False
1.2249626125429778,-0.6419431036053016,145836.0,2024,12,25,True,False,False,False,False,False,False,False,False,True,False,True
0.8747588743404735,-0.10710061524339202,162008.0,2024,12,25,True,False,False,False,False,False,False,False,False,False,False,True
0.17435139793546492,-1.7092492404994903,48768.0,2024,12,25,False,False,True,False,False,False,False,False,False,False,True,False
-0.17585234026703933,0.49884275247080506,124180.0,2024,12,26,True,False,False,False,True,False,False,True,False,False,True,False
1.575166350745482,0.38598001833167217,239820.0,2024,12,26,True,False,False,False,True,False,False,False,True,False,False,True
1.575166350745482,2.101916482105093,320262.5,2024,12,26,False,False,False,False,False,True,False,False,True,False,False,True
1.2249626125429778,0.22078280794066968,204588.0,2024,12,26,False,True,False,False,False,True,False,False,False,True,False,True
-1.2264635548745522,-0.2746766654640249,37966.0,2024,12,26,True,False,False,False,False,True,False,False,False,False,False,False
-1.2264635548745522,0.6082693846338051,51328.0,2024,12,26,True,False,False,False,False,False,False,False,False,False,False,False
0.17435139793546492,-0.7105329853596458,94110.0,2024,12,26,True,False,False,False,False,True,False,False,True,False,True,False
-0.8762598166720479,0.2560689320801878,68997.0,2024,12,26,False,True,False,False,False,True,False,False,False,False,False,False
1.2249626125429778,1.6831085143218236,304173.0,2024,12,26,False,False,False,False,False,True,False,False,False,False,False,True
0.17435139793546492,1.6273379360938212,200250.0,2024,12,26,False,False,False,False,True,False,True,False,False,False,True,False
-0.8762598166720479,0.3742179769518328,71679.0,2024,12,26,True,False,False,False,False,False,False,False,True,False,False,False
0.17435139793546492,-0.47701020875092476,104712.0,2024,12,26,True,False,False,True,False,False,False,False,False,False,True,False
1.2249626125429778,-0.2725621411710201,170991.0,2024,12,26,False,True,False,True,False,False,True,False,False,False,False,True
1.575166350745482,-0.5264372140999127,170780.0,2024,12,26,True,False,False,True,False,False,False,False,True,False,False,True
0.17435139793546492,0.39668479756500913,144378.0,2024,12,26,True,False,False,False,False,True,True,False,False,False,True,False
0.17435139793546492,-1.2908377460211593,67764.0,2024,12,27,False,False,True,False,False,True,False,True,False,False,True,False
1.2249626125429778,1.380467224885507,283563.0,2024,12,27,True,False,False,True,False,False,False,False,True,False,False,True
1.575166350745482,1.4651803543740132,320262.5,2024,12,27,True,False,False,True,False,False,False,False,False,False,False,True
0.8747588743404735,-1.4236563031755254,82312.0,2024,12,27,False,False,True,False,False,False,False,True,False,False,False,True
0.8747588743404735,-1.096169353296402,102136.0,2024,12,27,False,False,True,False,False,False,False,False,False,True,False,True
0.17435139793546492,-1.0892971493441364,76914.0,2024,12,27,False,False,True,True,False,False,False,False,False,True,True,False
1.575166350745482,1.2287501068624103,303590.0,2024,12,27,True,False,False,False,False,True,True,False,False,False,False,True
-0.17585234026703933,-1.3333925474178816,54860.0,2024,12,27,False,False,True,False,True,False,False,False,False,False,True,False
-1.5766672930770564,1.0643458430812847,29115.0,2024,12,27,True,False,False,False,True,False,False,False,True,False,False,False
-0.8762598166720479,-0.3367908165710419,55539.0,2024,12,27,True,False,False,False,False,False,False,True,False,False,False,False
-0.5260560784695436,-0.3259538795693921,74380.0,2024,12,27,False,True,False,False,False,True,False,True,False,False,True,False
0.17435139793546492,-0.7218985534345468,93594.0,2024,12,27,True,False,False,False,True,False,False,True,False,False,True,False
0.17435139793546492,-0.30097606135827254,112704.0,2024,12,27,True,False,False,True,False,False,False,False,True,False,True,False
0.5245551361379692,0.46117778850165647,171857.0,2024,12,28,False,True,False,False,False,True,False,False,True,False,True,False
-0.17585234026703933,0.5639965322490165,126645.0,2024,12,28,True,False,False,True,False,False,False,False,False,False,True,False
1.575166350745482,0.12655431913364187,220190.0,2024,12,28,False,True,False,False,False,True,False,False,False,False,False,True
0.5245551361379692,0.34580405676458037,165746.0,2024,12,28,False,True,False,True,False,False,False,False,False,True,True,False
-0.8762598166720479,-0.6620310843888475,48156.0,2024,12,28,False,True,False,False,False,True,False,False,False,True,False,False
-0.8762598166720479,-1.3269168167705543,33063.0,2024,12,28,False,False,True,False,False,False,False,True,False,False,False,False
1.2249626125429778,-0.8289463457679165,133101.0,2024,12,28,True,False,False,False,False,True,True,False,False,False,False,True
-0.8762598166720479,-0.8593426324798609,43677.0,2024,12,28,True,False,False,False,True,False,False,True,False,False,False,False
1.575166350745482,0.014748847141011394,211730.0,2024,12,28,False,True,False,False,True,False,False,False,False,True,False,True
-1.2264635548745522,-0.3407555496204259,36966.0,2024,12,28,False,True,False,True,False,False,False,False,True,False,False,False
1.2249626125429778,-0.800532425580664,135036.0,2024,12,28,True,False,False,True,False,False,False,False,False,True,False,True
-0.8762598166720479,1.7984822460588996,104010.0,2024,12,28,False,False,False,True,False,False,False,False,False,True,False,False
1.2249626125429778,-0.490225985582205,156168.0,2024,12,28,True,False,False,True,False,False,False,False,False,False,False,True
0.8747588743404735,-0.873879986994269,115592.0,2024,12,29,True,False,False,False,False,True,False,False,False,True,False,True
0.8747588743404735,1.925089388102564,285024.0,2024,12,29,False,False,False,False,False,False,False,False,False,True,False,True
-0.17585234026703933,-1.2024241990198947,59815.0,2024,12,29,False,False,True,False,False,True,False,False,False,False,True,False
1.575166350745482,-1.426563774078407,102670.0,2024,12,29,False,False,True,False,False,False,False,True,False,False,False,True
-1.2264635548745522,0.148492508673567,44370.0,2024,12,29,False,True,False,True,False,False,False,False,False,False,False,False
-0.5260560784695436,-1.615549382765714,35348.0,2024,12,29,False,False,True,True,False,False,False,False,True,False,True,False
-0.8762598166720479,-1.250397468917442,34800.0,2024,12,29,False,False,True,False,True,False,False,False,False,False,False,False
-1.2264635548745522,-0.9669190558864817,27490.0,2024,12,29,False,False,True,False,False,True,False,True,False,False,False,False
-0.5260560784695436,2.188876293654917,150496.0,2024,12,29,False,False,False,False,False,True,False,False,True,False,True,False
-0.8762598166720479,1.1037288580384996,88239.0,2024,12,29,True,False,False,False,False,True,True,False,False,False,False,False
1.575166350745482,-0.17291518386316743,197530.0,2024,12,29,False,True,False,True,False,False,False,True,False,False,False,True
0.5245551361379692,-0.7114580897378354,109746.0,2024,12,29,True,False,False,False,True,False,False,False,False,True,True,False
1.2249626125429778,0.4557593200008316,220590.0,2024,12,29,False,True,False,False,False,True,False,True,False,False,False,True
0.17435139793546492,1.181701941343053,180018.0,2024,12,30,True,False,False,False,False,True,False,False,False,True,True,False
-0.17585234026703933,-1.4374007110800568,50925.0,2024,12,30,False,False,True,True,False,False,False,False,True,False,True,False
0.8747588743404735,2.1115639991919277,296312.0,2024,12,30,False,False,False,False,False,True,False,True,False,False,False,True
-0.17585234026703933,-0.40141596527600204,90120.0,2024,12,30,False,True,False,False,True,False,True,False,False,False,True,False
-0.17585234026703933,1.1917459317348258,150395.0,2024,12,30,True,False,False,True,False,False,True,False,False,False,True,False
-0.8762598166720479,-0.5816791612546639,49980.0,2024,12,30,True,False,False,True,False,False,False,False,True,False,False,False
1.575166350745482,-1.273128605067244,114280.0,2024,12,30,False,False,True,True,False,False,False,False,True,False,False,True
0.17435139793546492,-0.40207675411756605,108114.0,2024,12,31,True,False,False,True,False,False,True,False,False,False,True,False
-1.2264635548745522,1.809715656365488,69510.0,2024,12,31,False,False,False,True,False,False,False,False,False,True,False,False
1.575166350745482,-0.8574924237234817,145730.0,2024,12,31,False,False,True,False,False,True,False,True,False,False,False,True
-1.5766672930770564,-1.3551985791894938,10807.0,2024,12,31,False,False,True,False,False,True,False,False,False,True,False,False
-1.5766672930770564,-0.07564706638494516,20489.0,2024,12,31,False,True,False,False,False,True,False,True,False,False,False,False
-1.5766672930770564,-0.38172445779739456,18173.0,2024,12,31,True,False,False,True,False,False,True,False,False,False,False,False
1.2249626125429778,2.122797409498516,320262.5,2024,12,31,False,False,False,True,False,False,False,False,False,True,False,True
0.17435139793546492,0.4165084628119294,145278.0,2025,1,1,False,True,False,False,False,False,False,True,False,False,True,False
1.2249626125429778,0.28659737656044504,209070.0,2025,1,1,False,True,False,False,True,False,False,False,True,False,False,True
-1.5766672930770564,0.16078318112665757,22278.0,2025,1,1,False,True,False,False,False,False,False,True,False,False,False,False
-1.2264635548745522,-0.04895119718575916,41382.0,2025,1,1,False,True,False,False,False,False,False,False,True,False,False,False
-1.2264635548745522,1.9532389927531908,71682.0,2025,1,1,False,False,False,False,False,True,False,True,False,False,False,False
-1.2264635548745522,-0.3798742490410153,36374.0,2025,1,1,False,True,False,False,False,True,True,False,False,False,False,False
1.575166350745482,-1.0849359429898138,128520.0,2025,1,1,False,False,True,False,True,False,False,False,True,False,False,True
-0.5260560784695436,0.7735987527931204,107660.0,2025,1,1,True,False,False,False,False,False,True,False,False,False,True,False
-1.5766672930770564,0.07223747635708025,21608.0,2025,1,1,False,True,False,False,True,False,True,False,False,False,False,False
0.8747588743404735,-0.5794324791933463,133416.0,2025,1,1,False,True,False,False,False,True,True,False,False,False,False,True
-1.2264635548745522,2.2367174057841512,75972.0,2025,1,1,False,False,False,False,True,False,False,True,False,False,False,False
-1.5766672930770564,-0.50555628670649,17236.0,2025,1,1,False,True,False,False,False,True,False,False,True,False,False,False
-0.8762598166720479,-0.012475653131425813,62901.0,2025,1,1,False,True,False,True,False,False,False,False,False,False,False,False
-0.8762598166720479,1.6356638754975277,100314.0,2025,1,1,False,False,False,False,True,False,True,False,False,False,False,False
-1.2264635548745522,-0.943394973126803,27846.0,2025,1,1,True,False,False,True,False,False,False,False,False,False,False,False
-0.8762598166720479,-1.4166519414549468,31026.0,2025,1,2,False,False,True,False,True,False,True,False,False,False,False,False
0.8747588743404735,-0.5216795344406518,136912.0,2025,1,2,True,False,False,False,False,False,True,False,False,False,False,True
-0.5260560784695436,1.7920065154115723,138484.0,2025,1,2,False,False,False,False,False,True,False,False,True,False,True,False
1.575166350745482,0.4644817327094765,245760.0,2025,1,2,True,False,False,True,False,False,False,False,False,False,False,True
-0.5260560784695436,1.4974268498423369,129568.0,2025,1,2,True,False,False,False,True,False,False,True,False,False,True,False
-0.17585234026703933,2.1416959703672465,186335.0,2025,1,2,False,False,False,False,True,False,False,True,False,False,True,False
-1.2264635548745522,-1.3643174652030772,21476.0,2025,1,3,False,False,True,False,False,False,False,False,True,False,False,False
0.5245551361379692,-1.1580191888667934,86093.0,2025,1,3,False,False,True,False,False,True,False,False,False,True,True,False
1.575166350745482,-0.31538125810436796,186750.0,2025,1,3,True,False,False,False,False,True,False,True,False,False,False,True
-0.17585234026703933,0.0019295436146696031,105380.0,2025,1,3,False,True,False,False,False,True,False,False,True,False,True,False
-0.5260560784695436,-0.007585815703852139,84016.0,2025,1,3,False,True,False,False,False,False,False,False,False,False,True,False
-1.5766672930770564,-0.8330432365856133,14758.0,2025,1,3,True,False,False,False,False,False,False,True,False,False,False,False
0.8747588743404735,-0.3862178219200298,145112.0,2025,1,3,False,True,False,False,True,False,False,True,False,False,False,True
-1.2264635548745522,1.7313460997559962,68324.0,2025,1,3,False,False,False,False,False,False,False,True,False,False,False,False
0.17435139793546492,-0.07379685762856593,123018.0,2025,1,3,False,True,False,False,False,False,True,False,False,False,True,False
-0.17585234026703933,-0.5278909495513535,85335.0,2025,1,4,False,True,False,False,False,True,False,False,True,False,True,False
-1.2264635548745522,0.4252308755205743,48558.0,2025,1,4,True,False,False,False,True,False,False,True,False,False,False,False
-1.5766672930770564,2.0350446513388154,36460.0,2025,1,4,False,False,False,False,True,False,False,False,False,True,False,False
-0.8762598166720479,0.11426364668055128,65778.0,2025,1,4,False,True,False,False,False,True,True,False,False,False,False,False
-0.17585234026703933,1.6430647105230445,167470.0,2025,1,4,False,False,False,False,False,True,True,False,False,False,True,False
-1.5766672930770564,0.07501278949164909,21629.0,2025,1,4,False,True,False,False,True,False,False,False,False,False,False,False
1.575166350745482,-0.6447184167398705,161830.0,2025,1,4,False,True,False,True,False,False,False,True,False,False,False,True
-0.8762598166720479,-1.1572262422569166,36915.0,2025,1,4,False,False,True,False,True,False,False,False,False,True,False,False
-0.17585234026703933,1.0886628724508403,146495.0,2025,1,4,True,False,False,False,True,False,False,True,False,False,True,False
-1.5766672930770564,0.5264637260481807,25045.0,2025,1,4,True,False,False,False,True,False,False,False,True,False,False,False
0.17435139793546492,0.03444035461961889,127932.0,2025,1,5,False,True,False,True,False,False,True,False,False,False,True,False
0.17435139793546492,2.0358375979486922,218796.0,2025,1,5,False,False,False,False,False,False,True,False,False,False,True,False
0.17435139793546492,-0.5860403676089864,99762.0,2025,1,5,True,False,False,False,False,False,False,False,False,True,True,False
0.5245551361379692,0.442807858706177,170884.0,2025,1,5,True,False,False,False,False,True,False,False,False,True,True,False
-1.2264635548745522,1.7259276312551715,68242.0,2025,1,5,False,False,False,False,False,False,False,False,False,False,False,False
-1.2264635548745522,-0.6211943339801917,32722.0,2025,1,6,True,False,False,False,True,False,False,False,True,False,False,False
-1.2264635548745522,-1.6842714222883708,16634.0,2025,1,6,False,False,True,False,False,True,False,False,True,False,False,False
1.2249626125429778,-0.4201823683764199,160938.0,2025,1,6,False,True,False,False,True,False,False,False,False,False,False,True
-0.17585234026703933,-0.5715030130945782,83685.0,2025,1,6,False,True,False,True,False,False,False,True,False,False,True,False
1.2249626125429778,-0.6227802271999453,147141.0,2025,1,6,False,True,False,False,True,False,True,False,False,False,False,True
0.17435139793546492,-0.5806218991081615,100008.0,2025,1,6,True,False,False,False,True,False,False,True,False,False,True,False
-1.5766672930770564,-0.2874959689903667,18886.0,2025,1,6,False,True,False,False,False,False,False,False,True,False,False,False
-1.2264635548745522,1.7893633600453163,69202.0,2025,1,6,False,False,False,False,True,False,False,False,False,False,False,False
-1.2264635548745522,1.8446053072000677,70038.0,2025,1,6,False,False,False,False,True,False,False,False,False,False,False,False
0.17435139793546492,-0.05410535014995844,123912.0,2025,1,6,False,True,False,False,True,False,False,False,False,True,True,False
1.2249626125429778,1.2152700144945046,272313.0,2025,1,6,True,False,False,True,False,False,False,False,False,True,False,True
-0.8762598166720479,-0.5453357749686434,50805.0,2025,1,7,False,True,False,False,False,True,False,False,True,False,False,False
1.575166350745482,-0.19789300207428698,195640.0,2025,1,7,True,False,False,False,False,True,False,False,False,True,False,True
1.2249626125429778,-1.3415863290532752,98190.0,2025,1,7,False,False,True,True,False,False,False,False,False,False,False,True
1.575166350745482,-0.3942794457871107,180780.0,2025,1,7,False,True,False,True,False,False,False,False,True,False,False,True
-1.2264635548745522,0.46725704584404537,49194.0,2025,1,7,False,True,False,False,True,False,False,False,False,True,False,False
-0.5260560784695436,0.5168162089613461,99888.0,2025,1,7,False,True,False,True,False,False,False,True,False,False,True,False
-0.17585234026703933,2.05130005684129,182915.0,2025,1,7,False,False,False,True,False,False,False,False,False,False,True,False
-1.2264635548745522,-1.079517474488989,25786.0,2025,1,7,False,False,True,False,True,False,True,False,False,False,False,False
0.8747588743404735,-1.4413654441294408,81240.0,2025,1,8,False,False,True,False,True,False,False,False,True,False,False,True
0.5245551361379692,0.7052731865754017,184786.0,2025,1,8,True,False,False,True,False,False,False,False,True,False,True,False
0.17435139793546492,0.8941266374943958,166962.0,2025,1,8,True,False,False,False,True,False,False,False,True,False,True,False
-1.5766672930770564,-0.5815470034863511,16661.0,2025,1,8,True,False,False,True,False,False,False,False,False,False,False,False
-0.17585234026703933,-1.0250684739441145,66525.0,2025,1,8,True,False,False,False,True,False,False,False,False,True,True,False
-0.5260560784695436,0.18417510611802354,89820.0,2025,1,8,False,True,False,False,True,False,True,False,False,False,True,False
1.575166350745482,0.25937287628800787,230240.0,2025,1,8,True,False,False,False,False,False,False,True,False,False,False,True
0.17435139793546492,-0.8790341399584684,86460.0,2025,1,8,True,False,False,False,True,False,False,False,False,True,True,False
1.2249626125429778,-0.3636188435385407,164790.0,2025,1,9,False,True,False,False,False,False,True,False,False,False,False,True
0.5245551361379692,2.233942092649582,265755.0,2025,1,9,False,False,False,True,False,False,False,True,False,False,True,False
-0.5260560784695436,-0.5639700203007485,67176.0,2025,1,9,True,False,False,True,False,False,False,False,True,False,True,False
0.5245551361379692,-0.01617607064418427,146573.0,2025,1,9,False,True,False,False,False,False,False,False,True,False,True,False
0.5245551361379692,-0.5611947071661796,117705.0,2025,1,9,False,True,False,False,False,True,False,True,False,False,True,False
-0.17585234026703933,1.6309061958382667,167010.0,2025,1,9,False,False,False,True,False,False,False,False,False,False,True,False
-0.17585234026703933,-0.13591100873558287,100165.0,2025,1,9,False,True,False,False,False,True,False,True,False,False,True,False
0.5245551361379692,1.1150944261134006,206493.0,2025,1,9,True,False,False,False,False,True,True,False,False,False,True,False
1.575166350745482,-0.0916381563507942,203680.0,2025,1,9,False,True,False,False,True,False,True,False,False,False,False,True
-1.5766672930770564,1.650201230011936,33548.0,2025,1,9,False,False,False,False,False,False,False,True,False,False,False,False
-0.8762598166720479,-0.6404893681538608,48645.0,2025,1,9,False,True,False,False,False,True,False,False,False,False,False,False
1.2249626125429778,-0.17013987072859857,177966.0,2025,1,9,True,False,False,False,False,True,False,False,True,False,False,True
0.5245551361379692,-1.0060377553070712,94143.0,2025,1,9,True,False,False,False,False,True,False,False,True,False,True,False
-1.2264635548745522,0.8469463142067255,54940.0,2025,1,9,True,False,False,False,True,False,False,True,False,False,False,False
1.575166350745482,0.15073919073488462,222020.0,2025,1,10,False,True,False,True,False,False,False,True,False,False,False,True
-1.2264635548745522,-0.5843223166209199,33280.0,2025,1,10,True,False,False,False,True,False,True,False,False,False,False,False
1.575166350745482,-1.41255505063725,103730.0,2025,1,10,False,False,True,False,True,False,False,False,True,False,False,True
0.5245551361379692,-1.4446693883372608,70910.0,2025,1,10,False,False,True,False,False,False,True,False,False,False,True,False
-0.8762598166720479,-1.331674496429815,32955.0,2025,1,10,False,False,True,True,False,False,False,False,False,True,False,False
1.2249626125429778,-1.47387625513439,89181.0,2025,1,10,False,False,True,True,False,False,True,False,False,False,False,True
0.8747588743404735,0.9294127616339138,224752.0,2025,1,10,True,False,False,False,False,True,False,False,True,False,False,True
-0.17585234026703933,-0.08423732132527728,102120.0,2025,1,10,True,False,False,False,True,False,False,False,False,False,True,False
0.17435139793546492,2.0901544407252537,221262.0,2025,1,10,False,False,False,False,True,False,False,True,False,False,True,False
0.5245551361379692,0.4696358856736758,172305.0,2025,1,10,False,True,False,False,True,False,False,False,False,True,True,False
-1.2264635548745522,-0.5779787437419055,33376.0,2025,1,11,False,True,False,False,False,True,True,False,False,False,False,False
1.575166350745482,1.8705082297893767,320262.5,2025,1,11,False,False,False,False,False,True,True,False,False,False,False,True
1.2249626125429778,-0.12256307413598987,181206.0,2025,1,11,False,True,False,False,False,True,False,False,False,False,False,True
1.575166350745482,-0.1524307297746831,199080.0,2025,1,11,False,True,False,False,True,False,False,False,False,True,False,True
1.575166350745482,-0.2849849713924235,189050.0,2025,1,11,True,False,False,False,False,True,False,False,True,False,False,True
-1.2264635548745522,0.8851399092491252,55518.0,2025,1,11,True,False,False,True,False,False,False,False,True,False,False,False
0.5245551361379692,0.9645667280051192,198520.0,2025,1,11,True,False,False,True,False,False,True,False,False,False,True,False
-0.8762598166720479,0.38743375378311296,71979.0,2025,1,11,False,True,False,False,False,False,True,False,False,False,False,False
-0.5260560784695436,-1.3653747273495798,42920.0,2025,1,11,False,False,True,True,False,False,False,False,False,True,True,False
0.8747588743404735,-0.43643777387889454,142072.0,2025,1,11,True,False,False,True,False,False,False,True,False,False,False,True
-1.5766672930770564,0.9109106740701216,27954.0,2025,1,11,True,False,False,True,False,False,False,False,False,True,False,False
0.5245551361379692,0.010784114091627335,148001.0,2025,1,11,False,True,False,False,False,True,False,False,False,True,True,False
0.5245551361379692,-0.3769667781381337,127463.0,2025,1,11,False,True,False,False,False,False,False,False,False,False,True,False
-0.17585234026703933,-1.562025486599029,46210.0,2025,1,11,False,False,True,False,True,False,False,False,False,False,True,False
1.2249626125429778,-1.0959050377597763,114921.0,2025,1,12,False,False,True,False,True,False,False,False,False,False,False,True
-0.8762598166720479,-1.0770064768910457,38736.0,2025,1,12,False,False,True,False,False,True,False,False,False,False,False,False
1.2249626125429778,0.8480035763532279,247302.0,2025,1,12,True,False,False,False,False,True,False,False,True,False,False,True
1.575166350745482,-1.4859026120508552,98180.0,2025,1,12,False,False,True,False,False,False,True,False,False,False,False,True
1.2249626125429778,-0.1257348605754971,180990.0,2025,1,12,False,True,False,False,False,True,True,False,False,False,False,True
-0.8762598166720479,-0.3891252928229115,54351.0,2025,1,13,False,True,False,True,False,False,False,False,False,False,False,False
1.2249626125429778,-0.9800026749494491,122814.0,2025,1,13,False,False,True,False,True,False,False,False,False,False,False,True
1.575166350745482,-0.600313406586769,165190.0,2025,1,13,True,False,False,False,True,False,False,False,False,True,False,True
-0.5260560784695436,-0.9431306575901773,55700.0,2025,1,13,True,False,False,False,False,True,False,False,False,True,True,False
-0.8762598166720479,-0.18322348979156597,59025.0,2025,1,13,False,True,False,True,False,False,False,False,True,False,False,False
0.8747588743404735,0.30100257330654046,186712.0,2025,1,14,False,True,False,False,True,False,False,False,False,True,False,True
-0.5260560784695436,-1.414537417161942,41432.0,2025,1,14,False,False,True,False,False,False,False,False,False,True,True,False
1.2249626125429778,-1.624007479937733,78957.0,2025,1,14,False,False,True,True,False,False,False,False,False,True,False,True
-0.8762598166720479,-0.2789057140500346,56853.0,2025,1,14,True,False,False,False,False,False,False,False,False,True,False,False
-0.8762598166720479,1.8615215015441062,105441.0,2025,1,14,False,False,False,False,True,False,True,False,False,False,False,False
0.5245551361379692,-0.7212377645929828,109228.0,2025,1,14,True,False,False,False,True,False,False,True,False,False,True,False
-0.17585234026703933,0.28672953432875786,116155.0,2025,1,14,True,False,False,True,False,False,False,False,False,False,True,False
0.8747588743404735,-0.5412388841509466,135728.0,2025,1,14,True,False,False,False,True,False,True,False,False,False,False,True
1.575166350745482,0.8388846903396445,274090.0,2025,1,15,True,False,False,False,True,False,True,False,False,False,False,True
-1.5766672930770564,-1.292423639240913,11282.0,2025,1,15,False,False,True,True,False,False,True,False,False,False,False,False
-1.2264635548745522,-1.1679310214902534,24448.0,2025,1,15,False,False,True,False,True,False,False,False,False,False,False,False
0.5245551361379692,0.8158892386532169,190645.0,2025,1,15,True,False,False,False,True,False,False,True,False,False,True,False
1.575166350745482,1.1169446348697798,295130.0,2025,1,15,True,False,False,True,False,False,False,False,False,False,False,True
1.2249626125429778,0.7132026526741698,238122.0,2025,1,15,True,False,False,False,False,True,True,False,False,False,False,True
1.575166350745482,-0.07406117316519154,205010.0,2025,1,15,False,True,False,True,False,False,False,False,False,True,False,True
1.575166350745482,-0.3308437169969658,185580.0,2025,1,16,False,True,False,False,True,False,False,False,False,True,False,True
1.575166350745482,1.199675397833594,301390.0,2025,1,16,True,False,False,False,False,False,False,False,True,False,False,True
-1.2264635548745522,-0.9194744170621858,28208.0,2025,1,16,True,False,False,False,False,True,False,False,True,False,False,False
0.17435139793546492,1.8444731494317548,210108.0,2025,1,16,False,False,False,True,False,False,False,False,True,False,True,False
-1.2264635548745522,0.9931128059606844,57152.0,2025,1,16,True,False,False,True,False,False,False,False,True,False,False,False
-1.5766672930770564,-0.42308983927930155,17860.0,2025,1,16,False,True,False,True,False,False,False,True,False,False,False,False
0.17435139793546492,-0.39983007205624843,108216.0,2025,1,16,False,True,False,True,False,False,False,True,False,False,True,False
1.2249626125429778,-0.4382879826352738,159705.0,2025,1,16,True,False,False,False,False,False,False,False,False,True,False,True
1.575166350745482,0.977386031531461,284570.0,2025,1,16,True,False,False,True,False,False,False,False,False,False,False,True
-1.5766672930770564,-0.6422074191419272,16202.0,2025,1,16,True,False,False,False,False,False,False,True,False,False,False,False
1.2249626125429778,0.8844791204075612,249786.0,2025,1,16,True,False,False,False,False,False,False,True,False,False,False,True
-0.17585234026703933,-0.2615930464010575,95410.0,2025,1,16,True,False,False,True,False,False,False,False,False,True,True,False
1.575166350745482,-1.2554194641133285,115620.0,2025,1,16,False,False,True,True,False,False,False,False,False,False,False,True
0.17435139793546492,-0.19710005546441017,117420.0,2025,1,17,True,False,False,False,False,False,False,True,False,False,True,False
-0.17585234026703933,-0.32820056163070976,92890.0,2025,1,17,True,False,False,True,False,False,False,False,False,True,True,False
0.8747588743404735,1.945705999959361,286272.0,2025,1,17,False,False,False,False,True,False,True,False,False,False,False,True
-0.17585234026703933,1.9229748638095592,178060.0,2025,1,17,False,False,False,False,False,True,False,True,False,False,True,False
1.575166350745482,-1.6949762015217078,82360.0,2025,1,17,False,False,True,True,False,False,False,True,False,False,False,True
0.17435139793546492,0.13910930712335806,132684.0,2025,1,17,False,True,False,True,False,False,False,False,False,False,True,False
-0.8762598166720479,-1.0085487529050143,40290.0,2025,1,17,False,False,True,False,False,False,False,False,False,True,False,False
-1.2264635548745522,-0.23965485686113241,38496.0,2025,1,17,True,False,False,False,False,False,True,False,False,False,False,False
0.17435139793546492,-0.15679193612900558,119250.0,2025,1,17,False,True,False,False,True,False,False,False,True,False,True,False
-0.8762598166720479,-0.46683406059083904,52587.0,2025,1,17,False,True,False,False,True,False,False,True,False,False,False,False
-0.17585234026703933,-1.2658599278100398,57415.0,2025,1,17,False,False,True,True,False,False,False,False,False,False,True,False
-0.17585234026703933,2.0120491996523877,181430.0,2025,1,18,False,False,False,False,False,True,False,False,False,True,True,False
-1.2264635548745522,0.01778847581220584,42392.0,2025,1,18,False,True,False,False,True,False,False,False,True,False,False,False
-0.8762598166720479,-0.7612815683917619,45903.0,2025,1,18,True,False,False,False,True,False,False,False,True,False,False,False
1.2249626125429778,1.1888384608319442,270513.0,2025,1,18,True,False,False,True,False,False,False,False,True,False,False,True
1.2249626125429778,-0.6527800406069514,145098.0,2025,1,18,True,False,False,False,True,False,False,False,False,False,False,True
1.2249626125429778,0.024132048691220334,191196.0,2025,1,18,False,True,False,True,False,False,False,False,False,False,False,True
-0.8762598166720479,-1.5141843744697947,28812.0,2025,1,18,False,False,True,False,True,False,False,True,False,False,False,False
1.575166350745482,-0.016704701717435474,209350.0,2025,1,18,False,True,False,True,False,False,False,False,True,False,False,True
0.8747588743404735,0.4022354238341468,192840.0,2025,1,18,True,False,False,True,False,False,False,False,False,True,False,True
0.5245551361379692,-1.3795156085590494,74361.0,2025,1,18,False,False,True,False,False,True,False,False,True,False,True,False
-1.5766672930770564,-1.2411464251355457,11670.0,2025,1,18,False,False,True,False,False,False,False,True,False,False,False,False
0.17435139793546492,1.8245173264165218,209202.0,2025,1,18,False,False,False,True,False,False,False,False,False,True,True,False
1.2249626125429778,-0.616965285394182,147537.0,2025,1,19,False,True,False,True,False,False,True,False,False,False,False,True
-0.8762598166720479,1.315842076180547,93054.0,2025,1,19,True,False,False,False,False,False,True,False,False,False,False,False
-0.17585234026703933,-1.3234807147944214,55235.0,2025,1,19,False,False,True,False,True,False,True,False,False,False,True,False
1.2249626125429778,0.21073881754889673,203904.0,2025,1,19,False,True,False,False,False,False,False,False,False,True,False,True
-1.5766672930770564,0.29016563630489073,23257.0,2025,1,19,True,False,False,True,False,False,False,False,False,True,False,False
0.17435139793546492,0.5649216366272061,152016.0,2025,1,19,True,False,False,True,False,False,False,False,False,True,True,False
-0.5260560784695436,-1.3788548197174855,42512.0,2025,1,19,False,False,True,False,True,False,False,True,False,False,True,False
-0.8762598166720479,0.34408600577651394,70995.0,2025,1,19,False,True,False,False,False,False,True,False,False,False,False,False
0.8747588743404735,-0.3127381027381119,149560.0,2025,1,19,False,True,False,True,False,False,False,False,False,False,False,True
-0.5260560784695436,-0.4060414871669501,71956.0,2025,1,19,False,True,False,False,False,False,False,True,False,False,True,False
-0.8762598166720479,1.6109503728230337,99753.0,2025,1,19,False,False,False,False,False,True,True,False,False,False,False,False
0.5245551361379692,-1.5424661368887342,65730.0,2025,1,19,False,False,True,False,True,False,False,False,False,False,True,False
-1.5766672930770564,1.5046955270995408,32447.0,2025,1,19,True,False,False,False,True,False,False,False,True,False,False,False
0.5245551361379692,-0.13736474418702369,140154.0,2025,1,19,False,True,False,False,True,False,False,False,False,True,True,False
-1.5766672930770564,0.2782714371567385,23167.0,2025,1,20,False,True,False,False,False,True,False,False,False,True,False,False
1.2249626125429778,-1.5694263216245459,82674.0,2025,1,20,False,False,True,False,False,False,True,False,False,False,False,True
0.17435139793546492,0.10818438933816239,131280.0,2025,1,20,False,True,False,False,False,False,False,False,True,False,True,False
-1.2264635548745522,-0.1117261371343401,40432.0,2025,1,20,True,False,False,False,True,False,False,False,False,False,False,False
0.8747588743404735,2.124647618254895,297104.0,2025,1,20,False,False,False,False,False,False,True,False,False,False,False,True
0.5245551361379692,-0.6915022667226024,110803.0,2025,1,20,True,False,False,False,False,True,False,False,False,True,True,False
-0.17585234026703933,0.6452735597613897,129720.0,2025,1,20,True,False,False,False,False,False,False,False,False,True,True,False
-1.5766672930770564,-0.09335620733886062,20355.0,2025,1,20,False,True,False,False,False,True,True,False,False,False,False,False
-1.2264635548745522,1.4313479656859358,63784.0,2025,1,20,True,False,False,False,False,True,False,False,False,False,False,False
-1.2264635548745522,-1.7093813982678032,16254.0,2025,1,20,False,False,True,False,False,False,False,True,False,False,False,False
-1.2264635548745522,-0.2454697986668957,38408.0,2025,1,21,False,True,False,True,False,False,True,False,False,False,False,False
-0.17585234026703933,-1.1428210455108212,62070.0,2025,1,21,False,False,True,True,False,False,True,False,False,False,True,False
1.575166350745482,0.05611422862291841,214860.0,2025,1,21,False,True,False,False,False,True,True,False,False,False,False,True
-0.17585234026703933,-0.32846487716733536,92880.0,2025,1,21,True,False,False,True,False,False,True,False,False,False,True,False
0.8747588743404735,-1.3485906907738539,86856.0,2025,1,21,False,False,True,False,False,False,False,False,False,False,False,True
-0.17585234026703933,-1.0538788674363053,65435.0,2025,1,21,False,False,True,False,False,True,False,False,True,False,True,False
1.575166350745482,-0.4803141529587448,174270.0,2025,1,21,True,False,False,True,False,False,False,False,False,True,False,True
-0.17585234026703933,-1.3188551929034733,55410.0,2025,1,21,False,False,True,False,False,True,True,False,False,False,True,False
1.575166350745482,0.34633268783783155,236820.0,2025,1,21,False,True,False,False,False,True,True,False,False,False,False,True
-0.5260560784695436,0.4746578808695623,98612.0,2025,1,21,False,True,False,False,True,False,False,True,False,False,True,False
1.2249626125429778,-0.5241905320385951,153855.0,2025,1,21,True,False,False,False,True,False,False,False,False,False,False,True
1.575166350745482,-1.2344063789515929,117210.0,2025,1,21,False,False,True,False,False,True,True,False,False,False,False,True
-1.5766672930770564,-1.1003984018824118,12735.0,2025,1,21,False,False,True,False,False,True,False,True,False,False,False,False
-1.2264635548745522,-1.4134801550154397,20732.0,2025,1,21,False,False,True,False,True,False,False,False,True,False,False,False
-0.5260560784695436,-1.2716748696158031,45756.0,2025,1,21,False,False,True,False,True,False,False,False,True,False,True,False
0.5245551361379692,-1.2267412283894503,82453.0,2025,1,22,False,False,True,True,False,False,False,False,False,False,True,False
-1.5766672930770564,-1.0331300978111955,13244.0,2025,1,22,True,False,False,True,False,False,False,False,False,False,False,False
-1.5766672930770564,-0.4723846868599767,17487.0,2025,1,22,True,False,False,False,True,False,False,False,False,True,False,False
0.17435139793546492,0.2750996507172313,138858.0,2025,1,22,False,True,False,False,True,False,False,False,False,True,True,False
-0.5260560784695436,-0.07022859788412028,82120.0,2025,1,22,True,False,False,False,False,False,False,False,False,True,True,False
-1.2264635548745522,0.49804980586092823,49660.0,2025,1,22,False,True,False,False,True,False,False,False,False,False,False,False
1.2249626125429778,-0.5193006946110214,154188.0,2025,1,23,False,True,False,False,False,True,False,False,False,True,False,True
0.5245551361379692,0.8934658486528317,194754.0,2025,1,23,True,False,False,False,False,False,False,False,True,False,True,False
-1.5766672930770564,-0.45401475706449723,17626.0,2025,1,23,True,False,False,False,True,False,False,False,False,False,False,False
-0.8762598166720479,-0.6652028708283548,48084.0,2025,1,23,False,True,False,False,False,False,False,False,False,True,False,False
1.575166350745482,1.3274719597920734,311060.0,2025,1,23,True,False,False,True,False,False,False,False,True,False,False,True
-1.5766672930770564,0.9668134100664368,28377.0,2025,1,23,True,False,False,True,False,False,False,False,False,False,False,False
0.5245551361379692,-0.37815619805294887,127400.0,2025,1,23,False,True,False,False,True,False,False,False,True,False,True,False
0.5245551361379692,-0.2674079882068208,133266.0,2025,1,23,True,False,False,False,False,False,False,False,True,False,True,False
-0.5260560784695436,-0.7599599907086338,61244.0,2025,1,23,True,False,False,False,True,False,False,False,False,False,True,False
-1.2264635548745522,1.3487493604904346,62534.0,2025,1,24,True,False,False,False,False,False,True,False,False,False,False,False
-1.5766672930770564,2.1436783368919383,37282.0,2025,1,24,False,False,False,False,True,False,False,False,False,True,False,False
-0.5260560784695436,-1.2608379326141532,46084.0,2025,1,24,False,False,True,True,False,False,True,False,False,False,True,False
-0.17585234026703933,0.45945973751359004,122690.0,2025,1,24,False,True,False,False,False,True,False,False,False,False,True,False
1.575166350745482,-1.1149357563968199,126250.0,2025,1,24,False,False,True,True,False,False,False,True,False,False,False,True
1.575166350745482,-0.171857921716665,197610.0,2025,1,24,False,True,False,False,True,False,True,False,False,False,False,True
1.2249626125429778,0.3288878624205417,211950.0,2025,1,24,False,True,False,False,True,False,False,False,False,False,False,True
0.8747588743404735,-1.6475315626974119,68760.0,2025,1,24,False,False,True,False,False,False,False,False,True,False,False,True
1.575166350745482,1.381128013727071,315120.0,2025,1,24,True,False,False,False,False,True,False,False,False,True,False,True
-1.2264635548745522,2.194162604387429,75328.0,2025,1,24,False,False,False,True,False,False,False,False,False,False,False,False
1.575166350745482,-0.4126493755825902,179390.0,2025,1,24,True,False,False,False,False,True,False,False,True,False,False,True
-0.8762598166720479,-0.5981988822937642,49605.0,2025,1,24,True,False,False,False,False,False,False,False,False,False,False,False
1.575166350745482,-1.1210150137392088,125790.0,2025,1,24,False,False,True,False,False,True,False,False,False,False,False,True
-1.2264635548745522,0.8551400958421191,55064.0,2025,1,25,True,False,False,False,True,False,True,False,False,False,False,False
-0.8762598166720479,0.9957559613269404,85788.0,2025,1,25,True,False,False,True,False,False,False,False,False,True,False,False
1.2249626125429778,1.2572961848179756,275175.0,2025,1,25,True,False,False,False,True,False,False,False,False,False,False,True
0.8747588743404735,1.8925785770976147,283056.0,2025,1,25,False,False,False,False,True,False,False,True,False,False,False,True
-0.17585234026703933,1.9946043742350978,180770.0,2025,1,25,False,False,False,False,False,True,False,False,True,False,True,False
1.2249626125429778,-1.5695584793928588,82665.0,2025,1,26,False,False,True,False,False,False,False,False,True,False,False,True
1.575166350745482,0.03140072594842445,212990.0,2025,1,26,False,True,False,False,False,True,False,False,False,False,False,True
-0.8762598166720479,0.43223523724115287,72996.0,2025,1,26,True,False,False,False,False,True,True,False,False,False,False,False
0.17435139793546492,2.1323127688170374,223176.0,2025,1,26,False,False,False,False,True,False,False,False,False,False,True,False
-0.17585234026703933,-0.2722978256343945,95005.0,2025,1,26,True,False,False,False,False,False,False,True,False,False,True,False
1.2249626125429778,-0.6901806890394744,142551.0,2025,1,26,True,False,False,False,False,False,False,False,False,True,False,True
0.17435139793546492,-0.19789300207428698,117384.0,2025,1,27,True,False,False,False,False,True,False,False,True,False,True,False
-0.8762598166720479,-0.26793661928007206,57102.0,2025,1,27,False,True,False,False,False,False,False,False,False,False,False,False
1.575166350745482,-0.6494760963991314,161470.0,2025,1,27,True,False,False,False,True,False,False,False,True,False,False,True
-0.5260560784695436,-0.2984650637603293,75212.0,2025,1,27,False,True,False,True,False,False,False,False,False,True,True,False
0.8747588743404735,-0.48308946609331366,139248.0,2025,1,27,True,False,False,False,False,True,False,True,False,False,False,True
0.8747588743404735,0.4484906427436275,195640.0,2025,1,27,True,False,False,False,False,True,True,False,False,False,False,True
0.17435139793546492,-0.10154998897425435,121758.0,2025,1,27,False,True,False,False,True,False,False,False,True,False,True,False
0.8747588743404735,-0.5022523424986699,138088.0,2025,1,27,True,False,False,False,False,True,False,True,False,False,False,True
0.8747588743404735,0.5164197356564078,199752.0,2025,1,27,True,False,False,False,True,False,False,True,False,False,False,True
-1.2264635548745522,-0.24732000742327492,38380.0,2025,1,27,False,True,False,False,False,False,False,False,True,False,False,False
-1.2264635548745522,1.641478817303291,66964.0,2025,1,27,False,False,False,False,False,False,True,False,False,False,False,False
-1.2264635548745522,-0.5432212506756385,33902.0,2025,1,27,True,False,False,False,False,False,False,False,True,False,False,False
0.8747588743404735,-1.3437008533462802,87152.0,2025,1,28,False,False,True,False,True,False,False,False,False,True,False,True
0.5245551361379692,-1.3743614555948502,74634.0,2025,1,28,False,False,True,False,True,False,False,False,False,True,True,False
0.8747588743404735,-0.08265142810552366,163488.0,2025,1,28,False,True,False,False,False,True,False,True,False,False,False,True
-1.5766672930770564,-0.16842181974053214,19787.0,2025,1,28,True,False,False,False,True,False,False,False,False,False,False,False
0.17435139793546492,-0.38872881951797306,108720.0,2025,1,28,False,True,False,False,True,False,False,False,False,False,True,False
-1.2264635548745522,0.8020126729803728,54260.0,2025,1,28,True,False,False,False,False,False,True,False,False,False,False,False
-0.17585234026703933,1.1626712227060094,149295.0,2025,1,28,True,False,False,False,False,True,True,False,False,False,True,False
0.8747588743404735,-1.2789435468730073,91072.0,2025,1,28,False,False,True,False,False,True,False,False,False,False,False,True
-0.8762598166720479,1.56125905193742,98625.0,2025,1,28,True,False,False,False,False,False,False,False,False,True,False,False
-1.2264635548745522,2.025264976483668,72772.0,2025,1,28,False,False,False,False,True,False,True,False,False,False,False,False
-0.8762598166720479,-1.2128646627166062,35652.0,2025,1,28,False,False,True,False,False,True,False,False,False,True,False,False
-1.2264635548745522,-1.4954179713693767,19492.0,2025,1,28,False,False,True,False,True,False,False,False,True,False,False,False
0.17435139793546492,0.30523162189255015,140226.0,2025,1,28,True,False,False,False,False,True,False,False,False,True,True,False
1.575166350745482,-1.289648326106344,113030.0,2025,1,28,False,False,True,False,False,True,False,True,False,False,False,True
-0.17585234026703933,1.8086583942189856,173735.0,2025,1,29,False,False,False,False,False,False,False,False,False,False,True,False
1.2249626125429778,0.5181377866444741,224838.0,2025,1,29,True,False,False,False,False,False,False,True,False,False,False,True
1.2249626125429778,-0.6034851930262762,148455.0,2025,1,29,False,True,False,True,False,False,False,False,False,True,False,True
0.5245551361379692,-1.6841392645200581,58226.0,2025,1,29,False,False,True,True,False,False,False,False,False,False,True,False
1.575166350745482,0.45285184909794995,244880.0,2025,1,29,False,True,False,False,False,True,False,False,False,True,False,True
1.2249626125429778,0.8010875686021831,244107.0,2025,1,29,True,False,False,False,False,True,True,False,False,False,False,True
0.17435139793546492,-1.2152435025462367,71196.0,2025,1,30,False,False,True,True,False,False,False,False,False,True,True,False
-0.8762598166720479,-0.08410516355696449,61275.0,2025,1,30,False,True,False,False,True,False,False,False,False,True,False,False
-1.5766672930770564,1.399233627985925,31649.0,2025,1,30,True,False,False,True,False,False,False,False,False,True,False,False
0.5245551361379692,-0.2791700295866602,132643.0,2025,1,30,True,False,False,True,False,False,True,False,False,False,True,False
0.17435139793546492,1.0035532696573959,171930.0,2025,1,30,True,False,False,False,False,False,False,False,False,False,True,False
-0.5260560784695436,-0.8507523775395288,58496.0,2025,1,30,False,False,True,False,False,True,False,False,True,False,True,False
-1.5766672930770564,0.18087116191020347,22430.0,2025,1,30,False,True,False,False,False,False,False,False,False,True,False,False
-1.5766672930770564,-0.5313270515274864,17041.0,2025,1,30,True,False,False,False,False,False,False,False,True,False,False,False
-1.2264635548745522,-0.1517699409331191,39826.0,2025,1,30,False,True,False,False,True,False,False,False,True,False,False,False
1.2249626125429778,1.9976440029062923,320262.5,2025,1,31,False,False,False,False,True,False,True,False,False,False,False,True
-0.8762598166720479,-0.3132667338113631,56073.0,2025,1,31,True,False,False,False,False,False,False,False,False,False,False,False
-1.5766672930770564,-0.4771423665192376,17451.0,2025,1,31,False,True,False,False,False,True,False,False,True,False,False,False
1.575166350745482,-0.2674079882068208,190380.0,2025,1,31,False,True,False,False,False,True,False,False,False,True,False,True
-1.2264635548745522,0.4479620116703763,48902.0,2025,1,31,True,False,False,False,True,False,False,False,True,False,False,False
-0.8762598166720479,-0.98806429881653,40755.0,2025,1,31,False,False,True,False,False,False,True,False,False,False,False,False
-1.5766672930770564,-0.49802329391266026,17293.0,2025,2,1,True,False,False,True,False,False,False,False,True,False,False,False
0.17435139793546492,-0.9452451818831822,83454.0,2025,2,1,True,False,False,False,False,False,False,True,False,False,True,False
0.17435139793546492,-0.8251137704868452,88908.0,2025,2,1,False,False,True,False,False,False,False,False,False,False,True,False
0.17435139793546492,-0.3699624164175552,109572.0,2025,2,1,False,True,False,True,False,False,False,False,False,True,True,False
0.8747588743404735,-0.5607982338612412,134544.0,2025,2,1,True,False,False,True,False,False,False,True,False,False,False,True
0.8747588743404735,-0.817845093229641,118984.0,2025,2,1,False,False,True,False,True,False,False,False,False,True,False,True
0.17435139793546492,-0.37432362277187764,109374.0,2025,2,1,False,True,False,False,False,True,False,False,True,False,True,False
-1.5766672930770564,-0.24388390544714209,19216.0,2025,2,1,True,False,False,False,False,False,True,False,False,False,False,False
-0.17585234026703933,-0.12718859602693794,100495.0,2025,2,1,False,True,False,False,False,True,True,False,False,False,True,False
-1.5766672930770564,-0.765114143672833,15272.0,2025,2,1,True,False,False,False,False,False,False,True,False,False,False,False
0.5245551361379692,-0.09097736750923019,142611.0,2025,2,2,False,True,False,False,False,False,False,False,True,False,True,False
1.2249626125429778,-0.7407971143032775,139104.0,2025,2,2,True,False,False,False,True,False,False,True,False,False,False,True
1.575166350745482,1.1055790667948788,294270.0,2025,2,2,True,False,False,False,False,False,False,False,False,True,False,True
0.17435139793546492,0.47360061872305986,147870.0,2025,2,2,False,True,False,False,False,False,False,True,False,False,True,False
0.17435139793546492,-0.24903805841134136,115062.0,2025,2,2,True,False,False,False,True,False,False,False,True,False,True,False
0.8747588743404735,-0.052519456930204815,165312.0,2025,2,3,False,True,False,False,True,False,False,False,True,False,False,True
1.575166350745482,-0.2050295215631783,195100.0,2025,2,3,False,True,False,False,True,False,False,False,True,False,False,True
0.5245551361379692,-1.2506617844540675,81186.0,2025,2,3,False,False,True,True,False,False,False,False,False,True,True,False
-0.5260560784695436,-0.15044836324999109,79692.0,2025,2,3,True,False,False,False,False,False,False,True,False,False,True,False
-0.5260560784695436,0.47703672069919273,98684.0,2025,2,3,False,True,False,False,False,False,False,False,False,True,True,False
-0.5260560784695436,0.9391924364890613,112672.0,2025,2,4,True,False,False,False,True,False,False,False,False,False,True,False
0.8747588743404735,1.985881961526453,288704.0,2025,2,4,False,False,False,False,False,True,False,False,False,True,False,True
-1.5766672930770564,1.1528915478508621,29785.0,2025,2,4,True,False,False,False,False,True,False,False,False,True,False,False
-1.2264635548745522,-0.13498590435739324,40080.0,2025,2,4,True,False,False,False,False,True,False,False,False,False,False,False
-0.17585234026703933,1.0577379546656447,145325.0,2025,2,4,True,False,False,True,False,False,False,True,False,False,True,False
-1.2264635548745522,0.7535107720095745,53526.0,2025,2,4,True,False,False,False,False,False,False,True,False,False,False,False
-1.5766672930770564,-0.20238636619692227,19530.0,2025,2,4,False,True,False,False,False,True,False,True,False,False,False,False
-0.17585234026703933,0.21800749480610085,113555.0,2025,2,4,False,True,False,False,True,False,False,False,True,False,True,False
-1.5766672930770564,-0.05040493263719998,20680.0,2025,2,4,True,False,False,False,True,False,False,False,False,False,False,False
0.17435139793546492,-0.4044555939471965,108006.0,2025,2,4,True,False,False,False,True,False,True,False,False,False,True,False
0.5245551361379692,-1.173613805527704,85267.0,2025,2,4,False,False,True,False,False,False,False,True,False,False,True,False
-0.8762598166720479,-0.5426926196023873,50865.0,2025,2,4,True,False,False,False,True,False,False,False,False,False,False,False
0.8747588743404735,-0.4308871476097569,142408.0,2025,2,4,False,True,False,False,False,True,True,False,False,False,False,True
-0.17585234026703933,-0.3067910031640358,93700.0,2025,2,4,True,False,False,True,False,False,False,False,False,True,True,False
1.2249626125429778,-1.2378424809277258,105255.0,2025,2,5,False,False,True,False,False,False,True,False,False,False,False,True
-1.2264635548745522,-1.2768290225800023,22800.0,2025,2,5,False,False,True,True,False,False,False,False,False,True,False,False
0.5245551361379692,-1.4116299462590605,72660.0,2025,2,5,False,False,True,False,False,True,False,True,False,False,True,False
-0.8762598166720479,-0.6597844023275299,48207.0,2025,2,5,False,True,False,False,False,True,False,False,False,False,False,False
0.17435139793546492,1.480642813266611,193590.0,2025,2,5,True,False,False,False,False,True,False,False,True,False,True,False
0.8747588743404735,0.7577398205955841,214360.0,2025,2,5,True,False,False,False,True,False,True,False,False,False,False,True
-1.5766672930770564,-0.9802669904860747,13644.0,2025,2,5,False,False,True,False,True,False,False,False,True,False,False,False
-0.8762598166720479,1.1612174872545686,89544.0,2025,2,5,True,False,False,False,True,False,False,True,False,False,False,False
0.5245551361379692,0.0418411896451358,149646.0,2025,2,5,False,True,False,False,True,False,True,False,False,False,True,False
-1.2264635548745522,-1.080178263330553,25776.0,2025,2,5,False,False,True,False,True,False,True,False,False,False,False,False
0.8747588743404735,-0.3999622298245612,144280.0,2025,2,5,False,True,False,False,False,False,True,False,False,False,False,True
0.5245551361379692,-0.9502671770790686,97097.0,2025,2,5,True,False,False,False,True,False,True,False,False,False,True,False
-0.5260560784695436,-0.08912715875285096,81548.0,2025,2,5,False,True,False,False,False,False,False,False,False,True,True,False
1.2249626125429778,-1.6378840456105774,78012.0,2025,2,5,False,False,True,False,False,False,True,False,False,False,False,True
-0.8762598166720479,1.6796724123456908,101313.0,2025,2,6,False,False,False,True,False,False,True,False,False,False,False,False
-1.5766672930770564,-1.6717164342986546,8412.0,2025,2,6,False,False,True,False,False,False,False,True,False,False,False,False
1.2249626125429778,2.231431095051639,320262.5,2025,2,6,False,False,False,False,False,True,False,False,True,False,False,True
0.5245551361379692,-1.0672268020358984,90902.0,2025,2,6,False,False,True,False,False,True,True,False,False,False,True,False
0.8747588743404735,-0.21798098285783288,155296.0,2025,2,6,False,True,False,False,False,False,False,False,False,True,False,True
-1.5766672930770564,0.36007709574236296,23786.0,2025,2,6,True,False,False,False,False,True,False,True,False,False,False,False
-0.8762598166720479,1.5789681928913355,99027.0,2025,2,6,False,False,False,False,True,False,False,True,False,False,False,False
-0.5260560784695436,-1.4074008976730508,41648.0,2025,2,6,False,False,True,False,False,True,False,True,False,False,True,False
-0.8762598166720479,-1.397885538354529,31452.0,2025,2,6,False,False,True,False,False,False,False,False,True,False,False,False
-0.17585234026703933,0.7836427431848934,134955.0,2025,2,6,True,False,False,False,False,False,False,True,False,False,True,False
1.2249626125429778,-1.343172222273029,98082.0,2025,2,6,False,False,True,False,True,False,False,False,False,False,False,True
1.575166350745482,1.5691885180361882,320262.5,2025,2,6,True,False,False,False,False,True,False,False,True,False,False,True
-1.5766672930770564,-1.323745030331047,11045.0,2025,2,7,False,False,True,False,True,False,False,True,False,False,False,False
-0.17585234026703933,-0.5074064954628692,86110.0,2025,2,7,True,False,False,False,False,True,False,True,False,False,True,False
0.8747588743404735,-0.9227783612700058,112632.0,2025,2,7,False,False,True,False,False,False,False,True,False,False,False,True
-0.5260560784695436,-0.6616346110839091,64220.0,2025,2,7,True,False,False,False,False,True,False,False,True,False,True,False
1.2249626125429778,-1.3606170476903188,96894.0,2025,2,7,False,False,True,True,False,False,False,False,False,True,False,True
0.5245551361379692,-0.3945437613237363,126532.0,2025,2,7,True,False,False,True,False,False,False,True,False,False,True,False
-1.5766672930770564,-0.29608622393069883,18821.0,2025,2,7,True,False,False,False,False,True,False,False,False,False,False,False
0.8747588743404735,1.963018667608338,287320.0,2025,2,7,False,False,False,True,False,False,True,False,False,False,False,True
1.575166350745482,-0.48375025493487767,174010.0,2025,2,7,True,False,False,False,False,True,False,True,False,False,False,True
-1.5766672930770564,-0.8901353924967438,14326.0,2025,2,7,True,False,False,False,True,False,False,False,False,False,False,False
0.8747588743404735,-0.7422508497547183,123560.0,2025,2,7,True,False,False,True,False,False,True,False,False,False,False,True
-0.8762598166720479,-0.03877504902567341,62304.0,2025,2,7,True,False,False,False,False,True,False,False,True,False,False,False
-0.17585234026703933,-0.40049086089781244,90155.0,2025,2,7,True,False,False,False,False,False,False,False,True,False,True,False
0.5245551361379692,0.019638684568585068,148470.0,2025,2,7,False,True,False,False,False,True,False,True,False,False,True,False
-1.2264635548745522,-0.1848093830113196,39326.0,2025,2,7,False,True,False,False,True,False,False,False,False,False,False,False
1.2249626125429778,-0.6085071882221628,148113.0,2025,2,8,True,False,False,False,False,False,False,False,False,False,False,True
0.17435139793546492,-1.2740537094454334,68526.0,2025,2,8,False,False,True,True,False,False,False,False,False,False,True,False
0.5245551361379692,-0.41582116202209746,125405.0,2025,2,8,True,False,False,True,False,False,False,True,False,False,True,False
1.575166350745482,-0.5109747552073148,171950.0,2025,2,8,True,False,False,True,False,False,False,False,False,True,False,True
-1.5766672930770564,1.2451376701331978,30483.0,2025,2,8,True,False,False,False,False,False,False,False,False,True,False,False
-1.5766672930770564,0.7335549489943414,26612.0,2025,2,8,True,False,False,True,False,False,False,False,False,False,False,False
-0.17585234026703933,0.5143052113634029,124765.0,2025,2,8,False,True,False,False,False,True,False,True,False,False,True,False
0.5245551361379692,-0.03243147614665891,145712.0,2025,2,8,False,True,False,False,True,False,False,False,False,True,True,False
0.5245551361379692,-0.22353160912697057,135590.0,2025,2,8,False,True,False,True,False,False,False,True,False,False,True,False
-0.8762598166720479,-1.044759981422722,39468.0,2025,2,8,False,False,True,False,False,True,False,False,False,False,False,False
-1.2264635548745522,-0.7455547939625384,30840.0,2025,2,8,True,False,False,False,False,True,False,False,False,True,False,False
0.5245551361379692,0.0084052742619969,147875.0,2025,2,8,False,True,False,False,False,False,True,False,False,False,True,False
-0.8762598166720479,0.36589203754812627,71490.0,2025,2,9,True,False,False,False,True,False,True,False,False,False,False,False
1.575166350745482,1.6839014609317005,320262.5,2025,2,9,False,False,False,True,False,False,False,True,False,False,False,True
-0.17585234026703933,-0.048686881649133554,103465.0,2025,2,9,False,True,False,True,False,False,False,False,False,True,True,False
-0.5260560784695436,0.46567115262429176,98340.0,2025,2,9,False,True,False,False,False,False,False,True,False,False,True,False
-0.17585234026703933,-0.9629543228370976,68875.0,2025,2,9,False,False,True,False,False,True,False,False,False,True,True,False
0.17435139793546492,-0.09335620733886062,122130.0,2025,2,9,True,False,False,False,False,True,False,True,False,False,True,False
-0.17585234026703933,0.07871320700440755,108285.0,2025,2,9,False,True,False,False,True,False,False,True,False,False,True,False
-1.2264635548745522,-0.6694319194143644,31992.0,2025,2,9,True,False,False,True,False,False,False,False,False,False,False,False
0.17435139793546492,-0.3798742490410153,109122.0,2025,2,9,True,False,False,False,False,False,False,False,False,False,True,False
1.575166350745482,-0.37815619805294887,182000.0,2025,2,9,False,True,False,True,False,False,False,False,False,True,False,True
1.575166350745482,-0.3785526713578873,181970.0,2025,2,10,False,True,False,False,False,False,False,True,False,False,False,True
-0.5260560784695436,1.3895861108990903,126304.0,2025,2,10,True,False,False,False,False,False,True,False,False,False,True,False
-0.17585234026703933,2.00319462917543,181095.0,2025,2,10,False,False,False,True,False,False,True,False,False,False,True,False
0.5245551361379692,-1.657443395320872,59640.0,2025,2,10,False,False,True,True,False,False,False,True,False,False,True,False
-0.8762598166720479,0.3417071659468835,70941.0,2025,2,10,True,False,False,False,False,True,False,False,False,True,False,False
0.17435139793546492,0.2801216459131178,139086.0,2025,2,10,True,False,False,False,True,False,True,False,False,False,True,False
1.575166350745482,1.2485737721093306,305090.0,2025,2,10,True,False,False,False,True,False,False,False,False,True,False,True
0.5245551361379692,-0.8167878310831387,104167.0,2025,2,10,False,False,True,False,False,True,False,False,False,True,True,False
1.575166350745482,1.329718641853391,311230.0,2025,2,10,True,False,False,True,False,False,False,False,False,True,False,True
-0.8762598166720479,1.6998925508975493,101772.0,2025,2,10,False,False,False,False,False,True,False,False,True,False,False,False
-0.17585234026703933,1.7256633157185457,170595.0,2025,2,10,False,False,False,False,False,True,False,False,False,True,True,False
-1.2264635548745522,-0.11701244786685218,40352.0,2025,2,10,False,True,False,False,False,True,False,False,False,False,False,False
-1.5766672930770564,0.5428512893189681,25169.0,2025,2,11,True,False,False,False,False,True,False,True,False,False,False,False
0.5245551361379692,-1.3359035450158248,76671.0,2025,2,11,False,False,True,False,False,False,False,False,False,True,True,False
-0.5260560784695436,0.3165971899674511,93828.0,2025,2,11,True,False,False,True,False,False,True,False,False,False,True,False
-0.5260560784695436,-0.17317949939979302,79004.0,2025,2,11,False,True,False,False,False,True,False,False,True,False,True,False
-1.5766672930770564,-0.09071305197260458,20375.0,2025,2,11,True,False,False,False,True,False,False,False,False,False,False,False
0.17435139793546492,-1.545373607791616,56208.0,2025,2,11,False,False,True,False,False,True,False,False,True,False,True,False
1.2249626125429778,1.4004230479007402,284922.0,2025,2,12,True,False,False,False,True,False,True,False,False,False,False,True
0.17435139793546492,0.42549519105719996,145686.0,2025,2,12,True,False,False,False,False,True,False,False,False,True,True,False
-0.8762598166720479,0.7248325362856964,79638.0,2025,2,12,True,False,False,True,False,False,False,False,False,True,False,False
0.8747588743404735,0.3087998816369958,187184.0,2025,2,12,True,False,False,False,True,False,False,False,False,False,False,True
-0.8762598166720479,-0.11291555704915532,60621.0,2025,2,12,False,True,False,True,False,False,False,False,False,True,False,False
-0.5260560784695436,-0.9803991482543875,54572.0,2025,2,12,False,False,True,True,False,False,False,False,False,False,True,False
0.5245551361379692,0.028757570582168403,148953.0,2025,2,13,False,True,False,False,False,False,False,False,False,False,True,False
-0.5260560784695436,0.36642066862137745,95336.0,2025,2,13,False,True,False,False,True,False,False,False,True,False,True,False
-1.5766672930770564,0.30668535734399094,23382.0,2025,2,13,True,False,False,False,False,False,False,True,False,False,False,False
1.2249626125429778,1.6458400236576134,301635.0,2025,2,13,False,False,False,False,True,False,False,False,False,True,False,True
1.2249626125429778,0.9662847789931857,255357.0,2025,2,13,True,False,False,False,True,False,False,False,True,False,False,True
0.8747588743404735,-1.269031714249547,91672.0,2025,2,13,False,False,True,False,False,True,False,False,True,False,False,True
-0.8762598166720479,0.602322285059729,76857.0,2025,2,13,True,False,False,True,False,False,False,True,False,False,False,False
-1.5766672930770564,-0.014854492961056249,20949.0,2025,2,14,False,True,False,False,False,False,False,True,False,False,False,False
-1.2264635548745522,-0.16908260858209614,39564.0,2025,2,14,False,True,False,True,False,False,True,False,False,False,False,False
0.8747588743404735,-0.8873600793621749,114776.0,2025,2,14,True,False,False,False,True,False,False,True,False,False,False,True
-0.5260560784695436,-0.6560839848147715,64388.0,2025,2,14,True,False,False,False,False,False,False,False,False,True,True,False
1.2249626125429778,-1.038812881848646,118809.0,2025,2,14,False,False,True,False,False,True,False,False,True,False,False,True
-0.8762598166720479,0.21853612587935203,68145.0,2025,2,14,False,True,False,True,False,False,False,True,False,False,False,False
0.17435139793546492,-1.0805747366354914,77310.0,2025,2,15,False,False,True,False,False,True,False,True,False,False,True,False
-0.8762598166720479,-1.2986350543516147,33705.0,2025,2,15,False,False,True,True,False,False,False,True,False,False,False,False
-0.5260560784695436,0.16065102335834477,89108.0,2025,2,15,False,True,False,False,False,True,False,False,True,False,True,False
0.17435139793546492,0.7689732309021723,161280.0,2025,2,15,True,False,False,False,False,True,False,False,False,True,True,False
-0.8762598166720479,0.10501260289865515,65568.0,2025,2,15,False,True,False,True,False,False,False,False,False,False,False,False
1.2249626125429778,-0.6864802715267159,142803.0,2025,2,15,True,False,False,False,True,False,False,False,False,False,False,True
-1.2264635548745522,-0.6159080232476797,32802.0,2025,2,15,False,True,False,True,False,False,False,False,True,False,False,False
-0.8762598166720479,-1.3049786272306292,33561.0,2025,2,15,False,False,True,True,False,False,False,False,True,False,False,False
-0.8762598166720479,-1.5098231681154721,28911.0,2025,2,15,False,False,True,True,False,False,False,False,True,False,False,False
-1.5766672930770564,-0.5334415758204912,17025.0,2025,2,15,True,False,False,False,True,False,False,True,False,False,False,False
0.17435139793546492,-0.4660411139809622,105210.0,2025,2,16,True,False,False,False,False,True,True,False,False,False,True,False
-0.8762598166720479,-1.6291616329019325,26202.0,2025,2,16,False,False,True,True,False,False,False,False,False,False,False,False
1.2249626125429778,0.5357147698300768,226035.0,2025,2,16,True,False,False,True,False,False,False,False,False,False,False,True
0.17435139793546492,0.33879969504400187,141750.0,2025,2,16,False,True,False,False,False,False,False,True,False,False,True,False
-0.5260560784695436,-1.2272698594627016,47100.0,2025,2,16,False,False,True,False,False,True,False,True,False,False,True,False
1.2249626125429778,-1.4436121261907584,91242.0,2025,2,16,False,False,True,False,True,False,True,False,False,False,False,True
-0.17585234026703933,0.42285203569094393,121305.0,2025,2,16,True,False,False,False,False,False,True,False,False,False,True,False
-0.8762598166720479,-0.2052938370998039,58524.0,2025,2,16,False,True,False,False,False,True,False,False,False,True,False,False
-1.5766672930770564,-0.26080009979118074,19088.0,2025,2,16,False,True,False,False,False,True,True,False,False,False,False,False
-0.5260560784695436,1.3192781781566798,124176.0,2025,2,16,True,False,False,False,True,False,False,False,False,False,True,False
0.8747588743404735,0.12457195260894983,176032.0,2025,2,16,False,True,False,False,True,False,False,False,True,False,False,True
-0.17585234026703933,-0.23939054132450682,96250.0,2025,2,17,True,False,False,True,False,False,False,False,False,True,True,False
-0.5260560784695436,-1.0586365470955663,52204.0,2025,2,17,True,False,False,True,False,False,False,False,False,True,True,False
1.2249626125429778,0.1897257323871612,202473.0,2025,2,17,False,True,False,False,True,False,True,False,False,False,False,True
-0.8762598166720479,0.9316594436952316,84333.0,2025,2,17,True,False,False,False,True,False,False,True,False,False,False,False
-0.8762598166720479,-0.23450070389693314,57861.0,2025,2,17,False,True,False,False,True,False,True,False,False,False,False,False
0.5245551361379692,0.50426122097163,174139.0,2025,2,17,True,False,False,True,False,False,False,False,False,True,True,False
-1.2264635548745522,-0.32925782377721213,37140.0,2025,2,17,False,True,False,False,False,False,False,False,False,False,False,False
0.17435139793546492,-0.32423582858132566,111648.0,2025,2,17,True,False,False,False,False,False,True,False,False,False,True,False
-0.8762598166720479,-0.9925576629391653,40653.0,2025,2,17,True,False,False,False,False,False,False,False,True,False,False,False
-0.17585234026703933,-0.5910623628048729,82945.0,2025,2,17,False,True,False,False,True,False,True,False,False,False,True,False
0.17435139793546492,1.3805993826538199,189048.0,2025,2,17,True,False,False,False,False,False,False,False,True,False,True,False
-1.2264635548745522,0.21919691472091604,45440.0,2025,2,17,False,True,False,True,False,False,True,False,False,False,False,False
1.575166350745482,0.20717055780445107,226290.0,2025,2,17,False,True,False,True,False,False,True,False,False,False,False,True
-0.8762598166720479,0.9821437111907219,85479.0,2025,2,18,True,False,False,True,False,False,False,False,True,False,False,False
-1.5766672930770564,-1.1873582134322354,12077.0,2025,2,18,False,False,True,False,False,True,False,False,False,False,False,False
-1.5766672930770564,-1.3849340770598744,10582.0,2025,2,18,False,False,True,True,False,False,False,False,True,False,False,False
-1.2264635548745522,-1.2998244742664298,22452.0,2025,2,18,False,False,True,False,False,False,False,False,True,False,False,False
1.575166350745482,0.12338253269413461,219950.0,2025,2,18,False,True,False,True,False,False,True,False,False,False,False,True
0.8747588743404735,-0.09309189180223502,162856.0,2025,2,18,False,True,False,True,False,False,False,False,False,False,False,True
1.575166350745482,-0.10247509335244397,202860.0,2025,2,18,True,False,False,True,False,False,False,True,False,False,False,True
-0.8762598166720479,-0.6038816663312147,49476.0,2025,2,18,True,False,False,True,False,False,False,False,False,False,False,False
-1.2264635548745522,0.5113977404605212,49862.0,2025,2,18,False,True,False,False,False,True,False,True,False,False,False,False
0.5245551361379692,1.6083072174567776,232617.0,2025,2,18,False,False,False,True,False,False,False,False,False,True,True,False
1.2249626125429778,0.1742632734945634,201420.0,2025,2,18,False,True,False,True,False,False,True,False,False,False,False,True
0.17435139793546492,-0.412120744509339,107658.0,2025,2,18,False,True,False,False,False,True,True,False,False,False,True,False
-1.2264635548745522,0.5120585293020853,49872.0,2025,2,19,False,True,False,False,True,False,False,False,False,False,False,False
-0.17585234026703933,1.120909367919164,147715.0,2025,2,19,True,False,False,False,True,False,True,False,False,False,True,False
0.17435139793546492,-0.20793699246605993,116928.0,2025,2,19,False,True,False,False,False,True,False,False,True,False,True,False
-1.5766672930770564,-1.2903091149479082,11298.0,2025,2,19,False,False,True,False,True,False,True,False,False,False,False,False
0.17435139793546492,-1.0400023017634612,79152.0,2025,2,19,True,False,False,False,False,False,False,False,False,False,True,False
-0.17585234026703933,-0.36282589692866385,91580.0,2025,2,19,False,True,False,True,False,False,False,False,False,True,True,False
-1.5766672930770564,1.6318313002164564,33409.0,2025,2,19,False,False,False,False,True,False,False,True,False,False,False,False
1.2249626125429778,-0.16630729544752731,178227.0,2025,2,19,False,True,False,True,False,False,False,False,False,True,False,True
1.2249626125429778,0.7273435338836397,239085.0,2025,2,19,True,False,False,True,False,False,False,False,False,False,False,True
0.8747588743404735,0.23743468674808274,182864.0,2025,2,20,False,True,False,True,False,False,False,False,False,True,False,True
0.5245551361379692,-0.8474484333317087,102543.0,2025,2,20,True,False,False,True,False,False,False,False,False,True,True,False
-1.5766672930770564,-0.39084334381097785,18104.0,2025,2,20,False,True,False,False,False,False,False,False,True,False,False,False
0.5245551361379692,-0.4044555939471965,126007.0,2025,2,20,True,False,False,False,False,False,False,False,False,True,True,False
0.8747588743404735,0.0752771050282747,173048.0,2025,2,20,False,True,False,False,True,False,True,False,False,False,False,True
-0.17585234026703933,-0.057277136589465684,103140.0,2025,2,20,False,True,False,True,False,False,True,False,False,False,True,False
0.8747588743404735,-0.984099565767146,108920.0,2025,2,20,False,False,True,False,True,False,False,False,True,False,False,True
0.17435139793546492,-0.25591026236360703,114750.0,2025,2,20,False,True,False,True,False,False,False,True,False,False,True,False
-0.5260560784695436,0.9705138275791954,113620.0,2025,2,20,True,False,False,False,False,False,True,False,False,False,True,False
-0.8762598166720479,-0.2705797746463281,57042.0,2025,2,21,True,False,False,False,False,False,False,False,True,False,False,False
1.2249626125429778,-1.2875338018133393,101871.0,2025,2,21,False,False,True,True,False,False,False,False,False,False,False,True
0.5245551361379692,0.18417510611802354,157185.0,2025,2,21,False,True,False,False,False,True,False,False,True,False,True,False
1.575166350745482,1.2308646311554152,303750.0,2025,2,21,True,False,False,False,False,False,True,False,False,False,False,True
0.17435139793546492,-0.3640153168434791,109842.0,2025,2,21,False,True,False,True,False,False,False,False,False,False,True,False
-0.17585234026703933,0.21734670596453684,113530.0,2025,2,21,False,True,False,False,False,False,False,False,False,True,True,False
-0.17585234026703933,0.13831636051348126,110540.0,2025,2,21,False,True,False,False,True,False,False,False,False,True,True,False
-1.2264635548745522,0.02360341761796913,42480.0,2025,2,21,False,True,False,False,False,True,True,False,False,False,False,False
-0.17585234026703933,0.15827218352871433,111295.0,2025,2,21,False,True,False,True,False,False,False,False,False,True,True,False
1.575166350745482,0.15153213734476145,222080.0,2025,2,21,False,True,False,True,False,False,False,False,False,True,False,True
1.2249626125429778,-0.06124186963884974,185382.0,2025,2,21,True,False,False,False,False,True,False,True,False,False,False,True
-1.5766672930770564,0.5020145389103123,24860.0,2025,2,21,False,True,False,False,False,False,True,False,False,False,False,False
1.575166350745482,-0.9455094974198078,139070.0,2025,2,22,False,False,True,False,False,True,True,False,False,False,False,True
1.2249626125429778,-1.0955085644548381,114948.0,2025,2,22,False,False,True,False,False,False,False,False,True,False,False,True
-0.8762598166720479,-0.028202427560649248,62544.0,2025,2,22,False,True,False,False,True,False,True,False,False,False,False,False
-0.8762598166720479,1.6439898149012342,100503.0,2025,2,22,False,False,False,False,False,True,False,False,True,False,False,False
-1.5766672930770564,2.0962336980676426,36923.0,2025,2,22,False,False,False,False,False,False,False,False,False,True,False,False
0.17435139793546492,-1.5176204764459276,57468.0,2025,2,22,False,False,True,False,False,False,False,False,False,False,True,False
0.17435139793546492,1.428572652551367,191226.0,2025,2,22,True,False,False,False,False,True,False,True,False,False,True,False
-0.5260560784695436,-0.6579341935711507,64332.0,2025,2,22,True,False,False,False,True,False,False,False,False,True,True,False
1.575166350745482,0.7247003785173837,265450.0,2025,2,22,True,False,False,False,False,False,False,False,False,False,False,True
-0.8762598166720479,-0.8235278772670915,44490.0,2025,2,22,True,False,False,False,True,False,False,False,True,False,False,False
0.17435139793546492,-1.346476166480849,65238.0,2025,2,22,False,False,True,False,False,True,False,False,True,False,True,False
0.17435139793546492,2.003723260248681,217338.0,2025,2,23,False,False,False,False,False,False,True,False,False,False,True,False
0.5245551361379692,-0.198553790915851,136913.0,2025,2,23,False,True,False,False,False,False,True,False,False,False,True,False
0.8747588743404735,0.9193687712421409,224144.0,2025,2,23,True,False,False,True,False,False,False,False,True,False,False,True
1.575166350745482,-0.16815750420390654,197890.0,2025,2,23,False,True,False,False,True,False,False,False,False,True,False,True
1.2249626125429778,1.2399835171689986,273996.0,2025,2,23,True,False,False,False,False,True,False,False,False,True,False,True
0.5245551361379692,1.3368551613422823,218239.0,2025,2,23,True,False,False,False,False,True,False,False,True,False,True,False
-0.5260560784695436,-0.47859610197067837,69760.0,2025,2,23,True,False,False,False,False,False,False,False,True,False,True,False
-0.17585234026703933,0.058360910684236045,107515.0,2025,2,23,False,True,False,False,False,True,False,False,False,False,True,False
-1.5766672930770564,-1.1926445241647474,12037.0,2025,2,24,False,False,True,False,False,True,False,False,False,True,False,False
-0.17585234026703933,1.7760154254457234,172500.0,2025,2,24,False,False,False,False,False,False,False,False,False,False,True,False
-1.2264635548745522,-0.12005207653804663,40306.0,2025,2,24,False,True,False,False,False,False,False,True,False,False,False,False
1.575166350745482,2.027775974081611,320262.5,2025,2,24,False,False,False,True,False,False,True,False,False,False,False,True
-1.5766672930770564,-0.0711537022623099,20523.0,2025,2,24,True,False,False,False,False,False,False,True,False,False,False,False
-0.17585234026703933,0.008273116493684098,105620.0,2025,2,24,False,True,False,False,True,False,False,True,False,False,True,False
0.8747588743404735,-0.5910623628048729,132712.0,2025,2,24,True,False,False,False,False,False,False,False,True,False,False,True
-0.5260560784695436,0.2967735247205308,93228.0,2025,2,25,True,False,False,False,False,False,False,True,False,False,True,False
-1.5766672930770564,1.0849624549380819,29271.0,2025,2,25,True,False,False,False,False,True,True,False,False,False,False,False
-1.5766672930770564,1.0938170254150394,29338.0,2025,2,25,True,False,False,False,False,True,True,False,False,False,False,False
-0.17585234026703933,0.05241381111015996,107290.0,2025,2,25,False,True,False,True,False,False,False,False,False,True,True,False
0.8747588743404735,-1.0973587732112173,102064.0,2025,2,25,False,False,True,False,False,True,False,True,False,False,False,True
-0.8762598166720479,0.4229841934592567,72786.0,2025,2,25,False,True,False,False,False,True,True,False,False,False,False,False
-1.5766672930770564,0.0072158543471816826,21116.0,2025,2,25,False,True,False,False,True,False,False,True,False,False,False,False
0.5245551361379692,1.537999284714367,228893.0,2025,2,25,True,False,False,False,True,False,False,True,False,False,True,False
-1.5766672930770564,0.10831654710647519,21881.0,2025,2,25,False,True,False,False,True,False,False,True,False,False,False,False
-0.17585234026703933,0.30166336214810446,116720.0,2025,2,25,False,True,False,True,False,False,False,False,False,False,True,False
-1.2264635548745522,-0.602295773111461,33008.0,2025,2,25,True,False,False,True,False,False,False,False,False,True,False,False
0.8747588743404735,-0.20687973031955753,155968.0,2025,2,25,True,False,False,False,False,True,False,False,False,False,False,True
0.17435139793546492,-0.06335639393185458,123492.0,2025,2,26,False,True,False,False,False,True,False,False,True,False,True,False
-0.17585234026703933,-1.0611475446935095,65160.0,2025,2,26,False,False,True,False,False,True,False,False,True,False,True,False
-0.8762598166720479,-0.8155984111683234,44670.0,2025,2,26,True,False,False,False,False,False,False,False,False,False,False,False
-0.5260560784695436,-1.4305285071277911,40948.0,2025,2,26,False,False,True,False,False,True,False,False,False,True,True,False
-1.5766672930770564,-1.3244058191726111,11040.0,2025,2,26,False,False,True,False,False,False,False,False,False,False,False,False
1.575166350745482,-1.0476674523256038,131340.0,2025,2,26,True,False,False,False,True,False,False,False,False,False,False,True
-0.8762598166720479,-1.3185908773668478,33252.0,2025,2,26,False,False,True,False,False,False,False,False,True,False,False,False
-1.5766672930770564,1.3926257395702848,31599.0,2025,2,26,True,False,False,True,False,False,False,False,False,True,False,False
0.8747588743404735,-1.6162101716072779,70656.0,2025,2,26,False,False,True,True,False,False,False,False,False,False,False,True
-0.17585234026703933,1.3650047659929092,156950.0,2025,2,26,True,False,False,False,True,False,True,False,False,False,True,False
-0.8762598166720479,-0.11912697215985701,60480.0,2025,2,26,False,True,False,False,True,False,False,False,False,False,False,False
1.2249626125429778,1.1630676960109478,268758.0,2025,2,26,True,False,False,True,False,False,False,True,False,False,False,True
-0.8762598166720479,1.9453095266544227,107343.0,2025,2,26,False,False,False,False,True,False,False,True,False,False,False,False
0.17435139793546492,-0.8136160446436314,89430.0,2025,2,26,False,False,True,False,True,False,True,False,False,False,True,False
0.5245551361379692,-0.09110952527754299,142604.0,2025,2,27,False,True,False,False,False,False,False,False,False,True,True,False
-0.8762598166720479,-1.4584137962417922,30078.0,2025,2,27,False,False,True,True,False,False,False,True,False,False,False,False
0.8747588743404735,0.48047282267532554,197576.0,2025,2,27,False,True,False,False,True,False,False,True,False,False,False,True
-0.8762598166720479,-0.9739234176070602,41076.0,2025,2,27,True,False,False,False,True,False,False,False,True,False,False,False
1.2249626125429778,-0.569652804338199,150759.0,2025,2,27,True,False,False,False,True,False,False,True,False,False,False,True
1.2249626125429778,1.3672514480542268,282663.0,2025,2,27,True,False,False,False,True,False,False,False,True,False,False,True
-1.5766672930770564,2.1024451131783444,36970.0,2025,2,27,False,False,False,False,False,False,False,False,True,False,False,False
1.575166350745482,0.023206944313030723,212370.0,2025,2,27,False,True,False,False,False,False,False,False,True,False,False,True
1.575166350745482,-0.1320784334545116,200620.0,2025,2,27,False,True,False,False,False,False,False,True,False,False,False,True
0.17435139793546492,-0.2861743913072387,113376.0,2025,2,27,False,True,False,True,False,False,False,False,True,False,True,False
-0.8762598166720479,-0.9289897763807076,42096.0,2025,2,28,False,False,True,True,False,False,False,False,False,True,False,False
-0.5260560784695436,0.4632923127946613,98268.0,2025,2,28,False,True,False,True,False,False,False,True,False,False,True,False
-1.5766672930770564,-1.071455850621908,12954.0,2025,2,28,False,False,True,False,False,False,False,True,False,False,False,False
-1.2264635548745522,-1.0552004451194335,26154.0,2025,2,28,False,False,True,False,False,True,False,False,False,False,False,False
-0.17585234026703933,1.5568978455830977,164210.0,2025,2,28,True,False,False,True,False,False,False,True,False,False,True,False
-1.5766672930770564,0.44386512085267943,24420.0,2025,2,28,False,True,False,False,False,True,False,True,False,False,False,False
-0.17585234026703933,0.5831594086543727,127370.0,2025,2,28,True,False,False,True,False,False,False,False,True,False,True,False
1.2249626125429778,-1.1859044779807946,108792.0,2025,3,1,False,False,True,False,False,False,False,False,True,False,False,True
0.8747588743404735,0.27866791046167694,185360.0,2025,3,1,True,False,False,False,False,True,False,False,True,False,False,True
1.575166350745482,1.3256217510356942,310920.0,2025,3,1,True,False,False,False,False,False,False,False,True,False,False,True
0.17435139793546492,-0.19947889529404061,117312.0,2025,3,1,False,True,False,True,False,False,False,False,False,False,True,False
1.575166350745482,0.45285184909794995,244880.0,2025,3,1,True,False,False,True,False,False,False,False,False,False,False,True
-0.8762598166720479,0.5067722185695731,74688.0,2025,3,1,False,True,False,False,False,False,False,False,False,False,False,False
-0.17585234026703933,0.059946803903989675,107575.0,2025,3,1,False,True,False,True,False,False,False,False,False,False,True,False
0.17435139793546492,1.762271017541192,206376.0,2025,3,1,False,False,False,False,False,True,False,False,False,True,True,False
-0.8762598166720479,-0.3856891908467786,54429.0,2025,3,1,False,True,False,True,False,False,False,False,True,False,False,False
1.2249626125429778,1.0075180027067798,258165.0,2025,3,2,True,False,False,False,False,True,True,False,False,False,False,True
-1.5766672930770564,-1.0626012801449503,13021.0,2025,3,2,False,False,True,False,False,True,False,True,False,False,False,False
-0.17585234026703933,-0.277980609671845,94790.0,2025,3,2,False,True,False,False,True,False,False,False,False,True,True,False
-0.5260560784695436,-0.6234410160415094,65376.0,2025,3,2,False,True,False,False,False,True,True,False,False,False,True,False
0.17435139793546492,1.5465895396546991,196584.0,2025,3,2,True,False,False,True,False,False,False,True,False,False,True,False
-0.5260560784695436,-0.16736455759402974,79180.0,2025,3,2,False,True,False,False,False,True,False,False,False,False,True,False
1.575166350745482,-1.1407065212178162,124300.0,2025,3,2,False,False,True,False,False,True,False,False,True,False,False,True
0.5245551361379692,-0.5867011564505504,116354.0,2025,3,2,False,True,False,False,False,False,False,False,False,True,True,False
1.2249626125429778,-0.37538088491838006,163989.0,2025,3,2,False,True,False,False,False,False,False,False,True,False,False,True
-0.5260560784695436,-0.024502010047890793,83504.0,2025,3,2,False,True,False,False,False,True,True,False,False,False,True,False
-1.5766672930770564,-0.3737949916986264,18233.0,2025,3,2,True,False,False,False,False,True,False,True,False,False,False,False
-0.8762598166720479,-0.9011044872667063,42729.0,2025,3,3,True,False,False,False,True,False,False,True,False,False,False,False
0.17435139793546492,-0.7448940051209744,92550.0,2025,3,3,True,False,False,False,True,False,False,False,False,True,True,False
-0.8762598166720479,-1.2547586752717643,34701.0,2025,3,3,False,False,True,True,False,False,True,False,False,False,False,False
0.5245551361379692,1.9002437276597572,248080.0,2025,3,3,False,False,False,False,True,False,False,False,True,False,True,False
-1.2264635548745522,0.17003422490855372,44696.0,2025,3,3,False,True,False,False,False,False,False,False,False,True,False,False
1.2249626125429778,-1.662861863821697,76311.0,2025,3,3,False,False,True,True,False,False,False,False,False,True,False,True
-1.5766672930770564,-1.41585899484507,10348.0,2025,3,4,False,False,True,True,False,False,False,True,False,False,False,False
1.2249626125429778,0.13435162746409718,198702.0,2025,3,4,False,True,False,True,False,False,True,False,False,False,False,True
-0.5260560784695436,1.9172920797721087,142276.0,2025,3,4,False,False,False,False,False,False,False,False,False,False,True,False
-0.17585234026703933,-0.23661522818993797,96355.0,2025,3,4,False,True,False,False,False,False,False,False,True,False,True,False
0.5245551361379692,-0.26463267507225197,133413.0,2025,3,4,False,True,False,False,False,True,False,False,False,True,True,False
-1.2264635548745522,-1.3093398335849515,22308.0,2025,3,4,False,False,True,True,False,False,False,True,False,False,False,False
-1.2264635548745522,-1.2526441509787596,23166.0,2025,3,4,False,False,True,False,False,True,False,False,True,False,False,False
-1.2264635548745522,0.3053637796608629,46744.0,2025,3,4,True,False,False,False,False,False,False,True,False,False,False,False
-0.17585234026703933,0.17122364482336894,111785.0,2025,3,4,False,True,False,False,False,True,False,False,True,False,True,False
1.2249626125429778,2.1929731844726135,320262.5,2025,3,5,False,False,False,False,True,False,False,False,True,False,False,True
1.575166350745482,2.061079731696437,320262.5,2025,3,5,False,False,False,False,False,True,False,False,False,False,False,True
1.575166350745482,0.23849194889458514,228660.0,2025,3,5,False,True,False,False,False,False,True,False,False,False,False,True
-1.2264635548745522,-1.5521136539755689,18634.0,2025,3,5,False,False,True,False,False,True,False,False,True,False,False,False
-1.5766672930770564,-1.6644477570414506,8467.0,2025,3,5,False,False,True,False,False,True,False,False,False,False,False,False
0.5245551361379692,-0.6463043099596241,113197.0,2025,3,5,False,True,False,False,False,True,False,False,True,False,True,False
-1.5766672930770564,-0.2923858064179404,18849.0,2025,3,5,True,False,False,False,False,True,False,True,False,False,False,False
0.17435139793546492,-1.5168275298360507,57504.0,2025,3,5,False,False,True,True,False,False,False,True,False,False,True,False
-1.5766672930770564,-0.717140873775286,15635.0,2025,3,5,True,False,False,False,True,False,False,False,False,True,False,False
-0.5260560784695436,0.8293693310211228,109348.0,2025,3,6,True,False,False,False,False,True,True,False,False,False,True,False
0.17435139793546492,-0.07009644011580747,123186.0,2025,3,6,True,False,False,False,False,True,False,False,False,False,True,False
-0.8762598166720479,0.20650976896288706,67872.0,2025,3,6,False,True,False,False,True,False,False,False,True,False,False,False
0.5245551361379692,2.155836851576716,261618.0,2025,3,6,False,False,False,True,False,False,False,True,False,False,True,False
0.5245551361379692,1.8419621518338116,244993.0,2025,3,6,False,False,False,False,False,True,False,True,False,False,True,False
-0.5260560784695436,-1.1831291648462257,48436.0,2025,3,6,False,False,True,True,False,False,False,True,False,False,True,False
0.8747588743404735,0.3008704155382277,186704.0,2025,3,6,False,True,False,False,True,False,True,False,False,False,False,True
1.2249626125429778,-0.629652431152211,146673.0,2025,3,7,True,False,False,False,False,True,False,False,False,False,False,True
-1.2264635548745522,1.8460590426515084,70060.0,2025,3,7,False,False,False,True,False,False,True,False,False,False,False,False
-1.2264635548745522,0.25699403645837743,46012.0,2025,3,7,True,False,False,False,True,False,False,True,False,False,False,False
1.2249626125429778,-1.2921593237042874,101556.0,2025,3,7,False,False,True,False,False,True,False,True,False,False,False,True
-0.8762598166720479,-0.2972756438455141,56436.0,2025,3,7,False,True,False,False,False,True,False,False,False,True,False,False
0.8747588743404735,-0.8122944669605033,119320.0,2025,3,7,False,False,True,False,True,False,True,False,False,False,False,True
0.17435139793546492,1.5991883314431943,198972.0,2025,3,7,False,False,False,True,False,False,False,False,False,False,True,False
0.5245551361379692,1.6805975167238802,236446.0,2025,3,7,False,False,False,False,True,False,False,False,False,False,True,False
1.575166350745482,1.0977817584644236,293680.0,2025,3,7,True,False,False,False,True,False,True,False,False,False,False,True
-1.2264635548745522,-1.437797184384995,20364.0,2025,3,7,False,False,True,False,False,True,False,False,True,False,False,False
0.8747588743404735,-0.8050257897032993,119760.0,2025,3,8,False,False,True,True,False,False,False,False,False,False,False,True
0.8747588743404735,-0.5207544300624622,136968.0,2025,3,8,True,False,False,False,True,False,False,False,False,True,False,True
0.5245551361379692,0.2227651744653617,159229.0,2025,3,8,False,True,False,False,False,True,True,False,False,False,True,False
0.17435139793546492,0.7947439957231687,162450.0,2025,3,8,True,False,False,False,False,True,False,False,True,False,True,False
0.5245551361379692,-1.0538788674363053,91609.0,2025,3,8,False,False,True,False,False,False,False,False,False,False,True,False
0.5245551361379692,-1.541276716973919,65793.0,2025,3,8,False,False,True,False,False,False,True,False,False,False,True,False
-0.8762598166720479,-0.7150263494822812,46953.0,2025,3,8,True,False,False,True,False,False,False,True,False,False,False,False
1.575166350745482,0.8053166171881928,271550.0,2025,3,8,True,False,False,False,False,True,False,False,False,True,False,True
-0.5260560784695436,1.5690563602678755,131736.0,2025,3,8,True,False,False,False,False,False,False,False,False,False,True,False
0.8747588743404735,-0.3464383336578764,147520.0,2025,3,8,True,False,False,False,False,True,True,False,False,False,False,True
-1.5766672930770564,0.07712731378465393,21645.0,2025,3,8,False,True,False,False,False,False,False,False,False,False,False,False
1.575166350745482,-1.0158174301622185,133750.0,2025,3,8,False,False,True,True,False,False,True,False,False,False,False,True
-1.2264635548745522,0.7302510047865213,53174.0,2025,3,8,True,False,False,True,False,False,False,False,False,False,False,False
1.2249626125429778,-0.6648063975234164,144279.0,2025,3,8,True,False,False,True,False,False,False,False,False,True,False,True
-0.17585234026703933,2.1830613518491533,187900.0,2025,3,9,False,False,False,False,False,False,True,False,False,False,True,False
-0.17585234026703933,0.03444035461961889,106610.0,2025,3,9,False,True,False,False,False,False,False,False,True,False,True,False
-0.5260560784695436,-1.0677554331091497,51928.0,2025,3,9,False,False,True,False,False,False,False,False,True,False,True,False
0.8747588743404735,-0.4064379604718885,143888.0,2025,3,9,False,True,False,False,False,False,False,False,False,False,False,True
0.17435139793546492,-1.5029509641632066,58134.0,2025,3,9,False,False,True,True,False,False,True,False,False,False,True,False
1.2249626125429778,-1.6105273875698274,79875.0,2025,3,9,False,False,True,True,False,False,False,False,False,True,False,True
1.2249626125429778,-0.37432362277187764,164061.0,2025,3,9,False,True,False,False,False,False,False,False,False,True,False,True
-1.5766672930770564,1.5718316734024442,32955.0,2025,3,9,True,False,False,False,False,True,True,False,False,False,False,False
-1.5766672930770564,-0.31524910033605513,18676.0,2025,3,9,False,True,False,False,False,True,False,False,True,False,False,False
-0.8762598166720479,-0.2375403325681276,57792.0,2025,3,9,True,False,False,False,False,True,False,False,False,False,False,False
0.5245551361379692,-0.23569012381174836,134946.0,2025,3,9,True,False,False,False,False,False,True,False,False,False,True,False
-1.5766672930770564,-0.3850284020052146,18148.0,2025,3,9,False,True,False,False,False,True,False,False,False,True,False,False
-0.17585234026703933,-1.3380180693088297,54685.0,2025,3,9,False,False,True,False,True,False,False,True,False,False,True,False
1.2249626125429778,-0.0847659523985285,183780.0,2025,3,9,True,False,False,False,False,True,False,False,True,False,False,True
0.8747588743404735,1.2472521944262027,243992.0,2025,3,9,True,False,False,False,False,True,True,False,False,False,False,True
-0.17585234026703933,1.6924917158720325,169340.0,2025,3,10,False,False,False,False,False,False,False,False,False,False,True,False
-1.5766672930770564,0.021356735556651494,21223.0,2025,3,10,False,True,False,True,False,False,False,False,False,True,False,False
-1.5766672930770564,-0.6682424994995493,16005.0,2025,3,10,True,False,False,False,False,True,False,False,True,False,False,False
0.5245551361379692,1.3535070401496954,219121.0,2025,3,10,True,False,False,False,True,False,True,False,False,False,True,False
0.17435139793546492,-0.18454506747469399,117990.0,2025,3,10,False,True,False,False,True,False,False,False,False,True,True,False
-0.17585234026703933,-0.5638378625324356,83975.0,2025,3,10,False,True,False,False,False,False,True,False,False,False,True,False
0.8747588743404735,0.44571532960905863,195472.0,2025,3,10,False,True,False,False,False,False,False,False,False,False,False,True
1.575166350745482,1.6338136667411485,320262.5,2025,3,10,False,False,False,True,False,False,False,False,True,False,False,True
1.2249626125429778,-0.554322503213914,151803.0,2025,3,10,True,False,False,False,False,True,False,False,False,False,False,True
-1.5766672930770564,-0.5466573526517714,16925.0,2025,3,10,True,False,False,False,False,True,False,False,False,False,False,False
-1.2264635548745522,0.9683993032861905,56778.0,2025,3,10,True,False,False,False,False,True,False,False,False,True,False,False
-0.17585234026703933,0.5289747236461239,125320.0,2025,3,10,True,False,False,False,False,True,True,False,False,False,True,False
-1.5766672930770564,0.02122457778833869,21222.0,2025,3,10,False,True,False,True,False,False,False,False,False,True,False,False
0.5245551361379692,1.5217438792118922,228032.0,2025,3,10,True,False,False,True,False,False,False,False,False,True,True,False
-1.5766672930770564,0.6652293827766227,26095.0,2025,3,11,True,False,False,False,False,True,False,True,False,False,False,False
0.17435139793546492,-0.6928238444057304,94914.0,2025,3,11,True,False,False,True,False,False,False,False,False,False,True,False
0.17435139793546492,-1.0012800756478102,80910.0,2025,3,11,False,False,True,False,False,True,False,True,False,False,True,False
-1.2264635548745522,-0.8026469498736688,29976.0,2025,3,11,False,False,True,False,True,False,False,False,False,True,False,False
-0.5260560784695436,0.17888879538551145,89660.0,2025,3,11,False,True,False,True,False,False,False,False,True,False,True,False
0.8747588743404735,0.5888421926918231,204136.0,2025,3,11,True,False,False,True,False,False,False,False,False,False,False,True
1.2249626125429778,0.5684898963716517,228267.0,2025,3,11,True,False,False,False,False,False,False,False,False,True,False,True
1.575166350745482,0.33285259546992574,235800.0,2025,3,12,False,True,False,False,False,False,False,True,False,False,False,True
-0.5260560784695436,-0.48692204137438494,69508.0,2025,3,12,True,False,False,False,False,True,False,False,False,True,True,False
0.8747588743404735,-0.5803575835715359,133360.0,2025,3,12,True,False,False,False,False,True,False,False,False,True,False,True
0.17435139793546492,1.1531558633874877,178722.0,2025,3,12,True,False,False,False,True,False,False,True,False,False,True,False
-1.5766672930770564,-0.4010194919710636,18027.0,2025,3,12,False,True,False,False,False,True,False,False,False,False,False,False
-0.8762598166720479,-1.3629958875199493,32244.0,2025,3,12,False,False,True,False,True,False,False,False,False,False,False,False
-0.8762598166720479,0.36126651565717816,71385.0,2025,3,12,False,True,False,True,False,False,False,True,False,False,False,False
-0.17585234026703933,-0.08859852767959975,101955.0,2025,3,12,False,True,False,False,False,True,True,False,False,False,True,False
1.2249626125429778,1.2644327043068668,275661.0,2025,3,12,True,False,False,False,False,False,True,False,False,False,False,True
-0.8762598166720479,1.112847744052083,88446.0,2025,3,12,True,False,False,False,False,False,False,True,False,False,False,False
-0.8762598166720479,1.2554459760615964,91683.0,2025,3,12,True,False,False,False,True,False,False,False,False,False,False,False
1.2249626125429778,-0.7106651431279587,141156.0,2025,3,12,True,False,False,True,False,False,False,False,False,True,False,True
-1.2264635548745522,0.08109204683403799,43350.0,2025,3,12,False,True,False,False,True,False,False,False,True,False,False,False
-1.5766672930770564,1.4897616992801943,32334.0,2025,3,12,True,False,False,False,True,False,False,False,False,True,False,False
-1.2264635548745522,-0.1249419139656203,40232.0,2025,3,13,False,True,False,True,False,False,False,False,False,False,False,False
-0.17585234026703933,0.7667265488408547,134315.0,2025,3,13,True,False,False,False,False,True,False,False,False,True,True,False
0.17435139793546492,0.012502165079693761,126936.0,2025,3,13,False,True,False,False,False,False,False,False,False,False,True,False
-0.17585234026703933,-1.604844603532377,44590.0,2025,3,13,False,False,True,True,False,False,False,False,True,False,True,False
1.575166350745482,1.2419658836936907,304590.0,2025,3,13,True,False,False,True,False,False,False,True,False,False,False,True
-0.17585234026703933,0.9090604653137424,139700.0,2025,3,13,True,False,False,False,False,True,False,False,True,False,True,False
-0.5260560784695436,1.4456210046637183,128000.0,2025,3,13,True,False,False,False,True,False,False,True,False,False,True,False
-1.2264635548745522,0.43329249938765524,48680.0,2025,3,13,False,True,False,False,False,True,False,False,False,False,False,False
-1.2264635548745522,-0.8478449066366471,29292.0,2025,3,13,True,False,False,False,False,True,True,False,False,False,False,False
0.5245551361379692,-1.4214096211142078,72142.0,2025,3,14,False,False,True,True,False,False,True,False,False,False,True,False
-0.8762598166720479,-1.1233938535688393,37683.0,2025,3,14,False,False,True,False,True,False,False,False,False,True,False,False
0.8747588743404735,-0.8737478292259563,115600.0,2025,3,14,False,False,True,True,False,False,False,True,False,False,False,True
-0.17585234026703933,-0.06824623135942824,102725.0,2025,3,14,True,False,False,True,False,False,False,True,False,False,True,False
-1.2264635548745522,1.2562389226714732,61134.0,2025,3,14,True,False,False,False,False,True,False,False,True,False,False,False
-0.17585234026703933,2.0201108235194685,181735.0,2025,3,14,False,False,False,False,False,False,False,True,False,False,True,False
-0.5260560784695436,1.4394095895530168,127812.0,2025,3,14,True,False,False,False,True,False,False,False,True,False,True,False
1.575166350745482,-1.609998756496576,88790.0,2025,3,14,False,False,True,False,False,False,False,False,False,False,False,True
-0.5260560784695436,1.8944287858539939,141584.0,2025,3,14,False,False,False,False,False,False,False,False,False,False,True,False
-1.2264635548745522,2.0964980136042684,73850.0,2025,3,14,False,False,False,True,False,False,False,False,False,False,False,False
1.575166350745482,-1.0315442045914418,132560.0,2025,3,14,False,False,True,False,True,False,False,False,False,True,False,True
-0.5260560784695436,0.2884475853168243,92976.0,2025,3,14,False,True,False,False,False,True,True,False,False,False,True,False
1.575166350745482,-0.12652780718537393,201040.0,2025,3,14,False,True,False,True,False,False,False,False,False,False,False,True
0.17435139793546492,0.31316108799131825,140586.0,2025,3,14,True,False,False,False,True,False,False,False,True,False,True,False
1.2249626125429778,-0.024237694511265187,187902.0,2025,3,15,True,False,False,False,False,False,False,False,False,False,False,True
1.575166350745482,-0.12203444306273865,201380.0,2025,3,15,False,True,False,False,False,True,False,False,False,True,False,True
-1.2264635548745522,-1.369868091472215,21392.0,2025,3,15,False,False,True,True,False,False,True,False,False,False,False,False
-0.17585234026703933,0.44042901887654656,121970.0,2025,3,15,True,False,False,False,False,False,False,False,False,False,True,False
1.2249626125429778,0.8154927653482785,245088.0,2025,3,15,True,False,False,False,False,False,True,False,False,False,False,True
0.8747588743404735,0.22633343420980737,182192.0,2025,3,15,False,True,False,False,False,False,False,False,False,False,False,True
0.17435139793546492,-1.1954198372993163,72096.0,2025,3,16,False,False,True,False,False,False,True,False,False,False,True,False
1.2249626125429778,1.0537732216162605,261315.0,2025,3,16,True,False,False,False,True,False,True,False,False,False,False,True
-0.8762598166720479,-0.5136179105735709,51525.0,2025,3,16,True,False,False,False,True,False,False,False,False,False,False,False
0.8747588743404735,0.17862447984888585,179304.0,2025,3,16,False,True,False,False,True,False,False,True,False,False,False,True
1.2249626125429778,0.841263530169275,246843.0,2025,3,16,True,False,False,False,False,True,True,False,False,False,False,True
-1.2264635548745522,2.077995926040476,73570.0,2025,3,16,False,False,False,False,True,False,False,False,False,True,False,False
1.2249626125429778,-0.08066906158083163,184059.0,2025,3,16,False,True,False,False,False,False,False,False,False,True,False,True
-0.5260560784695436,0.7167709124186155,105940.0,2025,3,17,True,False,False,True,False,False,False,True,False,False,True,False
0.5245551361379692,-1.159605082086547,86009.0,2025,3,17,False,False,True,False,True,False,False,False,True,False,True,False
-0.5260560784695436,-1.4297355605179143,40972.0,2025,3,17,False,False,True,False,False,True,True,False,False,False,True,False
0.17435139793546492,-1.2559480951865796,69348.0,2025,3,17,False,False,True,False,True,False,False,False,True,False,True,False
-0.5260560784695436,0.2555403010069366,91980.0,2025,3,17,False,True,False,True,False,False,True,False,False,False,True,False
-0.17585234026703933,-0.7010176260411242,78785.0,2025,3,17,True,False,False,False,True,False,False,False,True,False,True,False
-0.8762598166720479,-0.2905355976615612,56589.0,2025,3,18,False,True,False,True,False,False,False,False,False,False,False,False
-1.5766672930770564,-0.00362108265446808,21034.0,2025,3,18,False,True,False,False,False,False,False,True,False,False,False,False
0.5245551361379692,-1.268370925407983,80248.0,2025,3,18,False,False,True,False,False,True,False,True,False,False,True,False
-1.2264635548745522,1.2558424493665348,61128.0,2025,3,18,True,False,False,False,True,False,False,False,False,False,False,False
0.17435139793546492,-0.4577151745772557,105588.0,2025,3,18,True,False,False,False,False,True,False,False,False,False,True,False
-1.2264635548745522,-0.5370098355649369,33996.0,2025,3,18,True,False,False,False,False,True,True,False,False,False,False,False
-1.5766672930770564,-0.7963033769946544,15036.0,2025,3,18,True,False,False,False,False,True,True,False,False,False,False,False
-0.17585234026703933,1.7232844758889154,170505.0,2025,3,18,False,False,False,False,False,False,False,False,False,True,True,False
-0.5260560784695436,-0.6036173507945891,65976.0,2025,3,18,True,False,False,False,True,False,True,False,False,False,True,False
1.2249626125429778,-0.31379536488461435,168183.0,2025,3,18,True,False,False,False,True,False,True,False,False,False,False,True
-1.5766672930770564,-0.7586384130255058,15321.0,2025,3,18,True,False,False,False,False,False,False,False,True,False,False,False
-0.17585234026703933,-1.2321596968902753,58690.0,2025,3,18,False,False,True,True,False,False,False,True,False,False,True,False
-1.2264635548745522,-0.29740780161382685,37622.0,2025,3,18,False,True,False,True,False,False,False,True,False,False,False,False
0.5245551361379692,-0.5175826436229549,120015.0,2025,3,18,False,True,False,True,False,False,False,False,True,False,True,False
1.2249626125429778,1.566016731596681,296199.0,2025,3,19,True,False,False,True,False,False,True,False,False,False,False,True
-0.5260560784695436,0.2420602086390308,91572.0,2025,3,19,False,True,False,False,False,True,True,False,False,False,True,False
-1.5766672930770564,-0.3074517920055998,18735.0,2025,3,19,True,False,False,False,False,False,False,False,False,False,False,False
0.17435139793546492,-0.7493873692436096,92346.0,2025,3,19,True,False,False,True,False,False,False,True,False,False,True,False
0.17435139793546492,-0.647758045411065,96960.0,2025,3,19,True,False,False,True,False,False,False,True,False,False,True,False
0.8747588743404735,0.2103423442439583,181224.0,2025,3,19,False,True,False,False,False,True,False,False,False,True,False,True
-1.2264635548745522,1.0265487213438234,57658.0,2025,3,19,True,False,False,True,False,False,False,False,False,True,False,False
0.5245551361379692,-0.09428131171705023,142436.0,2025,3,19,False,True,False,False,False,True,True,False,False,False,True,False
0.8747588743404735,1.7744295322259698,275904.0,2025,3,20,False,False,False,True,False,False,False,False,True,False,False,True
1.2249626125429778,-0.8182415665345795,133830.0,2025,3,20,False,False,True,True,False,False,False,False,False,False,False,True
-1.5766672930770564,-0.2975399593821397,18810.0,2025,3,20,False,True,False,False,False,True,False,False,False,True,False,False
1.2249626125429778,-1.3729077201434094,96057.0,2025,3,20,False,False,True,True,False,False,False,False,False,True,False,True
-1.2264635548745522,0.70236571567252,52752.0,2025,3,20,True,False,False,False,True,False,False,False,True,False,False,False
1.575166350745482,-0.5654237557521893,167830.0,2025,3,20,True,False,False,False,False,False,False,True,False,False,False,True
1.2249626125429778,1.2413050948521265,274086.0,2025,3,20,True,False,False,True,False,False,False,False,False,True,False,True
0.17435139793546492,-0.5342345224303681,102114.0,2025,3,20,True,False,False,False,True,False,False,True,False,False,True,False
1.2249626125429778,-1.724843857160401,72090.0,2025,3,21,False,False,True,False,False,True,False,False,False,False,False,True
-1.5766672930770564,0.14558503777068535,22163.0,2025,3,21,False,True,False,False,False,True,False,False,False,False,False,False
-0.5260560784695436,-0.211901725515444,77832.0,2025,3,21,False,True,False,False,False,True,True,False,False,False,True,False
-0.17585234026703933,-0.7848056511514405,75615.0,2025,3,21,True,False,False,False,False,False,False,False,False,False,True,False
1.2249626125429778,-0.4385522981718994,159687.0,2025,3,21,True,False,False,False,False,True,True,False,False,False,False,True
-0.5260560784695436,0.9403818564038765,112708.0,2025,3,21,True,False,False,True,False,False,True,False,False,False,True,False
0.5245551361379692,-0.13273922229607563,140399.0,2025,3,21,True,False,False,True,False,False,False,False,False,True,True,False
-1.5766672930770564,0.21206039523202475,22666.0,2025,3,21,False,True,False,False,False,True,False,True,False,False,False,False
1.2249626125429778,-1.4249778808586533,92511.0,2025,3,21,False,False,True,True,False,False,False,False,False,True,False,True
0.17435139793546492,1.0380464471870372,173496.0,2025,3,21,True,False,False,False,False,True,False,False,False,True,True,False
0.8747588743404735,-1.5792059964796932,72896.0,2025,3,21,False,False,True,True,False,False,False,False,True,False,False,True
-0.17585234026703933,1.7905527799601315,173050.0,2025,3,21,False,False,False,False,True,False,False,False,False,False,True,False
1.2249626125429778,-1.5965186641286704,80829.0,2025,3,21,False,False,True,False,True,False,False,False,False,False,False,True
-1.5766672930770564,0.4759794585526903,24663.0,2025,3,21,True,False,False,False,False,False,False,True,False,False,False,False
1.2249626125429778,0.16131181219990878,200538.0,2025,3,21,False,True,False,False,True,False,True,False,False,False,False,True
1.2249626125429778,0.3684030351460695,214641.0,2025,3,22,False,True,False,True,False,False,False,False,False,True,False,True
-0.5260560784695436,-1.4728189929878877,39668.0,2025,3,22,False,False,True,False,False,True,False,False,False,False,True,False
0.8747588743404735,0.7428059927762375,213456.0,2025,3,22,True,False,False,False,True,False,False,False,False,True,False,True
-0.5260560784695436,-1.0562577072659358,52276.0,2025,3,22,True,False,False,False,True,False,True,False,False,False,True,False
0.17435139793546492,-0.8564351615769793,87486.0,2025,3,22,True,False,False,True,False,False,False,False,True,False,True,False
1.2249626125429778,-1.3236128725627343,99414.0,2025,3,22,False,False,True,True,False,False,False,True,False,False,False,True
-0.17585234026703933,1.097517442927798,146830.0,2025,3,22,True,False,False,False,True,False,False,False,False,True,True,False
-0.8762598166720479,-0.8136160446436314,44715.0,2025,3,22,True,False,False,False,True,False,True,False,False,False,False,False
0.17435139793546492,-0.18150543880349954,118128.0,2025,3,22,True,False,False,True,False,False,False,True,False,False,True,False
-0.17585234026703933,-0.3663941566731095,91445.0,2025,3,22,True,False,False,False,True,False,False,False,True,False,True,False
0.8747588743404735,-0.02846674309727485,166768.0,2025,3,22,True,False,False,False,False,False,False,False,True,False,False,True
-0.5260560784695436,-0.23185754853067708,77228.0,2025,3,22,False,True,False,False,False,False,False,False,False,True,True,False
-1.2264635548745522,-1.6618046016751944,16974.0,2025,3,23,False,False,True,True,False,False,True,False,False,False,False,False
-1.2264635548745522,0.41254372976254533,48366.0,2025,3,23,True,False,False,False,False,True,False,False,False,True,False,False
0.8747588743404735,-1.6957691481315846,65840.0,2025,3,23,False,False,True,True,False,False,False,True,False,False,False,True
-0.17585234026703933,-0.047233146197692734,103520.0,2025,3,23,False,True,False,True,False,False,False,True,False,False,True,False
-0.8762598166720479,-1.0578436004856895,39171.0,2025,3,23,False,False,True,False,True,False,False,False,False,False,False,False
-0.8762598166720479,0.45694873991564683,73557.0,2025,3,23,True,False,False,False,False,False,False,False,True,False,False,False
-0.5260560784695436,0.442807858706177,97648.0,2025,3,23,True,False,False,True,False,False,False,False,True,False,True,False
1.2249626125429778,-1.0096060150515167,120798.0,2025,3,23,True,False,False,False,True,False,False,True,False,False,False,True
1.2249626125429778,-0.20172557735535823,175815.0,2025,3,24,False,True,False,False,True,False,False,False,False,False,False,True
-1.5766672930770564,0.37382150364689437,23890.0,2025,3,24,False,True,False,False,True,False,False,True,False,False,False,False
0.5245551361379692,-1.2404856362939818,81725.0,2025,3,24,False,False,True,False,False,True,False,False,True,False,True,False
-1.5766672930770564,-1.4274888784565967,10260.0,2025,3,24,False,False,True,False,False,False,False,True,False,False,False,False
0.5245551361379692,-0.522208165513903,119770.0,2025,3,24,False,True,False,False,True,False,True,False,False,False,True,False
-0.5260560784695436,1.3599827707970227,125408.0,2025,3,24,True,False,False,False,True,False,False,False,True,False,True,False
0.8747588743404735,1.4320087545274998,255176.0,2025,3,24,True,False,False,False,False,False,False,False,True,False,False,True
-1.2264635548745522,-0.13313569560101401,40108.0,2025,3,24,True,False,False,False,False,True,False,True,False,False,False,False
1.575166350745482,0.9302057082437907,281000.0,2025,3,24,True,False,False,False,True,False,False,False,False,False,False,True
0.8747588743404735,-0.3078482653105382,149856.0,2025,3,25,False,True,False,False,False,True,False,False,True,False,False,True
-0.8762598166720479,1.7511697650029165,102936.0,2025,3,25,False,False,False,False,True,False,False,False,True,False,False,False
1.2249626125429778,0.27179570650941126,208062.0,2025,3,25,False,True,False,False,True,False,True,False,False,False,False,True
-1.2264635548745522,1.999758527199297,72386.0,2025,3,25,False,False,False,True,False,False,False,True,False,False,False,False
-1.2264635548745522,-1.4348897134821135,20408.0,2025,3,25,False,False,True,False,False,False,False,False,False,True,False,False
0.5245551361379692,0.37725760562302724,167412.0,2025,3,25,True,False,False,True,False,False,False,False,True,False,True,False
-0.8762598166720479,0.18774336586246917,67446.0,2025,3,25,False,True,False,False,True,False,False,False,False,False,False,False
0.8747588743404735,-0.3909755015792907,144824.0,2025,3,25,True,False,False,False,False,False,False,True,False,False,False,True
-0.8762598166720479,-0.424807890267368,53541.0,2025,3,26,True,False,False,False,False,False,False,False,False,True,False,False
-0.8762598166720479,-1.071588008390221,38859.0,2025,3,26,False,False,True,False,False,True,False,False,True,False,False,False
-1.5766672930770564,-0.5129571217320069,17180.0,2025,3,26,False,True,False,False,False,False,False,True,False,False,False,False
1.575166350745482,0.15179645288138705,222100.0,2025,3,26,False,True,False,False,True,False,False,True,False,False,False,True
1.575166350745482,-0.37498441161344165,182240.0,2025,3,26,True,False,False,False,False,False,False,False,False,False,False,True
-0.8762598166720479,1.9845603838433248,108234.0,2025,3,26,False,False,False,False,True,False,False,True,False,False,False,False
0.5245551361379692,-1.0796496322573017,90244.0,2025,3,26,False,False,True,False,False,False,False,False,True,False,True,False
-0.8762598166720479,0.3687995084510079,71556.0,2025,3,26,False,True,False,True,False,False,False,False,True,False,False,False
1.575166350745482,1.9026225674893877,320262.5,2025,3,26,False,False,False,False,True,False,False,True,False,False,False,True
0.17435139793546492,0.6448770864564513,155646.0,2025,3,26,True,False,False,False,False,False,False,False,True,False,True,False
-1.5766672930770564,-0.5267015296365383,17076.0,2025,3,26,False,True,False,False,True,False,False,False,True,False,False,False
0.17435139793546492,-0.48401457047150326,104394.0,2025,3,27,True,False,False,False,True,False,False,True,False,False,True,False
1.2249626125429778,-0.23093244415248748,173826.0,2025,3,27,False,True,False,False,False,False,True,False,False,False,False,True
0.5245551361379692,-1.4498235413014602,70637.0,2025,3,27,False,False,True,True,False,False,True,False,False,False,True,False
1.2249626125429778,-0.2128268298936336,175059.0,2025,3,27,False,True,False,False,False,True,False,True,False,False,False,True
0.5245551361379692,1.6413466595349782,234367.0,2025,3,27,False,False,False,False,True,False,True,False,False,False,True,False
-0.17585234026703933,-1.3885023368043201,52775.0,2025,3,27,False,False,True,True,False,False,False,False,False,True,True,False
1.2249626125429778,-0.4191251062299175,161010.0,2025,3,27,True,False,False,True,False,False,True,False,False,False,False,True
1.575166350745482,-0.9468310751029358,138970.0,2025,3,27,True,False,False,False,True,False,False,False,False,False,False,True
1.575166350745482,0.8702060814297786,276460.0,2025,3,27,True,False,False,False,False,True,False,False,True,False,False,True
-0.17585234026703933,-0.6217229650534429,81785.0,2025,3,27,False,True,False,False,True,False,False,False,False,False,True,False
1.2249626125429778,-0.18639527623107321,176859.0,2025,3,27,False,True,False,True,False,False,True,False,False,False,False,True
-0.5260560784695436,-1.1089886568227438,50680.0,2025,3,27,False,False,True,False,False,True,False,False,False,True,True,False
-0.17585234026703933,-1.174274594369268,60880.0,2025,3,27,False,False,True,True,False,False,False,False,False,True,True,False
-1.5766672930770564,2.1235903561083926,37130.0,2025,3,27,False,False,False,False,False,True,False,False,True,False,False,False
1.2249626125429778,0.039462349815505365,192240.0,2025,3,28,False,True,False,False,False,False,False,False,False,True,False,True
-0.8762598166720479,-0.5087280731459972,51636.0,2025,3,28,False,True,False,False,True,False,False,True,False,False,False,False
-0.8762598166720479,-0.8496951153930263,43896.0,2025,3,28,True,False,False,True,False,False,False,True,False,False,False,False
0.17435139793546492,-0.3130024182747375,112158.0,2025,3,28,True,False,False,False,True,False,False,True,False,False,True,False
-1.5766672930770564,-0.07432548870181714,20499.0,2025,3,28,False,True,False,False,True,False,False,False,True,False,False,False
1.2249626125429778,-1.3181944040619094,99783.0,2025,3,28,False,False,True,False,False,True,False,False,False,True,False,True
0.8747588743404735,-0.4098740624480214,143680.0,2025,3,28,False,True,False,False,True,False,True,False,False,False,False,True
-1.5766672930770564,-0.11014024391458647,20228.0,2025,3,28,True,False,False,False,True,False,False,False,True,False,False,False
0.5245551361379692,-1.0626012801449503,91147.0,2025,3,29,True,False,False,False,True,False,True,False,False,False,True,False
0.5245551361379692,-0.45084297062498996,123550.0,2025,3,29,True,False,False,False,False,True,False,True,False,False,True,False
0.8747588743404735,-1.2436574227334891,93208.0,2025,3,29,False,False,True,True,False,False,True,False,False,False,False,True
1.575166350745482,-1.2284592793775169,117660.0,2025,3,29,False,False,True,False,True,False,False,False,False,False,False,True
1.2249626125429778,-0.3042800055660926,168831.0,2025,3,29,True,False,False,False,False,False,True,False,False,False,False,True
1.2249626125429778,-0.6050710862460299,148347.0,2025,3,29,True,False,False,True,False,False,False,False,False,True,False,True
-0.5260560784695436,-0.625026909261263,65328.0,2025,3,29,False,True,False,False,True,False,False,False,True,False,True,False
1.575166350745482,0.15298587279620227,222190.0,2025,3,29,False,True,False,False,False,False,False,True,False,False,False,True
0.5245551361379692,-0.011814864289861803,146804.0,2025,3,29,False,True,False,False,True,False,False,True,False,False,True,False
-1.2264635548745522,-0.4988162405225371,34574.0,2025,3,30,True,False,False,False,True,False,False,False,False,True,False,False
1.575166350745482,-0.4643230629928958,175480.0,2025,3,30,True,False,False,False,False,False,False,False,False,True,False,True
1.2249626125429778,1.070160784887048,262431.0,2025,3,30,True,False,False,False,False,False,False,True,False,False,False,True
-0.5260560784695436,-0.38767155737147063,72512.0,2025,3,30,True,False,False,False,True,False,False,False,True,False,True,False
-0.5260560784695436,1.2676044907463742,122612.0,2025,3,30,True,False,False,False,False,True,False,False,False,True,True,False
0.5245551361379692,-0.6365246351044768,113715.0,2025,3,30,False,True,False,True,False,False,False,False,False,True,True,False
1.575166350745482,-0.011550548753236198,209740.0,2025,3,30,False,True,False,False,False,False,False,False,False,True,False,True
-0.17585234026703933,0.03325093470480367,106565.0,2025,3,30,False,True,False,True,False,False,False,False,False,False,True,False
-1.5766672930770564,-1.358502523397314,10782.0,2025,3,30,False,False,True,False,True,False,True,False,False,False,False,False
-0.17585234026703933,-1.4445372305689481,50655.0,2025,3,30,False,False,True,False,False,True,True,False,False,False,True,False
1.2249626125429778,-0.9007080139617679,128214.0,2025,3,30,True,False,False,False,False,True,False,True,False,False,False,True
0.8747588743404735,-1.0804425788671785,103088.0,2025,3,30,False,False,True,False,False,False,False,False,True,False,False,True
-0.8762598166720479,-0.6325599020550927,48825.0,2025,3,31,False,True,False,False,False,False,True,False,False,False,False,False
0.8747588743404735,-0.7817660224802462,121168.0,2025,3,31,True,False,False,False,False,False,False,True,False,False,False,True
-0.5260560784695436,1.965793980742907,143744.0,2025,3,31,False,False,False,False,False,True,False,False,False,False,True,False
-0.8762598166720479,0.4967282281778002,74460.0,2025,3,31,True,False,False,False,False,False,False,False,False,False,False,False
-1.5766672930770564,-0.35000659340232204,18413.0,2025,3,31,True,False,False,False,True,False,False,True,False,False,False,False
-1.2264635548745522,0.20161993153531338,45174.0,2025,3,31,False,True,False,False,False,True,True,False,False,False,False,False
-1.2264635548745522,1.511303415515181,64994.0,2025,3,31,True,False,False,False,True,False,False,False,False,False,False,False
0.17435139793546492,-1.0873147828194443,77004.0,2025,4,1,False,False,True,False,True,False,False,False,False,True,True,False
-1.2264635548745522,-0.6346744263480976,32518.0,2025,4,1,False,True,False,False,True,False,False,False,False,False,False,False
-0.8762598166720479,-0.16749671536234254,59382.0,2025,4,1,False,True,False,False,True,False,False,False,False,True,False,False
0.5245551361379692,-0.6435289968250553,113344.0,2025,4,1,False,True,False,False,True,False,False,False,True,False,True,False
1.2249626125429778,-1.199648885885326,107856.0,2025,4,1,False,False,True,False,False,True,False,False,False,False,False,True
-1.5766672930770564,-0.9682406335696098,13735.0,2025,4,1,True,False,False,False,False,True,False,True,False,False,False,False
0.5245551361379692,-0.33031508592371456,129934.0,2025,4,2,False,True,False,False,False,False,False,False,True,False,True,False
-1.5766672930770564,-1.175596172052396,12166.0,2025,4,2,False,False,True,False,False,False,False,False,True,False,False,False
0.5245551361379692,2.0489212170116593,255955.0,2025,4,2,False,False,False,False,False,False,False,True,False,False,True,False
-0.17585234026703933,0.6694584313626324,130635.0,2025,4,2,True,False,False,False,True,False,False,False,False,True,True,False
-0.8762598166720479,-0.9858176167552124,40806.0,2025,4,2,False,False,True,True,False,False,False,True,False,False,False,False
0.5245551361379692,0.2834255901209378,162442.0,2025,4,2,True,False,False,False,True,False,True,False,False,False,True,False
0.17435139793546492,-0.8092548382893089,89628.0,2025,4,2,True,False,False,False,True,False,False,False,False,True,True,False
-0.17585234026703933,0.39205927567406107,120140.0,2025,4,3,False,True,False,False,False,True,False,False,False,True,True,False
0.17435139793546492,0.4640852594045381,147438.0,2025,4,3,False,True,False,True,False,False,False,False,True,False,True,False
0.5245551361379692,2.156629798186593,261660.0,2025,4,3,False,False,False,False,False,True,False,True,False,False,True,False
-1.2264635548745522,1.053508906079635,58066.0,2025,4,3,True,False,False,True,False,False,False,True,False,False,False,False
0.8747588743404735,-0.6648063975234164,128248.0,2025,4,3,False,True,False,True,False,False,False,False,False,False,False,True
0.17435139793546492,-0.23569012381174836,115668.0,2025,4,3,False,True,False,False,False,True,False,True,False,False,True,False
-1.2264635548745522,0.7346122111408437,53240.0,2025,4,3,True,False,False,True,False,False,True,False,False,False,False,False
1.2249626125429778,1.8695831254111872,316872.0,2025,4,3,False,False,False,False,False,False,False,False,False,False,False,True
-1.2264635548745522,1.7505089761613526,68614.0,2025,4,3,False,False,False,False,True,False,False,True,False,False,False,False
-1.5766672930770564,0.9565051041380382,28299.0,2025,4,3,True,False,False,True,False,False,False,False,True,False,False,False
-0.17585234026703933,-1.184318584761041,60500.0,2025,4,3,False,False,True,True,False,False,False,False,False,True,True,False
-0.8762598166720479,-1.2071818786791557,35781.0,2025,4,3,False,False,True,False,False,False,False,False,False,True,False,False
-1.5766672930770564,0.5887100349235104,25516.0,2025,4,4,True,False,False,True,False,False,False,False,False,False,False,False
-0.8762598166720479,-1.606694812288756,26712.0,2025,4,4,False,False,True,False,False,True,False,False,True,False,False,False
0.5245551361379692,1.1905565118200105,210490.0,2025,4,4,True,False,False,False,False,False,False,True,False,False,True,False
-0.17585234026703933,1.539320862397495,163545.0,2025,4,4,True,False,False,False,False,True,False,False,True,False,True,False
-0.17585234026703933,-0.36256158139203826,91590.0,2025,4,4,False,True,False,False,True,False,False,False,True,False,True,False
1.575166350745482,-0.531591367064112,170390.0,2025,4,4,True,False,False,False,False,True,True,False,False,False,False,True
-1.2264635548745522,-1.1511469849145277,24702.0,2025,4,4,False,False,True,False,False,True,False,False,False,False,False,False
-1.5766672930770564,0.3241301827612808,23514.0,2025,4,4,False,True,False,False,False,True,False,False,False,True,False,False
1.575166350745482,1.2282214757891592,303550.0,2025,4,5,True,False,False,False,False,True,False,False,True,False,False,True
1.2249626125429778,-1.4260351430051557,92439.0,2025,4,5,False,False,True,True,False,False,True,False,False,False,False,True
0.5245551361379692,-0.23027165531092347,135233.0,2025,4,5,True,False,False,False,False,False,False,False,True,False,True,False
-1.2264635548745522,1.026020090270572,57650.0,2025,4,5,True,False,False,False,True,False,False,True,False,False,False,False
-0.8762598166720479,-0.6637491353769139,48117.0,2025,4,5,True,False,False,False,False,False,False,True,False,False,False,False
-1.2264635548745522,0.45800600206214925,49054.0,2025,4,5,True,False,False,False,False,True,False,False,True,False,False,False
0.5245551361379692,-1.0102668038930807,93919.0,2025,4,5,True,False,False,False,False,False,True,False,False,False,True,False
0.5245551361379692,-1.721672070720894,56238.0,2025,4,5,False,False,True,False,False,True,False,False,False,False,True,False
1.2249626125429778,-0.6485509920209417,145386.0,2025,4,6,True,False,False,False,True,False,False,False,True,False,False,True
-0.8762598166720479,-0.07273959548206352,61533.0,2025,4,6,False,True,False,False,False,True,False,False,True,False,False,False
0.8747588743404735,0.19157594114354043,180088.0,2025,4,6,False,True,False,False,True,False,False,False,True,False,False,True
-0.17585234026703933,-1.0303547846766266,66325.0,2025,4,6,True,False,False,False,True,False,False,True,False,False,True,False
0.8747588743404735,0.3825439163555393,191648.0,2025,4,6,True,False,False,False,False,True,False,False,True,False,False,True
-1.2264635548745522,2.216100793927354,75660.0,2025,4,6,False,False,False,True,False,False,True,False,False,False,False,False
-1.5766672930770564,-0.5553797653604163,16859.0,2025,4,6,False,True,False,True,False,False,False,True,False,False,False,False
-1.5766672930770564,0.14465993339249575,22156.0,2025,4,7,False,True,False,False,False,False,False,False,True,False,False,False
-0.17585234026703933,0.10051923877601988,109110.0,2025,4,7,False,True,False,False,False,False,False,False,False,True,True,False
-1.2264635548745522,-0.5855117365357352,33262.0,2025,4,7,True,False,False,False,False,True,False,False,False,False,False,False
-0.5260560784695436,1.2825383185657209,123064.0,2025,4,7,True,False,False,False,False,True,False,False,True,False,True,False
0.8747588743404735,-0.48877225013076414,138904.0,2025,4,7,True,False,False,True,False,False,True,False,False,False,False,True
0.8747588743404735,-0.5199614834525854,137016.0,2025,4,7,True,False,False,True,False,False,True,False,False,False,False,True
-0.5260560784695436,-0.16234256239814326,79332.0,2025,4,7,True,False,False,False,True,False,False,False,False,False,True,False
0.5245551361379692,-1.0356410954091386,92575.0,2025,4,7,True,False,False,False,True,False,True,False,False,False,True,False
-0.8762598166720479,1.718262480693029,102189.0,2025,4,7,False,False,False,False,False,True,True,False,False,False,False,False
0.5245551361379692,-0.1326070645277628,140406.0,2025,4,7,False,True,False,True,False,False,False,False,False,False,True,False
-0.5260560784695436,-1.200970463568454,47896.0,2025,4,8,False,False,True,False,False,False,False,True,False,False,True,False
0.8747588743404735,-0.21507351195495125,155472.0,2025,4,8,True,False,False,False,True,False,False,False,True,False,False,True
-0.17585234026703933,-0.8696509384082595,72405.0,2025,4,8,False,False,True,False,True,False,True,False,False,False,True,False
0.17435139793546492,1.4209075019892243,190878.0,2025,4,8,True,False,False,False,True,False,False,False,True,False,True,False
-0.17585234026703933,-1.1445390964988875,62005.0,2025,4,8,False,False,True,False,False,True,False,True,False,False,True,False
0.5245551361379692,0.06126838158711769,150675.0,2025,4,8,False,True,False,False,False,True,False,False,True,False,True,False
-1.5766672930770564,0.011577060701504148,21149.0,2025,4,9,False,True,False,True,False,False,True,False,False,False,False,False
0.8747588743404735,1.1979573468455276,241008.0,2025,4,9,True,False,False,True,False,False,False,False,False,False,False,True
0.5245551361379692,-0.18996353597551888,137368.0,2025,4,9,True,False,False,False,False,False,False,False,True,False,True,False
1.575166350745482,-0.5408424108460081,169690.0,2025,4,9,False,True,False,False,False,True,True,False,False,False,False,True
-0.8762598166720479,1.0137294178174816,86196.0,2025,4,9,True,False,False,False,False,False,False,False,True,False,False,False
0.5245551361379692,-0.7426473230596567,108094.0,2025,4,9,True,False,False,False,False,True,False,False,False,False,True,False
-1.5766672930770564,-0.5454679327369562,16934.0,2025,4,9,True,False,False,False,True,False,False,True,False,False,False,False
0.17435139793546492,-0.09005226313104057,122280.0,2025,4,9,False,True,False,False,False,False,False,True,False,False,True,False
-0.5260560784695436,0.37791839446459125,95684.0,2025,4,9,True,False,False,False,False,True,True,False,False,False,True,False
-0.17585234026703933,-0.87533372244571,72190.0,2025,4,9,False,False,True,False,False,False,True,False,False,False,True,False
-0.5260560784695436,-1.0398701439951483,52772.0,2025,4,9,True,False,False,False,True,False,False,False,False,True,True,False
1.575166350745482,-0.5881548919019912,166110.0,2025,4,10,False,True,False,False,True,False,False,False,False,True,False,True
-1.5766672930770564,0.019242211263646662,21207.0,2025,4,10,False,True,False,False,True,False,False,False,False,True,False,False
0.5245551361379692,-0.5498291390912786,118307.0,2025,4,10,True,False,False,False,False,False,True,False,False,False,True,False
-0.17585234026703933,-0.2313289174574259,96555.0,2025,4,10,False,True,False,False,False,True,False,True,False,False,True,False
0.17435139793546492,-0.1526950453113087,119436.0,2025,4,10,False,True,False,False,False,False,True,False,False,False,True,False
-1.2264635548745522,-1.0620726490716992,26050.0,2025,4,10,True,False,False,False,False,False,False,False,True,False,False,False
0.8747588743404735,0.7114846016861034,211560.0,2025,4,11,True,False,False,False,False,False,False,True,False,False,False,True
1.2249626125429778,2.211343114268093,320262.5,2025,4,11,False,False,False,True,False,False,False,False,True,False,False,True
0.8747588743404735,1.1840807811726832,240168.0,2025,4,11,True,False,False,False,False,False,False,False,False,True,False,True
-0.8762598166720479,-0.4743670533846687,52416.0,2025,4,11,True,False,False,False,True,False,False,False,False,False,False,False
0.17435139793546492,1.6842979342366389,202836.0,2025,4,11,False,False,False,False,False,True,False,True,False,False,True,False
0.17435139793546492,0.20465956020650783,135660.0,2025,4,11,False,True,False,True,False,False,True,False,False,False,True,False
0.17435139793546492,1.1979573468455276,180756.0,2025,4,12,True,False,False,False,False,True,False,False,False,False,True,False
1.575166350745482,-0.16895045081378335,197830.0,2025,4,12,True,False,False,False,False,True,False,True,False,False,False,True
-1.5766672930770564,-0.5027809735719212,17257.0,2025,4,12,False,True,False,False,False,False,False,False,False,True,False,False
0.17435139793546492,-0.3656012100632327,109770.0,2025,4,12,False,True,False,True,False,False,False,False,False,False,True,False
-0.8762598166720479,1.617426103470361,99900.0,2025,4,12,False,False,False,False,False,False,False,False,True,False,False,False
-1.2264635548745522,1.6072499553102753,66446.0,2025,4,12,False,False,False,True,False,False,False,True,False,False,False,False
0.8747588743404735,-1.5936111932257886,72024.0,2025,4,13,False,False,True,False,False,False,False,False,False,False,False,True
0.8747588743404735,0.8316160130824404,218832.0,2025,4,13,True,False,False,False,False,True,False,False,False,False,False,True
-0.5260560784695436,-0.5631770736908717,67200.0,2025,4,13,True,False,False,True,False,False,False,False,False,True,True,False
-0.5260560784695436,0.8300301198626868,109368.0,2025,4,13,True,False,False,False,True,False,False,True,False,False,True,False
-0.17585234026703933,1.656676960659263,167985.0,2025,4,13,False,False,False,False,False,False,True,False,False,False,True,False
-0.8762598166720479,1.9927541654787186,108420.0,2025,4,14,False,False,False,False,True,False,False,True,False,False,False,False
-0.8762598166720479,-0.0448543063680623,62166.0,2025,4,14,False,True,False,False,False,False,False,False,False,False,False,False
0.5245551361379692,-1.5665188507216643,64456.0,2025,4,14,False,False,True,True,False,False,False,True,False,False,True,False
1.2249626125429778,-1.401189482562349,94131.0,2025,4,14,False,False,True,False,True,False,False,False,False,False,False,True
0.5245551361379692,-0.39758338999493076,126371.0,2025,4,14,False,True,False,False,False,True,False,False,True,False,True,False
0.5245551361379692,1.801654032498407,242858.0,2025,4,14,False,False,False,False,False,True,False,False,False,False,True,False
-0.5260560784695436,-0.6991674172847449,63084.0,2025,4,14,True,False,False,False,False,True,True,False,False,False,True,False
0.8747588743404735,-0.21692372071133048,155360.0,2025,4,14,False,True,False,False,False,True,False,False,False,True,False,True
-0.8762598166720479,-0.16881829304547055,59352.0,2025,4,14,False,True,False,True,False,False,True,False,False,False,False,False
1.575166350745482,1.634077982277774,320262.5,2025,4,14,False,False,False,True,False,False,False,False,True,False,False,True
1.2249626125429778,-1.300353105339681,100998.0,2025,4,15,False,False,True,False,False,True,False,True,False,False,False,True
0.17435139793546492,-0.26780446151175924,114210.0,2025,4,15,True,False,False,False,False,True,False,False,False,True,True,False
0.17435139793546492,-0.6414144725320504,97248.0,2025,4,15,True,False,False,False,False,True,False,False,False,False,True,False
1.575166350745482,0.3123681413814414,234250.0,2025,4,15,False,True,False,False,True,False,False,False,False,True,False,True
0.8747588743404735,0.05981464613567687,172112.0,2025,4,15,False,True,False,False,False,False,False,False,True,False,False,True
-0.5260560784695436,1.2652256509167437,122540.0,2025,4,15,True,False,False,True,False,False,False,False,False,False,True,False
0.8747588743404735,-0.12745291156356353,160776.0,2025,4,15,True,False,False,True,False,False,False,False,False,False,False,True
0.17435139793546492,1.1926710361130155,180516.0,2025,4,15,True,False,False,False,False,True,False,False,False,False,True,False
1.575166350745482,-1.035508937640826,132260.0,2025,4,15,True,False,False,False,False,True,True,False,False,False,False,True
-0.8762598166720479,-0.9456416551881206,41718.0,2025,4,16,False,False,True,False,False,True,False,False,False,False,False,False
0.8747588743404735,-1.2386354275376026,93512.0,2025,4,16,False,False,True,False,False,True,False,False,True,False,False,True
-0.8762598166720479,-1.302467629632686,33618.0,2025,4,16,False,False,True,True,False,False,False,False,True,False,False,False
-1.2264635548745522,-0.5622519693126821,33614.0,2025,4,16,True,False,False,False,False,False,False,False,False,False,False,False
1.575166350745482,-0.5383314132480649,169880.0,2025,4,16,False,True,False,True,False,False,False,False,True,False,False,True
-0.8762598166720479,-0.6070534527707219,49404.0,2025,4,16,False,True,False,False,False,False,False,True,False,False,False,False
1.2249626125429778,-0.0019030316664016543,189423.0,2025,4,16,False,True,False,False,True,False,False,False,False,True,False,True
1.2249626125429778,0.6936433029638751,236790.0,2025,4,16,True,False,False,False,False,True,False,False,True,False,False,True
-0.8762598166720479,1.0290597189417665,86544.0,2025,4,16,True,False,False,True,False,False,True,False,False,False,False,False
1.575166350745482,0.053603231024975176,214670.0,2025,4,17,False,True,False,False,False,True,False,False,True,False,False,True
0.5245551361379692,-0.8462590134168935,102606.0,2025,4,17,False,False,True,False,True,False,False,False,True,False,True,False
-0.8762598166720479,0.6865067834749838,78768.0,2025,4,17,True,False,False,False,False,False,False,False,False,False,False,False
-1.5766672930770564,-0.6082428726855371,16459.0,2025,4,17,True,False,False,False,True,False,False,False,True,False,False,False
0.8747588743404735,1.5986597003699432,265264.0,2025,4,17,False,False,False,False,False,True,False,False,True,False,False,True
0.8747588743404735,-0.09771741369318308,162576.0,2025,4,18,False,True,False,False,False,False,False,False,True,False,False,True
-0.17585234026703933,-0.03745347134254538,103890.0,2025,4,18,True,False,False,False,False,True,False,True,False,False,True,False
0.5245551361379692,-0.9652010048984153,96306.0,2025,4,18,False,False,True,False,False,True,False,False,False,True,True,False
0.5245551361379692,0.8814394917363668,194117.0,2025,4,18,True,False,False,False,False,True,False,False,True,False,True,False
-0.8762598166720479,2.187422558203476,112839.0,2025,4,18,False,False,False,False,False,False,False,False,False,False,False,False
-0.5260560784695436,-0.06784975805448984,82192.0,2025,4,18,False,True,False,False,True,False,True,False,False,False,True,False
1.575166350745482,-0.1051182487187,202660.0,2025,4,18,False,True,False,True,False,False,False,False,False,True,False,True
-1.5766672930770564,0.42536303328888714,24280.0,2025,4,18,True,False,False,False,False,False,True,False,False,False,False,False
1.2249626125429778,-0.052783772466830414,185958.0,2025,4,18,False,True,False,False,True,False,True,False,False,False,False,True
1.575166350745482,0.10316239414227592,218420.0,2025,4,18,False,True,False,False,False,True,False,False,False,False,False,True
0.8747588743404735,-1.2667850321882295,91808.0,2025,4,18,False,False,True,False,True,False,False,True,False,False,False,True
0.5245551361379692,-0.8248494549502196,103740.0,2025,4,19,True,False,False,False,False,False,False,False,True,False,True,False
1.575166350745482,0.7208678032363124,265160.0,2025,4,19,True,False,False,False,True,False,False,True,False,False,False,True
0.5245551361379692,-0.1789944412055563,137949.0,2025,4,19,False,True,False,True,False,False,False,False,False,True,True,False
0.8747588743404735,-1.2819831755442017,90888.0,2025,4,19,False,False,True,False,False,False,False,False,False,True,False,True
1.575166350745482,0.3892839625394922,240070.0,2025,4,19,False,True,False,False,False,False,True,False,False,False,False,True
0.17435139793546492,-0.3793456179677641,109146.0,2025,4,19,False,True,False,True,False,False,False,False,True,False,True,False
1.2249626125429778,-1.2554194641133285,104058.0,2025,4,19,False,False,True,False,False,False,False,False,True,False,False,True
0.8747588743404735,-0.2756017698422146,151808.0,2025,4,19,False,True,False,True,False,False,False,False,True,False,False,True
-1.5766672930770564,-0.871236831628013,14469.0,2025,4,19,False,False,True,False,True,False,False,False,True,False,False,False
-0.8762598166720479,0.23954921104108756,68622.0,2025,4,19,False,True,False,False,True,False,False,True,False,False,False,False
-1.2264635548745522,-1.0598259670103816,26084.0,2025,4,19,False,False,True,False,False,False,False,True,False,False,False,False
-1.5766672930770564,-0.10207862004750555,20289.0,2025,4,19,False,True,False,False,False,False,True,False,False,False,False,False
-1.5766672930770564,0.2284479585028122,22790.0,2025,4,19,False,True,False,False,False,True,False,True,False,False,False,False
0.17435139793546492,-1.2535692553569493,69456.0,2025,4,19,False,False,True,False,False,True,False,True,False,False,True,False
-0.8762598166720479,-0.4040591206422581,54012.0,2025,4,20,True,False,False,False,False,False,False,False,True,False,False,False
-0.8762598166720479,-0.2638397284623752,57195.0,2025,4,20,True,False,False,False,False,False,False,False,False,True,False,False
-1.2264635548745522,-0.42401494365749115,35706.0,2025,4,20,True,False,False,False,False,False,False,False,False,True,False,False
-1.5766672930770564,1.161613960559507,29851.0,2025,4,20,True,False,False,True,False,False,True,False,False,False,False,False
1.2249626125429778,-1.1196934360560808,113301.0,2025,4,20,False,False,True,False,False,False,False,True,False,False,False,True
-0.5260560784695436,-0.1388184796384645,80044.0,2025,4,20,False,True,False,False,False,True,False,True,False,False,True,False
-0.5260560784695436,0.6828063659622254,104912.0,2025,4,20,True,False,False,False,False,True,True,False,False,False,True,False
-1.5766672930770564,-0.8800914021049708,14402.0,2025,4,21,False,False,True,False,True,False,False,False,False,True,False,False
1.2249626125429778,-0.15507388514093914,178992.0,2025,4,21,False,True,False,False,True,False,False,True,False,False,False,True
-0.17585234026703933,0.3541299961682869,118705.0,2025,4,21,True,False,False,False,False,True,True,False,False,False,True,False
0.8747588743404735,-0.30811258084716386,149840.0,2025,4,21,True,False,False,True,False,False,False,False,False,True,False,True
1.575166350745482,-0.2597428376446783,190960.0,2025,4,21,False,True,False,False,True,False,False,False,True,False,False,True
-0.5260560784695436,-0.9244964122580722,56264.0,2025,4,21,False,False,True,True,False,False,False,True,False,False,True,False
0.8747588743404735,-0.5676704378135069,134128.0,2025,4,21,True,False,False,False,False,False,True,False,False,False,False,True
-0.17585234026703933,1.090248765670594,146555.0,2025,4,21,True,False,False,False,True,False,False,False,True,False,True,False
-0.8762598166720479,-0.024502010047890793,62628.0,2025,4,21,False,True,False,False,False,False,False,False,True,False,False,False
-0.5260560784695436,0.08056341576078678,86684.0,2025,4,21,False,True,False,False,False,False,True,False,False,False,True,False
1.575166350745482,-0.9221175724284418,140840.0,2025,4,21,True,False,False,False,False,True,False,False,False,False,False,True
-0.5260560784695436,-0.9572715387996471,55272.0,2025,4,22,True,False,False,True,False,False,False,False,False,True,True,False
0.5245551361379692,-0.0016387161297760503,147343.0,2025,4,22,False,True,False,True,False,False,False,False,False,True,True,False
0.17435139793546492,1.7413900901477692,205428.0,2025,4,22,False,False,False,True,False,False,False,False,False,True,True,False
-1.2264635548745522,-0.5153359615616373,34324.0,2025,4,22,False,True,False,False,True,False,True,False,False,False,False,False
-1.2264635548745522,-0.18335564755987876,39348.0,2025,4,22,False,True,False,False,False,True,False,False,True,False,False,False
1.575166350745482,-0.026880849877521228,208580.0,2025,4,22,True,False,False,False,False,True,True,False,False,False,False,True
0.17435139793546492,0.4048785792004028,144750.0,2025,4,22,True,False,False,False,False,False,False,False,True,False,True,False
-0.8762598166720479,-0.02569142996270601,62601.0,2025,4,22,False,True,False,False,True,False,False,False,False,True,False,False
0.17435139793546492,0.2436461018587844,137430.0,2025,4,22,False,True,False,False,True,False,False,False,False,True,True,False
-0.17585234026703933,-0.8381973895498126,73595.0,2025,4,22,True,False,False,False,False,True,False,False,True,False,True,False
-1.2264635548745522,-0.08040474604420603,40906.0,2025,4,22,False,True,False,False,False,True,False,False,True,False,False,False
0.8747588743404735,-1.200970463568454,95792.0,2025,4,22,False,False,True,True,False,False,False,True,False,False,False,True
1.575166350745482,1.7150906942535216,320262.5,2025,4,23,False,False,False,False,False,False,False,False,False,True,False,True
-0.8762598166720479,-1.3607492054586316,32295.0,2025,4,23,False,False,True,False,False,True,False,False,False,True,False,False
1.2249626125429778,1.0354032918207812,260064.0,2025,4,23,True,False,False,False,False,True,False,False,True,False,False,True
1.2249626125429778,0.779149379062258,242613.0,2025,4,23,True,False,False,True,False,False,False,False,True,False,False,True
0.8747588743404735,-0.25511731575373026,153048.0,2025,4,23,False,True,False,False,False,True,False,True,False,False,False,True
-0.8762598166720479,0.4972568592510514,74472.0,2025,4,23,False,True,False,True,False,False,False,False,False,True,False,False
0.17435139793546492,-1.0035267577091278,80808.0,2025,4,23,True,False,False,False,False,True,False,False,False,True,True,False
1.2249626125429778,1.8915213149511123,318366.0,2025,4,23,False,False,False,True,False,False,False,False,False,True,False,True
1.2249626125429778,-0.3078482653105382,168588.0,2025,4,23,True,False,False,False,False,False,True,False,False,False,False,True
1.2249626125429778,0.04567376492620706,192663.0,2025,4,24,False,True,False,False,False,False,False,False,False,False,False,True
-0.8762598166720479,2.0156174593968332,108939.0,2025,4,24,False,False,False,False,False,True,False,False,True,False,False,False
-0.17585234026703933,-1.2954632679121074,56295.0,2025,4,24,False,False,True,True,False,False,False,True,False,False,True,False
-0.8762598166720479,-0.012343495363113011,62904.0,2025,4,24,False,True,False,False,False,False,False,True,False,False,False,False
0.17435139793546492,1.0036854274257085,171936.0,2025,4,24,True,False,False,True,False,False,False,True,False,False,True,False
-0.8762598166720479,-1.5392943504492271,28242.0,2025,4,24,False,False,True,False,False,True,False,False,False,True,False,False
-1.2264635548745522,-0.0916381563507942,40736.0,2025,4,24,True,False,False,False,False,True,False,False,False,True,False,False
-0.8762598166720479,-0.34432380936487156,55368.0,2025,4,24,False,True,False,True,False,False,False,True,False,False,False,False
0.5245551361379692,-1.52198168280025,66815.0,2025,4,24,False,False,True,False,False,False,False,True,False,False,True,False
-1.2264635548745522,-0.4854683059229441,34776.0,2025,4,24,True,False,False,False,False,True,False,True,False,False,False,False
-1.2264635548745522,0.5673004764568365,50708.0,2025,4,24,True,False,False,False,False,True,True,False,False,False,False,False
-1.5766672930770564,-0.013400757509615426,20960.0,2025,4,24,True,False,False,True,False,False,False,False,False,False,False,False
0.8747588743404735,-1.4188986235162644,82600.0,2025,4,24,False,False,True,False,False,True,False,False,False,False,False,True
-0.17585234026703933,-0.2979364326870781,94035.0,2025,4,25,True,False,False,False,True,False,True,False,False,False,True,False
0.5245551361379692,1.1271207830298657,207130.0,2025,4,25,True,False,False,False,False,True,False,False,True,False,True,False
-0.17585234026703933,1.6203335743732425,166610.0,2025,4,25,False,False,False,False,True,False,False,True,False,False,True,False
-1.2264635548745522,-0.35066738224388605,36816.0,2025,4,25,False,True,False,False,True,False,True,False,False,False,False,False
-0.5260560784695436,0.2610909272760743,92148.0,2025,4,25,False,True,False,False,False,True,True,False,False,False,True,False
-0.8762598166720479,-0.2590820488031143,57303.0,2025,4,25,False,True,False,False,False,True,False,False,False,True,False,False
-1.2264635548745522,1.6717429462469227,67422.0,2025,4,25,False,False,False,False,False,True,False,False,False,False,False,False
-1.5766672930770564,-0.21441272311338724,19439.0,2025,4,25,True,False,False,False,True,False,True,False,False,False,False,False
0.8747588743404735,-0.9358619803329732,111840.0,2025,4,25,False,False,True,False,True,False,False,False,False,True,False,True
-0.17585234026703933,-0.23569012381174836,96390.0,2025,4,25,False,True,False,False,True,False,False,False,False,False,True,False
0.8747588743404735,-0.19696789769609738,156568.0,2025,4,25,True,False,False,False,False,True,False,False,False,False,False,True
1.2249626125429778,0.2428531552489076,206091.0,2025,4,26,False,True,False,False,True,False,False,False,True,False,False,True
0.17435139793546492,-0.15758488273888238,119214.0,2025,4,26,False,True,False,True,False,False,False,True,False,False,True,False
-0.17585234026703933,0.31831524095551755,117350.0,2025,4,26,False,True,False,False,True,False,False,False,False,False,True,False
-0.8762598166720479,-0.42758320340193684,53478.0,2025,4,26,False,True,False,False,True,False,False,True,False,False,False,False
0.5245551361379692,-0.01617607064418427,146573.0,2025,4,26,False,True,False,False,True,False,True,False,False,False,True,False
-0.17585234026703933,0.3570374670711685,118815.0,2025,4,26,True,False,False,True,False,False,False,False,False,True,True,False
-0.5260560784695436,-1.3545377903479299,43248.0,2025,4,26,False,False,True,True,False,False,False,False,False,True,True,False
-0.17585234026703933,0.3820152852822881,119760.0,2025,4,26,True,False,False,False,False,True,False,False,False,False,True,False
0.8747588743404735,-0.9531746479819503,110792.0,2025,4,26,False,False,True,True,False,False,True,False,False,False,False,True
0.5245551361379692,1.612007634969536,232813.0,2025,4,27,False,False,False,True,False,False,False,True,False,False,True,False
1.575166350745482,0.5725867871893485,253940.0,2025,4,27,True,False,False,False,False,True,True,False,False,False,False,True
-0.17585234026703933,-0.2050295215631783,97550.0,2025,4,27,True,False,False,False,True,False,False,False,False,False,True,False
0.17435139793546492,1.0252271436606952,172914.0,2025,4,27,True,False,False,True,False,False,False,False,True,False,True,False
0.8747588743404735,-0.45414691483281,141000.0,2025,4,27,True,False,False,False,False,True,False,True,False,False,False,True
-0.8762598166720479,0.30073825776991486,70011.0,2025,4,27,True,False,False,False,False,True,False,False,False,True,False,False
-0.5260560784695436,-1.2441860538067402,46588.0,2025,4,27,False,False,True,False,False,False,False,False,False,True,True,False
-1.2264635548745522,0.7932902602717279,54128.0,2025,4,27,True,False,False,False,False,True,False,True,False,False,False,False
0.17435139793546492,0.7199426988581228,159054.0,2025,4,27,True,False,False,False,False,False,False,True,False,False,True,False
0.5245551361379692,-1.1063455014564878,88830.0,2025,4,27,False,False,True,False,False,False,False,False,False,False,True,False
-0.8762598166720479,-0.2803594495014754,56820.0,2025,4,28,True,False,False,False,False,False,True,False,False,False,False,False
-0.5260560784695436,1.3266790131821966,124400.0,2025,4,28,True,False,False,False,False,True,False,False,False,False,True,False
1.575166350745482,-1.6813639513854892,83390.0,2025,4,28,False,False,True,False,False,False,False,False,False,False,False,True
-0.5260560784695436,-0.9036154848646496,56896.0,2025,4,28,False,False,True,True,False,False,False,False,False,True,True,False
-1.5766672930770564,-1.0619404913033863,13026.0,2025,4,28,True,False,False,False,False,False,False,True,False,False,False,False
0.17435139793546492,-1.3874450746578175,63378.0,2025,4,28,False,False,True,True,False,False,False,False,False,True,True,False
-1.2264635548745522,-1.038812881848646,26402.0,2025,4,28,False,False,True,False,False,False,False,True,False,False,False,False
1.575166350745482,1.5702457801826908,320262.5,2025,4,28,True,False,False,False,True,False,False,False,True,False,False,True
-0.5260560784695436,0.11175264908260804,87628.0,2025,4,28,False,True,False,False,True,False,False,False,False,True,True,False
-1.5766672930770564,-0.3390374986323595,18496.0,2025,4,28,False,True,False,True,False,False,False,False,False,False,False,False
-0.17585234026703933,-0.8249816127185323,74095.0,2025,4,28,True,False,False,True,False,False,True,False,False,False,True,False
-0.17585234026703933,-1.4276210362249093,51295.0,2025,4,28,False,False,True,False,False,True,False,False,False,False,True,False
0.5245551361379692,-0.26278246631587276,133511.0,2025,4,28,True,False,False,False,True,False,True,False,False,False,True,False
0.17435139793546492,2.027643816313298,218424.0,2025,4,28,False,False,False,False,False,False,False,False,False,False,True,False
0.5245551361379692,-1.2087677718989094,83405.0,2025,4,29,False,False,True,True,False,False,True,False,False,False,True,False
0.17435139793546492,-0.7439689007427848,92592.0,2025,4,29,True,False,False,False,True,False,True,False,False,False,True,False
1.2249626125429778,1.5761928797567668,296892.0,2025,4,29,True,False,False,False,True,False,False,False,True,False,False,True
0.8747588743404735,-0.9472275484078742,111152.0,2025,4,29,False,False,True,False,False,True,True,False,False,False,False,True
-1.5766672930770564,-0.5056884444748028,17235.0,2025,4,29,True,False,False,False,False,False,False,False,False,True,False,False
0.8747588743404735,-0.06044892302897293,164832.0,2025,4,29,True,False,False,True,False,False,False,False,True,False,False,True
-0.5260560784695436,0.6495026083473993,103904.0,2025,4,29,True,False,False,True,False,False,False,False,False,False,True,False
0.17435139793546492,-0.6293881156155855,97794.0,2025,4,29,True,False,False,False,False,True,False,True,False,False,True,False
-0.17585234026703933,2.037687806705071,182400.0,2025,4,29,False,False,False,False,False,True,False,True,False,False,True,False
0.5245551361379692,-0.14595499912735582,139699.0,2025,4,29,True,False,False,True,False,False,False,True,False,False,True,False
0.5245551361379692,-0.1590386181903232,139006.0,2025,4,29,True,False,False,False,True,False,True,False,False,False,True,False
-0.8762598166720479,-1.2633489302120966,34506.0,2025,4,29,False,False,True,True,False,False,False,False,False,False,False,False
-0.17585234026703933,-0.316702835787496,93325.0,2025,4,30,False,True,False,False,True,False,True,False,False,False,True,False
1.2249626125429778,2.126629984779587,320262.5,2025,4,30,False,False,False,True,False,False,False,False,False,True,False,True
1.2249626125429778,0.2164216015863472,204291.0,2025,4,30,False,True,False,False,True,False,False,False,False,False,False,True
-0.5260560784695436,2.1977308641318745,150764.0,2025,4,30,False,False,False,True,False,False,False,True,False,False,True,False
-0.8762598166720479,0.8137747143602122,81657.0,2025,4,30,True,False,False,True,False,False,False,False,False,False,False,False
0.17435139793546492,-0.3196103066903776,111858.0,2025,4,30,True,False,False,False,True,False,False,False,False,True,True,False
-0.8762598166720479,-0.25419221137554066,57414.0,2025,4,30,False,True,False,False,True,False,False,False,False,False,False,False
-0.17585234026703933,-0.06163834294378815,102975.0,2025,4,30,True,False,False,True,False,False,False,False,True,False,True,False
0.5245551361379692,-1.2468292091729962,81389.0,2025,4,30,False,False,True,False,True,False,False,False,False,False,True,False
-0.5260560784695436,-0.4667019028225262,70120.0,2025,4,30,False,True,False,False,True,False,False,False,True,False,True,False
-0.8762598166720479,-0.04340057091662147,62199.0,2025,4,30,False,True,False,False,True,False,False,False,False,False,False,False
1.575166350745482,0.4890630776156577,247620.0,2025,4,30,False,True,False,False,False,True,True,False,False,False,False,True
1.575166350745482,-0.4845432015447545,173950.0,2025,5,1,True,False,False,False,False,True,False,False,False,False,False,True
1.2249626125429778,-0.8988578052053887,128340.0,2025,5,1,True,False,False,True,False,False,False,False,False,True,False,True
-0.5260560784695436,0.36166298896211657,95192.0,2025,5,1,False,True,False,False,True,False,False,False,False,False,True,False
1.2249626125429778,-0.21110877890556717,175176.0,2025,5,1,True,False,False,False,False,False,True,False,False,False,False,True
-0.8762598166720479,0.6948327228786904,78957.0,2025,5,1,True,False,False,False,False,False,False,True,False,False,False,False
-0.5260560784695436,-0.028731058633900457,83376.0,2025,5,1,True,False,False,False,False,True,False,False,True,False,True,False
0.17435139793546492,0.18708257702090517,134862.0,2025,5,1,False,True,False,False,True,False,False,False,True,False,True,False
0.17435139793546492,0.8684880304417122,165798.0,2025,5,1,True,False,False,True,False,False,False,False,False,False,True,False
0.5245551361379692,-0.020669434766819535,146335.0,2025,5,1,True,False,False,False,False,True,False,False,True,False,True,False
0.17435139793546492,0.17849232208057306,134472.0,2025,5,1,False,True,False,True,False,False,False,True,False,False,True,False
0.17435139793546492,-0.3891252928229115,108702.0,2025,5,1,True,False,False,False,False,True,False,False,False,True,True,False
1.2249626125429778,0.4146582540555502,217791.0,2025,5,1,False,True,False,False,False,False,False,True,False,False,False,True
-0.8762598166720479,-0.5873619452921144,49851.0,2025,5,1,True,False,False,True,False,False,True,False,False,False,False,False
0.5245551361379692,-0.5549832920554779,118034.0,2025,5,1,True,False,False,False,True,False,False,False,False,False,True,False
-0.17585234026703933,-0.42890478108506486,89080.0,2025,5,2,False,True,False,False,True,False,False,False,False,True,True,False
1.575166350745482,-1.6701305410789011,84240.0,2025,5,2,False,False,True,False,True,False,False,False,False,False,False,True
1.575166350745482,0.40976841662797653,241620.0,2025,5,2,True,False,False,False,True,False,False,False,False,True,False,True
-0.5260560784695436,-0.18309133202325317,78704.0,2025,5,2,True,False,False,False,True,False,False,False,True,False,True,False
-1.5766672930770564,2.2262769420874395,37907.0,2025,5,2,False,False,False,False,False,True,False,False,False,False,False,False
-1.5766672930770564,0.7392377330317919,26655.0,2025,5,2,True,False,False,False,True,False,False,True,False,False,False,False
1.2249626125429778,-0.0850302679351541,183762.0,2025,5,2,True,False,False,False,True,False,True,False,False,False,False,True
0.8747588743404735,-0.8929107056313126,114440.0,2025,5,2,True,False,False,True,False,False,False,True,False,False,False,True
-0.8762598166720479,-1.0759492147445433,38760.0,2025,5,2,False,False,True,True,False,False,True,False,False,False,False,False
-0.17585234026703933,-1.1380633658515602,62250.0,2025,5,2,False,False,True,False,False,False,False,False,True,False,True,False
0.8747588743404735,-0.509521019755874,137648.0,2025,5,2,True,False,False,False,False,False,True,False,False,False,False,True
0.8747588743404735,-1.163569815135931,98056.0,2025,5,2,False,False,True,False,True,False,False,False,True,False,False,True
1.2249626125429778,-0.6666566062797956,144153.0,2025,5,2,False,True,False,True,False,False,True,False,False,False,False,True
1.575166350745482,-0.6488153075575673,161520.0,2025,5,2,True,False,False,False,True,False,False,True,False,False,False,True
0.5245551361379692,2.0020052092606146,253470.0,2025,5,2,False,False,False,False,False,True,False,False,True,False,True,False
1.2249626125429778,-0.5244548475752207,153837.0,2025,5,3,True,False,False,False,True,False,False,True,False,False,False,True
-1.2264635548745522,0.08928582846943171,43474.0,2025,5,3,False,True,False,False,True,False,False,True,False,False,False,False
-0.5260560784695436,-0.38251740440727133,72668.0,2025,5,3,False,True,False,False,False,False,False,False,False,True,True,False
0.17435139793546492,0.5037325898983788,149238.0,2025,5,3,False,True,False,True,False,False,False,True,False,False,True,False
0.17435139793546492,0.8211755493857291,163650.0,2025,5,3,True,False,False,True,False,False,False,False,True,False,True,False
-0.8762598166720479,-1.0536145518996798,39267.0,2025,5,3,True,False,False,False,False,False,False,True,False,False,False,False
-0.8762598166720479,0.6610003341906131,78189.0,2025,5,3,True,False,False,False,False,True,False,False,False,False,False,False
-1.5766672930770564,0.229240905112689,22796.0,2025,5,3,False,True,False,False,True,False,False,True,False,False,False,False
0.8747588743404735,0.253954407787183,183864.0,2025,5,3,False,True,False,False,False,True,False,False,True,False,False,True
1.2249626125429778,-1.173613805527704,109629.0,2025,5,3,False,False,True,True,False,False,False,False,False,False,False,True
-0.5260560784695436,-0.008510920082041754,83988.0,2025,5,3,True,False,False,True,False,False,False,False,False,False,True,False
-0.8762598166720479,-0.35106385554882447,55215.0,2025,5,3,True,False,False,False,False,True,False,False,False,False,False,False
-0.8762598166720479,1.2506882964023356,91575.0,2025,5,3,True,False,False,False,True,False,False,False,False,True,False,False
0.5245551361379692,0.13659830952541482,154665.0,2025,5,4,False,True,False,False,True,False,True,False,False,False,True,False
0.17435139793546492,1.879098484729709,211680.0,2025,5,4,False,False,False,False,True,False,False,True,False,False,True,False
-0.17585234026703933,-0.11674813233022657,100890.0,2025,5,4,False,True,False,False,False,True,False,False,True,False,True,False
1.575166350745482,1.4059736741698778,317000.0,2025,5,4,True,False,False,True,False,False,False,True,False,False,False,True
0.17435139793546492,-1.4269602473833454,61584.0,2025,5,4,False,False,True,True,False,False,False,False,False,False,True,False
-0.5260560784695436,-1.3242736614042983,44164.0,2025,5,4,False,False,True,False,False,True,False,False,False,False,True,False
0.5245551361379692,-0.2323861796039283,135121.0,2025,5,4,True,False,False,True,False,False,True,False,False,False,True,False
1.2249626125429778,0.036819194449249325,192060.0,2025,5,4,False,True,False,False,False,False,True,False,False,False,False,True
-0.8762598166720479,-0.661766768852222,48162.0,2025,5,4,True,False,False,False,False,False,True,False,False,False,False,False
-0.8762598166720479,1.7238131069621665,102315.0,2025,5,4,False,False,False,False,True,False,False,False,False,True,False,False
1.2249626125429778,0.014220216067760187,190521.0,2025,5,5,False,True,False,False,False,True,False,True,False,False,False,True
1.575166350745482,-0.5294768427711072,170550.0,2025,5,5,False,True,False,False,True,False,False,False,False,False,False,True
0.5245551361379692,-0.5902694161949961,116165.0,2025,5,5,False,True,False,True,False,False,True,False,False,False,True,False
0.5245551361379692,-0.21309114543025923,136143.0,2025,5,5,False,True,False,False,False,True,False,False,False,True,True,False
1.575166350745482,-0.030184794085341277,208330.0,2025,5,5,False,True,False,False,False,True,True,False,False,False,False,True
1.2249626125429778,-0.13617532427220846,180279.0,2025,5,5,False,True,False,False,False,True,False,False,False,True,False,True
0.8747588743404735,-1.2933487436191027,90200.0,2025,5,5,False,False,True,True,False,False,False,False,False,False,False,True
-0.8762598166720479,-0.0017708738980888523,63144.0,2025,5,6,False,True,False,True,False,False,False,False,True,False,False,False
-1.2264635548745522,0.523556255145299,50046.0,2025,5,6,True,False,False,False,False,False,True,False,False,False,False,False
-1.5766672930770564,-0.8954217032292558,14286.0,2025,5,6,False,False,True,False,False,False,True,False,False,False,False,False
-1.2264635548745522,0.21404276175671677,45362.0,2025,5,6,False,True,False,False,False,True,True,False,False,False,False,False
-0.5260560784695436,-1.0771386346593586,51644.0,2025,5,6,False,False,True,False,True,False,False,True,False,False,True,False
0.5245551361379692,-1.451277276752901,70560.0,2025,5,6,False,False,True,False,True,False,False,False,True,False,True,False
-0.17585234026703933,-0.7433081119012207,77185.0,2025,5,6,True,False,False,False,True,False,False,False,False,False,True,False
-0.8762598166720479,-0.5960843580007593,49653.0,2025,5,6,False,True,False,False,False,False,False,True,False,False,False,False
-0.17585234026703933,-0.0583343987359681,103100.0,2025,5,6,True,False,False,False,True,False,False,True,False,False,True,False
-1.2264635548745522,0.2741745463390417,46272.0,2025,5,6,True,False,False,False,False,True,True,False,False,False,False,False
0.8747588743404735,-0.05674850551621448,165056.0,2025,5,6,False,True,False,False,False,True,True,False,False,False,False,True
-0.8762598166720479,1.6135935281892897,99813.0,2025,5,6,False,False,False,True,False,False,False,False,False,True,False,False
-0.17585234026703933,-0.49604092738796823,86540.0,2025,5,7,False,True,False,False,False,True,False,False,False,True,True,False
0.17435139793546492,-0.5051598134015516,103434.0,2025,5,7,True,False,False,False,True,False,True,False,False,False,True,False
-0.5260560784695436,-1.0972266154429045,51036.0,2025,5,7,False,False,True,False,False,True,False,False,True,False,True,False
0.8747588743404735,0.05717149076942083,171952.0,2025,5,7,False,True,False,True,False,False,True,False,False,False,False,True
1.575166350745482,-0.7828232846267486,151380.0,2025,5,7,True,False,False,True,False,False,False,True,False,False,False,True
1.2249626125429778,-0.3678478921245503,164502.0,2025,5,7,False,True,False,False,False,False,False,False,False,False,False,True
-0.8762598166720479,-1.721539912952581,24105.0,2025,5,7,False,False,True,False,True,False,False,False,False,False,False,False
-0.5260560784695436,0.9198974023153922,112088.0,2025,5,7,True,False,False,True,False,False,True,False,False,False,True,False
0.5245551361379692,-0.5601374450196772,117761.0,2025,5,7,False,True,False,True,False,False,True,False,False,False,True,False
0.8747588743404735,1.0824514573401385,234016.0,2025,5,7,True,False,False,False,False,False,False,False,True,False,False,True
-0.5260560784695436,0.5888421926918231,102068.0,2025,5,7,True,False,False,True,False,False,False,False,False,True,True,False
-0.8762598166720479,-0.7212377645929828,46812.0,2025,5,7,True,False,False,False,False,True,False,False,True,False,False,False
0.8747588743404735,0.20148777376700058,180688.0,2025,5,7,False,True,False,True,False,False,False,False,True,False,False,True
-1.5766672930770564,-0.131814117917886,20064.0,2025,5,7,True,False,False,True,False,False,False,False,False,False,False,False
-0.8762598166720479,-0.060977554102224135,61800.0,2025,5,7,False,True,False,True,False,False,False,False,False,True,False,False
0.5245551361379692,-0.04710098842937993,144935.0,2025,5,8,False,True,False,False,False,True,False,False,True,False,True,False
0.17435139793546492,-0.8298714501461061,88692.0,2025,5,8,False,False,True,False,True,False,True,False,False,False,True,False
1.2249626125429778,0.38399765180698014,215703.0,2025,5,8,False,True,False,False,False,True,False,True,False,False,False,True
-1.5766672930770564,1.7832841027029274,34555.0,2025,5,8,False,False,False,False,False,False,False,True,False,False,False,False
-0.17585234026703933,0.5539525418572435,126265.0,2025,5,8,True,False,False,True,False,False,False,False,False,True,True,False
-1.5766672930770564,-0.1113296638294017,20219.0,2025,5,9,False,True,False,True,False,False,False,False,False,False,False,False
0.8747588743404735,-0.09031657866766618,163024.0,2025,5,9,True,False,False,True,False,False,False,True,False,False,False,True
0.17435139793546492,-0.06917133573761786,123228.0,2025,5,9,False,True,False,False,True,False,False,False,False,False,True,False
0.17435139793546492,-0.5864368409139248,99744.0,2025,5,9,False,True,False,False,True,False,False,False,False,False,True,False
1.2249626125429778,-0.28220965825785466,170334.0,2025,5,9,True,False,False,False,True,False,False,False,False,False,False,True
-0.8762598166720479,0.4424113854012386,73227.0,2025,5,9,False,True,False,False,False,False,False,False,True,False,False,False
0.17435139793546492,0.6713086401190116,156846.0,2025,5,9,True,False,False,False,False,True,False,False,False,True,True,False
1.575166350745482,-0.5894764695851192,166010.0,2025,5,9,True,False,False,False,False,False,True,False,False,False,False,True
0.17435139793546492,-0.29397169963769404,113022.0,2025,5,9,True,False,False,False,True,False,False,False,True,False,True,False
0.8747588743404735,1.19901460899203,241072.0,2025,5,9,True,False,False,False,False,False,True,False,False,False,False,True
0.17435139793546492,-0.3995657565196228,108228.0,2025,5,9,False,True,False,False,True,False,False,False,False,False,True,False
0.8747588743404735,-0.15705625166563117,158984.0,2025,5,9,True,False,False,False,True,False,False,False,True,False,False,True
-1.5766672930770564,0.8925407442746421,27815.0,2025,5,9,True,False,False,False,False,True,False,False,True,False,False,False
-0.17585234026703933,1.0438613889928003,144800.0,2025,5,10,True,False,False,False,False,False,False,False,True,False,True,False
1.575166350745482,0.4507373248049451,244720.0,2025,5,10,False,True,False,False,False,True,False,True,False,False,False,True
1.2249626125429778,-1.0393415129218972,118773.0,2025,5,10,True,False,False,False,False,True,True,False,False,False,False,True
0.5245551361379692,-0.4953801385464042,121191.0,2025,5,10,False,True,False,False,True,False,False,True,False,False,True,False
0.17435139793546492,-1.1372704192416834,74736.0,2025,5,10,False,False,True,True,False,False,False,False,False,True,True,False
0.8747588743404735,-0.09071305197260458,163000.0,2025,5,10,True,False,False,False,True,False,False,True,False,False,False,True
0.17435139793546492,-0.4985519249859115,103734.0,2025,5,10,False,True,False,False,False,False,False,False,True,False,True,False
-0.17585234026703933,-0.19551416224465656,97910.0,2025,5,10,False,True,False,False,False,True,False,True,False,False,True,False
0.17435139793546492,0.3117073525398774,140520.0,2025,5,10,False,True,False,False,False,True,False,True,False,False,True,False
1.575166350745482,0.36681714192631587,238370.0,2025,5,11,False,True,False,False,False,False,False,False,False,True,False,True
1.2249626125429778,-0.11978776100142102,181395.0,2025,5,11,True,False,False,False,True,False,False,False,False,False,False,True
-1.5766672930770564,2.1250440915598334,37141.0,2025,5,11,False,False,False,True,False,False,False,False,True,False,False,False
-0.8762598166720479,-0.3601827415624078,55008.0,2025,5,11,False,True,False,False,True,False,True,False,False,False,False,False
-1.2264635548745522,0.18087116191020347,44860.0,2025,5,11,False,True,False,False,False,False,False,True,False,False,False,False
-0.5260560784695436,-0.9082410067555976,56756.0,2025,5,12,True,False,False,True,False,False,False,False,False,False,True,False
-1.2264635548745522,-0.702471361492565,31492.0,2025,5,12,True,False,False,False,False,False,True,False,False,False,False,False
1.2249626125429778,0.9678706722129392,255465.0,2025,5,12,True,False,False,False,False,False,False,True,False,False,False,True
-0.5260560784695436,-0.46709837612746463,70108.0,2025,5,12,False,True,False,False,True,False,False,False,True,False,True,False
0.5245551361379692,-0.3696981008809296,127848.0,2025,5,12,False,True,False,False,False,False,False,False,False,False,True,False
-0.8762598166720479,-1.4422905485076305,30444.0,2025,5,12,False,False,True,False,False,False,False,True,False,False,False,False
-1.5766672930770564,2.0930619116281353,36899.0,2025,5,13,False,False,False,True,False,False,False,False,False,True,False,False
-0.17585234026703933,1.237736835107681,152135.0,2025,5,13,True,False,False,True,False,False,False,False,True,False,True,False
-0.8762598166720479,-1.513259270091605,28833.0,2025,5,13,False,False,True,False,True,False,False,False,False,False,False,False
-0.17585234026703933,-0.6427360502151784,80990.0,2025,5,13,True,False,False,False,True,False,True,False,False,False,True,False
0.17435139793546492,-0.14066868839484373,119982.0,2025,5,13,False,True,False,False,False,False,False,False,False,False,True,False
0.5245551361379692,2.0195821924462174,254401.0,2025,5,13,False,False,False,False,False,True,False,False,False,False,True,False
-0.5260560784695436,-1.108195710212867,50704.0,2025,5,13,False,False,True,True,False,False,False,False,True,False,True,False
-0.5260560784695436,0.9316594436952316,112444.0,2025,5,13,True,False,False,False,False,True,False,False,False,False,True,False
1.2249626125429778,-0.7393433788518367,139203.0,2025,5,13,True,False,False,False,True,False,False,True,False,False,False,True
0.8747588743404735,1.5183077772357596,260400.0,2025,5,13,True,False,False,True,False,False,False,False,True,False,False,True
0.5245551361379692,0.41928377594649824,169638.0,2025,5,13,False,True,False,True,False,False,False,False,True,False,True,False
-1.5766672930770564,1.3428022609163586,31222.0,2025,5,13,True,False,False,False,False,True,False,False,True,False,False,False
0.5245551361379692,-0.4105348512895854,125685.0,2025,5,13,False,True,False,True,False,False,False,False,True,False,True,False
-1.5766672930770564,1.056812850287455,29058.0,2025,5,13,True,False,False,False,True,False,False,False,False,False,False,False
1.575166350745482,-0.07895101059276521,204640.0,2025,5,14,True,False,False,False,True,False,False,False,True,False,False,True
1.575166350745482,-0.09295973403392221,203580.0,2025,5,14,False,True,False,False,True,False,False,True,False,False,False,True
-0.5260560784695436,-0.637714055019292,64944.0,2025,5,14,True,False,False,False,False,True,False,False,False,True,True,False
-1.5766672930770564,-0.8033077387152329,14983.0,2025,5,14,False,False,True,False,False,False,False,False,False,True,False,False
-0.5260560784695436,-0.9638794272152873,55072.0,2025,5,14,False,False,True,False,False,False,True,False,False,False,True,False
1.575166350745482,1.9746485512198648,320262.5,2025,5,14,False,False,False,False,False,True,False,False,True,False,False,True
-0.8762598166720479,0.020167315641836277,63642.0,2025,5,14,False,True,False,False,True,False,False,False,True,False,False,False
1.2249626125429778,0.06126838158711769,193725.0,2025,5,14,False,True,False,False,True,False,False,True,False,False,False,True
0.17435139793546492,2.111431841423615,222228.0,2025,5,14,False,False,False,False,False,False,False,False,False,True,True,False
1.575166350745482,0.4044821058954644,241220.0,2025,5,15,True,False,False,False,True,False,False,False,False,True,False,True
1.2249626125429778,0.9110428318384344,251595.0,2025,5,15,True,False,False,False,False,False,False,False,False,True,False,True
-0.5260560784695436,1.473241978241094,128836.0,2025,5,15,True,False,False,False,True,False,False,False,True,False,True,False
-1.5766672930770564,-1.1187683316778911,12596.0,2025,5,15,False,False,True,False,True,False,True,False,False,False,False,False
0.5245551361379692,-0.028070269792336445,145943.0,2025,5,15,False,True,False,False,False,False,True,False,False,False,True,False
-0.17585234026703933,0.16606949185916967,111590.0,2025,5,15,False,True,False,False,False,False,False,False,False,False,True,False
-0.8762598166720479,-0.48718635691101053,52125.0,2025,5,15,False,True,False,False,False,False,False,True,False,False,False,False
0.8747588743404735,-0.5294768427711072,136440.0,2025,5,15,True,False,False,False,True,False,False,False,False,True,False,True
0.5245551361379692,-0.6559518270464586,112686.0,2025,5,15,False,True,False,False,False,True,False,False,False,False,True,False
-0.8762598166720479,-0.3337511878998474,55608.0,2025,5,16,False,True,False,True,False,False,False,False,True,False,False,False
-1.5766672930770564,1.8985256766716907,35427.0,2025,5,16,False,False,False,True,False,False,False,True,False,False,False,False
0.5245551361379692,-0.6515906206921361,112917.0,2025,5,16,False,True,False,False,False,True,False,True,False,False,True,False
-1.2264635548745522,1.313198920814291,61996.0,2025,5,16,True,False,False,False,False,False,False,False,True,False,False,False
0.17435139793546492,-0.849959430929652,87780.0,2025,5,16,True,False,False,False,True,False,False,False,True,False,True,False
-0.5260560784695436,1.6753112059913682,134952.0,2025,5,16,False,False,False,True,False,False,False,False,False,False,True,False
0.5245551361379692,0.975403665006769,199094.0,2025,5,17,True,False,False,False,False,False,True,False,False,False,True,False
1.575166350745482,1.6446506037427981,320262.5,2025,5,17,False,False,False,False,False,False,False,True,False,False,False,True
-0.17585234026703933,-1.1347594216437402,62375.0,2025,5,17,False,False,True,False,True,False,False,True,False,False,True,False
1.575166350745482,0.21298549961021437,226730.0,2025,5,17,False,True,False,False,False,False,False,False,False,False,False,True
-0.17585234026703933,-0.34339870498668196,92315.0,2025,5,17,False,True,False,True,False,False,False,False,False,True,True,False
-0.5260560784695436,1.0220553572211881,115180.0,2025,5,17,True,False,False,False,False,False,False,False,False,False,True,False
0.17435139793546492,-0.17066850180184978,118620.0,2025,5,18,True,False,False,False,True,False,True,False,False,False,True,False
1.2249626125429778,-0.44225271568465785,159435.0,2025,5,18,True,False,False,True,False,False,False,False,False,False,False,True
0.5245551361379692,0.8848755937124996,194299.0,2025,5,18,True,False,False,False,False,True,False,False,False,False,True,False
0.5245551361379692,1.050204961871815,203056.0,2025,5,18,True,False,False,False,False,True,False,True,False,False,True,False
1.575166350745482,1.4527575241526096,320262.5,2025,5,18,True,False,False,False,False,False,True,False,False,False,False,True
0.5245551361379692,2.1698455750178733,262360.0,2025,5,18,False,False,False,False,True,False,False,False,False,True,True,False
-1.5766672930770564,1.7787907385802921,34521.0,2025,5,18,False,False,False,False,False,True,False,False,False,False,False,False
-1.2264635548745522,2.1645592642853613,74880.0,2025,5,18,False,False,False,False,False,False,False,True,False,False,False,False
-1.2264635548745522,-0.058730872040906504,41234.0,2025,5,18,True,False,False,False,False,True,False,True,False,False,False,False
1.575166350745482,-0.27930218735497303,189480.0,2025,5,18,True,False,False,True,False,False,False,False,False,False,False,True
-0.5260560784695436,0.06496879909987614,86212.0,2025,5,18,False,True,False,False,False,True,True,False,False,False,True,False
-0.5260560784695436,1.7219628982057873,136364.0,2025,5,18,False,False,False,False,False,True,True,False,False,False,True,False
-0.17585234026703933,-0.38846450398134746,90610.0,2025,5,18,False,True,False,False,True,False,False,True,False,False,True,False
-0.8762598166720479,-1.3774010842660447,31917.0,2025,5,18,False,False,True,False,False,True,False,True,False,False,False,False
0.5245551361379692,2.2204620002816764,265041.0,2025,5,19,False,False,False,False,False,True,False,False,False,True,True,False
0.8747588743404735,-0.949342072700879,111024.0,2025,5,19,False,False,True,False,False,True,True,False,False,False,False,True
-0.5260560784695436,-0.8827345574712269,57528.0,2025,5,19,False,False,True,False,False,False,False,True,False,False,True,False
-0.8762598166720479,-0.41093132459452375,53856.0,2025,5,19,True,False,False,False,False,True,False,False,True,False,False,False
-1.2264635548745522,-0.13247490675945,40118.0,2025,5,19,False,True,False,False,True,False,False,False,True,False,False,False
1.575166350745482,-0.4644552207612086,175470.0,2025,5,19,False,True,False,False,False,True,False,True,False,False,False,True
-0.17585234026703933,-1.408590317587866,52015.0,2025,5,19,False,False,True,False,False,True,False,True,False,False,True,False
0.8747588743404735,0.33258827993330015,188624.0,2025,5,19,True,False,False,False,False,True,True,False,False,False,False,True
0.8747588743404735,-0.31022710514016866,149712.0,2025,5,19,True,False,False,False,False,False,False,False,True,False,False,True
-0.17585234026703933,1.2872959982249816,154010.0,2025,5,19,True,False,False,False,False,True,False,False,False,False,True,False
0.8747588743404735,-0.318685202312188,149200.0,2025,5,19,True,False,False,True,False,False,True,False,False,False,False,True
-1.2264635548745522,-0.18626311846276042,39304.0,2025,5,20,False,True,False,False,False,True,False,False,True,False,False,False
-1.5766672930770564,-0.24309095883726525,19222.0,2025,5,20,True,False,False,False,False,False,False,True,False,False,False,False
-0.8762598166720479,0.059153857294112856,64527.0,2025,5,20,False,True,False,True,False,False,False,True,False,False,False,False
0.8747588743404735,-0.975377153058501,109448.0,2025,5,20,False,False,True,True,False,False,False,False,False,False,False,True
-0.5260560784695436,-0.058730872040906504,82468.0,2025,5,20,False,True,False,True,False,False,True,False,False,False,True,False
0.5245551361379692,-0.23397207282368193,135037.0,2025,5,20,True,False,False,False,False,False,False,False,False,False,True,False
0.8747588743404735,-0.6652028708283548,128224.0,2025,5,20,True,False,False,False,False,True,True,False,False,False,False,True
-1.5766672930770564,1.1746975796224743,29950.0,2025,5,20,True,False,False,True,False,False,False,False,True,False,False,False
1.575166350745482,1.2559746071348477,305650.0,2025,5,20,True,False,False,False,False,True,True,False,False,False,False,True
-0.17585234026703933,-1.5797346275529445,45540.0,2025,5,20,False,False,True,False,False,False,False,False,True,False,True,False
0.8747588743404735,-0.3468348069628148,147496.0,2025,5,20,True,False,False,False,True,False,False,True,False,False,False,True
-0.17585234026703933,1.5977345959917535,165755.0,2025,5,20,False,False,False,True,False,False,False,False,False,False,True,False
1.2249626125429778,1.0977817584644236,264312.0,2025,5,20,True,False,False,True,False,False,False,False,False,False,False,True
-0.8762598166720479,-0.2670115149018824,57123.0,2025,5,20,False,True,False,False,True,False,False,False,False,False,False,False
-1.5766672930770564,-0.40366264733731966,18007.0,2025,5,21,True,False,False,True,False,False,False,True,False,False,False,False
0.17435139793546492,-1.2893840105697185,67830.0,2025,5,21,False,False,True,False,False,False,False,False,False,False,True,False
-0.17585234026703933,-0.4443672399776627,88495.0,2025,5,21,True,False,False,True,False,False,False,False,False,True,True,False
1.575166350745482,1.4427135337608368,319780.0,2025,5,21,True,False,False,False,False,True,False,False,True,False,False,True
-0.5260560784695436,-1.0906187270272643,51236.0,2025,5,21,False,False,True,True,False,False,True,False,False,False,True,False
-0.17585234026703933,-1.0785923701107993,64500.0,2025,5,21,False,False,True,False,True,False,False,False,False,True,True,False
1.2249626125429778,0.05796443737929764,193500.0,2025,5,21,False,True,False,False,True,False,True,False,False,False,False,True
0.17435139793546492,0.9323202325367955,168696.0,2025,5,22,True,False,False,False,False,False,True,False,False,False,True,False
-0.8762598166720479,0.3110465636983134,70245.0,2025,5,22,False,True,False,True,False,False,False,False,False,True,False,False
-0.8762598166720479,0.002326016919608009,63237.0,2025,5,22,False,True,False,False,False,True,True,False,False,False,False,False
0.5245551361379692,0.36589203754812627,166810.0,2025,5,22,True,False,False,False,False,True,False,False,True,False,True,False
1.2249626125429778,-0.8277569258531012,133182.0,2025,5,22,False,False,True,False,True,False,False,False,True,False,False,True
1.575166350745482,1.229014422399036,303610.0,2025,5,22,True,False,False,False,False,False,False,True,False,False,False,True
-1.5766672930770564,0.26056229620282306,23033.0,2025,5,22,True,False,False,False,True,False,False,True,False,False,False,False
0.5245551361379692,1.7546058669790494,240366.0,2025,5,22,False,False,False,False,False,True,False,True,False,False,True,False
1.2249626125429778,-0.07538275084831955,184419.0,2025,5,22,False,True,False,True,False,False,False,False,False,True,False,True
-0.8762598166720479,-1.0927332513202692,38379.0,2025,5,22,False,False,True,True,False,False,False,False,False,False,False,False
0.8747588743404735,-1.6566504487109952,68208.0,2025,5,22,False,False,True,False,False,True,False,True,False,False,False,True
0.8747588743404735,0.4289312930333328,194456.0,2025,5,22,False,True,False,True,False,False,False,False,True,False,False,True
1.2249626125429778,1.230996788923728,273384.0,2025,5,22,True,False,False,False,True,False,False,False,False,False,False,True
-1.5766672930770564,-1.3100006224265157,11149.0,2025,5,22,False,False,True,False,True,False,False,True,False,False,False,False
0.17435139793546492,0.029286201655419612,127698.0,2025,5,23,False,True,False,False,False,False,False,False,False,False,True,False
1.575166350745482,0.17611348225094262,223940.0,2025,5,23,False,True,False,False,False,False,False,False,False,False,False,True
0.17435139793546492,-0.11106534829277609,121326.0,2025,5,23,True,False,False,True,False,False,False,False,False,False,True,False
-0.17585234026703933,0.2095493976340815,113235.0,2025,5,23,False,True,False,True,False,False,False,True,False,False,True,False
-0.5260560784695436,-1.722200701794145,32120.0,2025,5,23,False,False,True,True,False,False,False,True,False,False,True,False
0.5245551361379692,-0.011154075448297792,146839.0,2025,5,23,False,True,False,False,True,False,True,False,False,False,True,False
1.575166350745482,-0.5166575392447653,171520.0,2025,5,23,True,False,False,True,False,False,False,False,True,False,False,True
0.5245551361379692,-0.5256442674900359,119588.0,2025,5,23,False,True,False,False,True,False,False,False,True,False,True,False
0.17435139793546492,-0.28313476263604426,113514.0,2025,5,23,False,True,False,False,False,False,False,False,False,False,True,False
0.5245551361379692,-1.4255065119319046,71925.0,2025,5,24,False,False,True,False,False,False,False,False,False,False,True,False
0.5245551361379692,-1.3771367687294191,74487.0,2025,5,24,False,False,True,False,False,False,False,False,False,True,True,False
0.17435139793546492,1.6858838274563923,202908.0,2025,5,24,False,False,False,False,False,True,False,False,False,True,True,False
0.5245551361379692,1.875001593912012,246743.0,2025,5,24,False,False,False,False,True,False,False,False,True,False,True,False
0.5245551361379692,-0.10194646227919275,142030.0,2025,5,24,True,False,False,True,False,False,False,False,False,True,True,False
0.5245551361379692,-1.1514113004511533,86443.0,2025,5,24,False,False,True,False,False,True,False,False,False,True,True,False
0.17435139793546492,-0.5917231516464369,99504.0,2025,5,24,True,False,False,True,False,False,False,False,False,False,True,False
-0.17585234026703933,1.268926068429502,153315.0,2025,5,24,True,False,False,False,True,False,False,True,False,False,True,False
-0.17585234026703933,-1.1343629483388018,62390.0,2025,5,24,False,False,True,False,False,False,False,False,True,False,True,False
1.575166350745482,-1.2148470292412983,118690.0,2025,5,24,False,False,True,False,False,False,False,False,True,False,False,True
-0.5260560784695436,-1.2436574227334891,46604.0,2025,5,24,False,False,True,True,False,False,True,False,False,False,True,False
-1.5766672930770564,-0.11410497696397054,20198.0,2025,5,24,False,True,False,False,False,True,False,False,False,True,False,False
-1.5766672930770564,1.6465008124991773,33520.0,2025,5,24,False,False,False,True,False,False,False,False,True,False,False,False
0.5245551361379692,0.06972647875913701,151123.0,2025,5,24,False,True,False,False,True,False,True,False,False,False,True,False
-0.17585234026703933,0.4227198779226311,121300.0,2025,5,24,True,False,False,False,False,True,True,False,False,False,True,False
-1.5766672930770564,-0.48123925733693446,17420.0,2025,5,25,False,True,False,False,True,False,False,False,False,True,False,False
1.2249626125429778,-0.09005226313104057,183420.0,2025,5,25,True,False,False,False,False,True,False,False,True,False,False,True
-0.17585234026703933,-0.3297864548504634,92830.0,2025,5,25,False,True,False,False,False,True,False,False,False,True,True,False
-1.5766672930770564,0.2275228541246226,22783.0,2025,5,25,False,True,False,True,False,False,False,False,True,False,False,False
0.8747588743404735,0.24100294649252837,183080.0,2025,5,25,False,True,False,True,False,False,True,False,False,False,False,True
-0.8762598166720479,1.87301922738732,105702.0,2025,5,25,False,False,False,False,False,False,False,True,False,False,False,False
-0.17585234026703933,-1.6076199166669456,44485.0,2025,5,25,False,False,True,False,False,True,False,False,False,True,True,False
1.575166350745482,-0.37630598929656967,182140.0,2025,5,25,False,True,False,False,True,False,False,False,False,True,False,True
-1.5766672930770564,1.4193216087694709,31801.0,2025,5,25,True,False,False,False,False,True,False,False,False,True,False,False
0.8747588743404735,-0.3451167559747484,147600.0,2025,5,25,False,True,False,False,True,False,True,False,False,False,False,True
0.8747588743404735,1.1580457008150613,238592.0,2025,5,25,True,False,False,False,False,False,False,False,True,False,False,True
1.575166350745482,1.5107747844419297,320262.5,2025,5,25,True,False,False,False,True,False,False,True,False,False,False,True
-1.5766672930770564,-0.4863934103011337,17381.0,2025,5,25,False,True,False,False,False,False,False,False,False,True,False,False
-1.5766672930770564,-1.2094285607404733,11910.0,2025,5,25,False,False,True,False,True,False,False,False,False,True,False,False
1.575166350745482,-1.574712632357058,91460.0,2025,5,25,False,False,True,False,False,False,True,False,False,False,False,True
-1.5766672930770564,0.10276592083733752,21839.0,2025,5,26,False,True,False,False,False,True,False,False,False,True,False,False
-1.5766672930770564,-1.2157721336194878,11862.0,2025,5,26,False,False,True,False,True,False,True,False,False,False,False,False
0.8747588743404735,2.087775600895623,294872.0,2025,5,26,False,False,False,False,False,False,True,False,False,False,False,True
0.8747588743404735,-0.27639471645209135,151760.0,2025,5,26,False,True,False,False,False,False,False,False,True,False,False,True
-1.2264635548745522,0.8120566633721458,54412.0,2025,5,26,True,False,False,True,False,False,False,False,False,True,False,False
-0.8762598166720479,-1.5081051171274058,28950.0,2025,5,26,False,False,True,False,True,False,True,False,False,False,False,False
-0.8762598166720479,-1.0697377996338417,38901.0,2025,5,26,False,False,True,False,False,False,True,False,False,False,False,False
1.2249626125429778,-0.3696981008809296,164376.0,2025,5,26,False,True,False,False,True,False,True,False,False,False,False,True
-0.8762598166720479,-0.4040591206422581,54012.0,2025,5,26,False,True,False,False,False,True,False,True,False,False,False,False
0.17435139793546492,-0.07498627754338115,122964.0,2025,5,27,True,False,False,True,False,False,True,False,False,False,True,False
-0.8762598166720479,0.7533786142412616,80286.0,2025,5,27,True,False,False,True,False,False,False,False,False,False,False,False
1.2249626125429778,0.4832481358098944,222462.0,2025,5,27,True,False,False,False,True,False,False,False,False,False,False,True
-1.5766672930770564,0.2753639662538569,23145.0,2025,5,27,False,True,False,True,False,False,False,True,False,False,False,False
-0.5260560784695436,-0.3110200517500455,74832.0,2025,5,27,False,True,False,False,False,False,False,False,True,False,True,False
-1.2264635548745522,-1.2188117622906822,23678.0,2025,5,27,False,False,True,False,False,True,False,False,False,True,False,False
0.5245551361379692,-1.0702664307070928,90741.0,2025,5,27,False,False,True,False,False,False,True,False,False,False,True,False
0.5245551361379692,0.8502502584145455,192465.0,2025,5,27,True,False,False,False,True,False,False,False,False,False,True,False
-0.5260560784695436,-1.3174014574520325,44372.0,2025,5,27,False,False,True,True,False,False,False,True,False,False,True,False
0.8747588743404735,-0.011418390984923397,167800.0,2025,5,27,False,True,False,True,False,False,True,False,False,False,False,True
1.575166350745482,-1.6970907258147125,82200.0,2025,5,27,False,False,True,False,False,True,False,True,False,False,False,True
1.575166350745482,1.6389678197053477,320262.5,2025,5,28,False,False,False,False,True,False,False,False,False,False,False,True
-0.17585234026703933,1.5039025804896642,162205.0,2025,5,28,True,False,False,True,False,False,False,False,True,False,True,False
-0.17585234026703933,-1.221719233193564,59085.0,2025,5,28,False,False,True,True,False,False,True,False,False,False,True,False
-0.17585234026703933,0.9933771214973101,142890.0,2025,5,28,True,False,False,True,False,False,False,False,False,False,True,False
0.17435139793546492,1.9175563953087342,213426.0,2025,5,28,False,False,False,False,False,True,True,False,False,False,True,False
-1.2264635548745522,-1.1366096304001194,24922.0,2025,5,28,False,False,True,False,True,False,False,False,False,False,False,False
0.8747588743404735,0.4163763050436166,193696.0,2025,5,28,False,True,False,False,True,False,False,False,False,True,False,True
-1.2264635548745522,-0.05780576766271689,41248.0,2025,5,28,False,True,False,True,False,False,True,False,False,False,False,False
1.575166350745482,-1.3986784849644058,104780.0,2025,5,29,False,False,True,False,False,False,True,False,False,False,False,True
0.5245551361379692,-0.22313513582203218,135611.0,2025,5,29,False,True,False,True,False,False,True,False,False,False,True,False
1.2249626125429778,0.14505640669743414,199431.0,2025,5,29,False,True,False,True,False,False,False,False,False,False,False,True
1.2249626125429778,-0.11555871241541135,181683.0,2025,5,29,False,True,False,False,False,True,False,False,True,False,False,True
0.5245551361379692,1.6635491646115288,235543.0,2025,5,29,False,False,False,False,False,True,False,True,False,False,True,False
-1.2264635548745522,-0.4737062645431047,34954.0,2025,5,30,False,True,False,False,True,False,True,False,False,False,False,False
0.17435139793546492,-0.5734853796192703,100332.0,2025,5,30,True,False,False,False,True,False,False,True,False,False,True,False
1.2249626125429778,0.1615761277365344,200556.0,2025,5,30,False,True,False,True,False,False,False,False,True,False,False,True
-0.8762598166720479,-1.697487199119651,24651.0,2025,5,30,False,False,True,True,False,False,False,False,True,False,False,False
0.5245551361379692,-0.02370906343801398,146174.0,2025,5,30,False,True,False,False,True,False,False,False,True,False,True,False
0.8747588743404735,-0.03441384267135094,166408.0,2025,5,30,True,False,False,False,False,True,False,True,False,False,False,True
-0.8762598166720479,2.215968636159041,113487.0,2025,5,30,False,False,False,False,False,True,False,False,False,False,False,False
1.575166350745482,-1.4761229371957076,98920.0,2025,5,30,False,False,True,False,False,True,False,False,False,True,False,True
0.5245551361379692,-1.3973569072812777,73416.0,2025,5,30,False,False,True,True,False,False,False,False,True,False,True,False
0.17435139793546492,-0.09243110296067102,122172.0,2025,5,30,False,True,False,True,False,False,False,False,False,False,True,False
0.8747588743404735,1.4702023495698995,257488.0,2025,5,30,True,False,False,True,False,False,True,False,False,False,False,True
-0.5260560784695436,0.22593696090486895,91084.0,2025,5,30,False,True,False,False,False,False,False,False,False,False,True,False
0.8747588743404735,-0.19022785151214447,156976.0,2025,5,30,True,False,False,False,False,True,False,False,True,False,False,True
-0.5260560784695436,-1.3534805282014275,43280.0,2025,5,30,False,False,True,False,False,False,False,False,False,True,True,False
0.17435139793546492,-0.1926066913417749,117624.0,2025,5,31,True,False,False,False,True,False,False,False,False,True,True,False
-1.2264635548745522,-0.8937036522411894,28598.0,2025,5,31,False,False,True,True,False,False,True,False,False,False,False,False
-0.5260560784695436,0.15457176601595587,88924.0,2025,5,31,False,True,False,False,False,False,False,False,False,True,True,False
-1.5766672930770564,0.5930712412778328,25549.0,2025,5,31,True,False,False,False,False,False,True,False,False,False,False,False
-0.5260560784695436,-1.6129062273994577,35428.0,2025,5,31,False,False,True,False,True,False,False,False,False,True,True,False
-0.17585234026703933,-0.5421639885291362,84795.0,2025,5,31,True,False,False,False,True,False,False,False,True,False,True,False
-0.5260560784695436,-1.1125569165671896,50572.0,2025,5,31,False,False,True,False,True,False,False,True,False,False,True,False
1.2249626125429778,-0.18837764275576524,176724.0,2025,5,31,False,True,False,False,True,False,False,False,False,True,False,True
1.2249626125429778,-0.017497648327312286,188361.0,2025,5,31,False,True,False,False,True,False,False,False,True,False,False,True
0.8747588743404735,0.08294225559041722,173512.0,2025,5,31,False,True,False,True,False,False,True,False,False,False,False,True
-0.5260560784695436,-1.1343629483388018,49912.0,2025,6,1,False,False,True,False,False,False,False,False,False,True,True,False
1.2249626125429778,-0.3529140643052037,165519.0,2025,6,1,False,True,False,False,False,False,False,False,False,False,False,True
1.575166350745482,1.8953538902321836,320262.5,2025,6,1,False,False,False,False,True,False,False,True,False,False,False,True
0.5245551361379692,-0.3461740181212508,129094.0,2025,6,1,False,True,False,False,True,False,False,False,True,False,True,False
-0.5260560784695436,-0.5231332698920926,68412.0,2025,6,1,False,True,False,False,False,False,False,False,False,False,True,False
1.2249626125429778,1.8032399257181606,312354.0,2025,6,2,False,False,False,False,True,False,False,False,False,True,False,True
0.8747588743404735,-0.00837876231372895,167984.0,2025,6,2,False,True,False,True,False,False,False,True,False,False,False,True
-0.8762598166720479,0.07078374090563944,64791.0,2025,6,2,False,True,False,False,False,True,False,False,True,False,False,False
0.5245551361379692,-1.1204863826659577,88081.0,2025,6,2,False,False,True,False,False,True,False,False,True,False,True,False
1.575166350745482,-1.3659033584228308,107260.0,2025,6,2,False,False,True,False,False,False,True,False,False,False,False,True
-0.17585234026703933,1.0940813409516652,146700.0,2025,6,2,True,False,False,False,False,True,False,True,False,False,True,False
-0.17585234026703933,-1.3639209918981388,53705.0,2025,6,2,False,False,True,True,False,False,False,False,False,True,True,False
1.2249626125429778,-0.689784215734536,142578.0,2025,6,2,True,False,False,False,False,False,True,False,False,False,False,True
0.5245551361379692,0.01659905589739062,148309.0,2025,6,3,False,True,False,False,True,False,False,False,False,False,True,False
-0.17585234026703933,0.1754526934093786,111945.0,2025,6,3,False,True,False,True,False,False,False,False,False,False,True,False
0.5245551361379692,0.44743338059712506,171129.0,2025,6,3,True,False,False,False,True,False,False,False,False,True,True,False
0.17435139793546492,0.18510021049621314,134772.0,2025,6,3,False,True,False,False,False,False,False,False,True,False,True,False
-0.17585234026703933,2.2379068256989663,189975.0,2025,6,3,False,False,False,False,True,False,False,False,False,False,True,False
0.8747588743404735,-1.0622048068400118,104192.0,2025,6,3,True,False,False,False,False,False,False,False,True,False,False,True
-0.8762598166720479,-1.37859050418086,31890.0,2025,6,3,False,False,True,False,True,False,False,False,False,False,False,False
1.2249626125429778,-0.3268789839475817,167292.0,2025,6,3,False,True,False,False,False,False,False,False,True,False,False,True
-0.17585234026703933,0.7753168037811867,134640.0,2025,6,4,True,False,False,True,False,False,False,False,True,False,True,False
-0.17585234026703933,0.20426308690156944,113035.0,2025,6,4,False,True,False,False,False,True,False,False,False,False,True,False
-0.17585234026703933,1.6056640620905216,166055.0,2025,6,4,False,False,False,False,False,True,True,False,False,False,True,False
1.2249626125429778,-1.0233504229560482,119862.0,2025,6,4,False,False,True,False,False,False,False,True,False,False,False,True
-1.5766672930770564,0.02373557538628193,21241.0,2025,6,4,False,True,False,True,False,False,False,False,False,True,False,False
1.575166350745482,-0.03547110481785336,207930.0,2025,6,4,True,False,False,True,False,False,False,True,False,False,False,True
1.2249626125429778,-0.8611928412362401,130905.0,2025,6,4,True,False,False,True,False,False,False,False,False,False,False,True
0.8747588743404735,1.7109938034358247,272064.0,2025,6,4,False,False,False,True,False,False,False,False,False,False,False,True
-1.2264635548745522,-0.6673173951213596,32024.0,2025,6,5,False,True,False,False,False,True,False,False,False,True,False,False
-0.5260560784695436,-0.3681122076611759,73104.0,2025,6,5,False,True,False,False,False,True,False,False,True,False,True,False
-0.8762598166720479,-1.3172692996837196,33282.0,2025,6,5,False,False,True,False,False,True,False,False,False,True,False,False
1.575166350745482,0.18457157942296193,224580.0,2025,6,5,False,True,False,False,True,False,False,False,True,False,False,True
0.8747588743404735,0.31805092541889196,187744.0,2025,6,5,False,True,False,False,False,True,False,False,False,False,False,True
0.17435139793546492,1.5952235983938103,198792.0,2025,6,5,False,False,False,False,True,False,False,False,False,False,True,False
1.575166350745482,1.6558840140493865,320262.5,2025,6,5,False,False,False,False,False,False,False,True,False,False,False,True
-0.17585234026703933,0.6931146718906239,131530.0,2025,6,5,True,False,False,False,True,False,False,False,False,True,True,False
-1.5766672930770564,0.43395328822921925,24345.0,2025,6,5,True,False,False,False,False,True,False,True,False,False,False,False
-1.2264635548745522,1.4127137203538307,63502.0,2025,6,5,True,False,False,False,False,False,False,False,False,False,False,False
0.5245551361379692,1.2494988764875203,213612.0,2025,6,5,True,False,False,False,False,True,False,False,False,False,True,False
1.2249626125429778,-0.6500047274723826,145287.0,2025,6,6,True,False,False,False,False,True,False,False,False,False,False,True
0.5245551361379692,-1.225683966242948,82509.0,2025,6,6,False,False,True,False,True,False,True,False,False,False,True,False
0.17435139793546492,0.008273116493684098,126744.0,2025,6,6,False,True,False,False,False,False,False,False,False,True,True,False
-0.8762598166720479,-0.20687973031955753,58488.0,2025,6,6,False,True,False,True,False,False,False,False,False,False,False,False
-0.17585234026703933,-0.5685955421916965,83795.0,2025,6,6,False,True,False,False,False,False,True,False,False,False,True,False
-0.5260560784695436,-0.07617569745819637,81940.0,2025,6,7,True,False,False,False,False,False,False,False,True,False,True,False
0.17435139793546492,-1.0902222537223258,76872.0,2025,6,7,False,False,True,False,True,False,False,True,False,False,True,False
-0.17585234026703933,0.5330716144638208,125475.0,2025,6,7,True,False,False,True,False,False,False,False,False,False,True,False
-0.8762598166720479,-0.8844526084592933,43107.0,2025,6,7,False,False,True,False,False,True,True,False,False,False,False,False
-0.17585234026703933,-0.16141745801995364,99200.0,2025,6,7,True,False,False,False,False,True,False,True,False,False,True,False
0.17435139793546492,0.5548776462354331,151560.0,2025,6,8,True,False,False,True,False,False,False,False,True,False,True,False
0.8747588743404735,1.2335077865216713,243160.0,2025,6,8,True,False,False,False,False,True,False,True,False,False,False,True
-1.2264635548745522,1.040821760321606,57874.0,2025,6,8,True,False,False,False,False,False,True,False,False,False,False,False
1.2249626125429778,2.137466921781237,320262.5,2025,6,8,False,False,False,True,False,False,True,False,False,False,False,True
-0.5260560784695436,0.9857119709351675,114080.0,2025,6,8,True,False,False,False,False,True,False,False,True,False,True,False
-1.5766672930770564,0.8875187490787556,27777.0,2025,6,8,True,False,False,False,False,False,False,False,False,True,False,False
0.8747588743404735,2.049185532548285,292536.0,2025,6,9,False,False,False,True,False,False,False,False,True,False,False,True
-0.5260560784695436,-1.6701305410789011,33696.0,2025,6,9,False,False,True,False,False,False,True,False,False,False,True,False
-1.5766672930770564,-0.5607982338612412,16818.0,2025,6,9,True,False,False,True,False,False,False,True,False,False,False,False
-0.17585234026703933,-0.8422942803675094,73440.0,2025,6,9,True,False,False,False,True,False,False,False,False,True,True,False
-1.2264635548745522,-0.7945853260065879,30098.0,2025,6,9,True,False,False,False,False,True,False,False,False,False,False,False
1.2249626125429778,2.0243398721054784,320262.5,2025,6,9,False,False,False,False,False,True,False,False,True,False,False,True
0.8747588743404735,-0.07511843531169395,163944.0,2025,6,9,True,False,False,False,True,False,True,False,False,False,False,True
-1.2264635548745522,1.6268093050205699,66742.0,2025,6,9,False,False,False,True,False,False,True,False,False,False,False,False
-0.17585234026703933,-0.5294768427711072,85275.0,2025,6,10,False,True,False,False,False,False,False,False,False,False,True,False
0.5245551361379692,-0.07577922415325795,143416.0,2025,6,10,True,False,False,False,True,False,False,True,False,False,True,False
1.575166350745482,-0.45467554590606124,176210.0,2025,6,10,False,True,False,False,False,True,False,False,True,False,False,True
-0.17585234026703933,1.1109975352957038,147340.0,2025,6,10,True,False,False,False,False,True,False,False,True,False,True,False
-1.5766672930770564,-0.6118111324299828,16432.0,2025,6,10,False,True,False,False,False,True,False,True,False,False,False,False
-0.8762598166720479,-0.12520622950224589,60342.0,2025,6,10,True,False,False,True,False,False,False,False,False,True,False,False
-1.5766672930770564,1.270379803880943,30674.0,2025,6,10,True,False,False,False,False,True,False,True,False,False,False,False
-1.2264635548745522,0.35994493797405014,47570.0,2025,6,10,True,False,False,False,False,False,False,True,False,False,False,False
0.5245551361379692,-0.22630692226153942,135443.0,2025,6,10,True,False,False,True,False,False,False,False,True,False,True,False
0.17435139793546492,-0.9838352502305203,81702.0,2025,6,10,True,False,False,False,False,False,False,False,False,True,True,False
-0.8762598166720479,-0.3839711398587122,54468.0,2025,6,11,False,True,False,False,True,False,False,False,False,False,False,False
-0.5260560784695436,-0.4462174487340419,70740.0,2025,6,11,False,True,False,False,False,True,False,True,False,False,True,False
-0.8762598166720479,-1.161058817537988,36828.0,2025,6,11,False,False,True,False,True,False,False,False,True,False,False,False
-0.5260560784695436,1.5525366392287752,131236.0,2025,6,11,True,False,False,False,False,True,False,True,False,False,True,False
-1.5766672930770564,-1.0586365470955663,13051.0,2025,6,11,False,False,True,True,False,False,False,True,False,False,False,False
-1.2264635548745522,-0.6188154941505613,32758.0,2025,6,11,True,False,False,False,True,False,False,False,True,False,False,False
-0.17585234026703933,0.4380501790469161,121880.0,2025,6,11,False,True,False,False,False,False,False,True,False,False,True,False
1.575166350745482,-0.030977740695218088,208270.0,2025,6,11,False,True,False,False,False,True,False,True,False,False,False,True
0.17435139793546492,-1.2653312967367885,68922.0,2025,6,11,False,False,True,True,False,False,False,False,True,False,True,False
-0.8762598166720479,0.12298605938919621,65976.0,2025,6,11,False,True,False,False,False,False,False,False,False,True,False,False
-0.17585234026703933,-0.30811258084716386,93650.0,2025,6,11,False,True,False,False,False,True,False,True,False,False,True,False
-0.8762598166720479,0.7980479399309888,81300.0,2025,6,11,True,False,False,True,False,False,False,False,False,True,False,False
1.575166350745482,0.7354051577507206,266260.0,2025,6,11,True,False,False,True,False,False,False,False,True,False,False,True
-0.17585234026703933,-0.8300036079144189,73905.0,2025,6,11,False,False,True,True,False,False,False,False,False,False,True,False
-0.8762598166720479,0.3151434545160103,70338.0,2025,6,12,True,False,False,False,False,False,False,True,False,False,False,False
0.8747588743404735,-0.15626330505575436,159032.0,2025,6,12,False,True,False,False,False,True,False,False,False,True,False,True
1.2249626125429778,-0.01432586188780504,188577.0,2025,6,12,False,True,False,False,False,True,True,False,False,False,False,True
-0.5260560784695436,1.9634151409132765,143672.0,2025,6,12,False,False,False,True,False,False,False,False,True,False,True,False
-0.8762598166720479,1.3322296394513342,93426.0,2025,6,12,True,False,False,True,False,False,False,False,False,True,False,False
1.575166350745482,0.9887515996063619,285430.0,2025,6,12,True,False,False,False,False,False,False,False,False,False,False,True
-0.8762598166720479,-0.26872956588994884,57084.0,2025,6,12,False,True,False,False,False,True,True,False,False,False,False,False
1.575166350745482,-0.21798098285783288,194120.0,2025,6,12,True,False,False,True,False,False,False,False,False,True,False,True
0.8747588743404735,0.6561104967630393,208208.0,2025,6,13,True,False,False,False,False,True,False,True,False,False,False,True
1.575166350745482,-0.2674079882068208,190380.0,2025,6,13,False,True,False,False,False,True,False,False,False,True,False,True
-0.17585234026703933,2.0041197335536194,181130.0,2025,6,13,False,False,False,True,False,False,False,False,False,True,True,False
0.17435139793546492,0.08532109542004765,130242.0,2025,6,13,False,True,False,True,False,False,False,True,False,False,True,False
1.2249626125429778,-0.037585629110858186,186993.0,2025,6,13,False,True,False,False,False,True,False,True,False,False,False,True
-0.5260560784695436,0.6764627930832109,104720.0,2025,6,13,True,False,False,True,False,False,True,False,False,False,True,False
-1.2264635548745522,0.6229388969165262,51550.0,2025,6,14,True,False,False,True,False,False,False,False,True,False,False,False
0.8747588743404735,-1.0089452262099528,107416.0,2025,6,14,False,False,True,False,False,True,True,False,False,False,False,True
0.17435139793546492,0.15351450386945348,133338.0,2025,6,14,False,True,False,False,False,True,False,False,False,True,True,False
1.2249626125429778,-0.3132667338113631,168219.0,2025,6,14,False,True,False,True,False,False,False,True,False,False,False,True
-1.5766672930770564,0.042369820718387005,21382.0,2025,6,14,False,True,False,False,True,False,False,False,False,False,False,False
-0.8762598166720479,-1.4056828466849842,31275.0,2025,6,14,False,False,True,True,False,False,True,False,False,False,False,False
1.575166350745482,0.5184021021810997,249840.0,2025,6,14,False,True,False,False,True,False,False,False,False,False,False,True
-0.5260560784695436,1.4583081504217474,128384.0,2025,6,15,True,False,False,False,True,False,False,False,True,False,True,False
1.2249626125429778,-0.45599712358918926,158499.0,2025,6,15,False,True,False,True,False,False,False,False,True,False,False,True
-0.5260560784695436,-0.6439254701299937,64756.0,2025,6,15,True,False,False,True,False,False,False,True,False,False,True,False
-0.8762598166720479,1.9886572746610218,108327.0,2025,6,15,False,False,False,False,True,False,False,False,False,False,False,False
-1.5766672930770564,-1.3586346811656267,10781.0,2025,6,15,False,False,True,False,False,False,True,False,False,False,False,False
0.5245551361379692,0.11717111758343293,153636.0,2025,6,15,False,True,False,False,True,False,True,False,False,False,True,False
-0.17585234026703933,-0.04776177727094394,103500.0,2025,6,16,False,True,False,False,False,True,False,False,True,False,True,False
-1.2264635548745522,-1.152865035902594,24676.0,2025,6,16,False,False,True,True,False,False,False,True,False,False,False,False
-0.17585234026703933,0.07395552734514668,108105.0,2025,6,16,False,True,False,True,False,False,False,True,False,False,True,False
-0.17585234026703933,1.072936098021617,145900.0,2025,6,16,True,False,False,False,False,True,False,False,False,False,True,False
0.17435139793546492,0.695097038415316,157926.0,2025,6,16,True,False,False,False,False,True,False,True,False,False,True,False
-1.2264635548745522,0.09338271928712857,43536.0,2025,6,16,False,True,False,False,False,True,True,False,False,False,False,False
-0.17585234026703933,-0.3924292370307315,90460.0,2025,6,16,False,True,False,False,False,True,False,False,False,False,True,False
1.2249626125429778,0.3426322703250731,212886.0,2025,6,17,True,False,False,False,True,False,False,True,False,False,False,True
0.5245551361379692,-0.35264974876857813,128751.0,2025,6,17,False,True,False,True,False,False,False,False,True,False,True,False
0.5245551361379692,0.08413167550523243,151886.0,2025,6,17,False,True,False,False,True,False,False,False,False,False,True,False
-0.5260560784695436,-1.4897351873319262,39156.0,2025,6,17,False,False,True,False,False,False,False,True,False,False,True,False
-1.2264635548745522,-0.3690373120393656,36538.0,2025,6,17,False,True,False,False,True,False,False,False,False,False,False,False
-0.8762598166720479,-0.6866124292950287,47598.0,2025,6,17,True,False,False,False,True,False,False,False,True,False,False,False
-0.5260560784695436,-0.05436966568658404,82600.0,2025,6,17,False,True,False,False,False,False,True,False,False,False,True,False
-1.2264635548745522,-0.4582438056505069,35188.0,2025,6,17,True,False,False,False,False,True,False,True,False,False,False,False
-0.17585234026703933,0.4893273931522833,123820.0,2025,6,17,True,False,False,True,False,False,False,False,False,False,True,False
-0.5260560784695436,1.8739443317655096,140964.0,2025,6,17,False,False,False,False,True,False,False,False,False,True,True,False
1.575166350745482,-0.078422379519514,204680.0,2025,6,17,True,False,False,False,False,False,False,False,True,False,False,True
-1.2264635548745522,-0.1989502642207894,39112.0,2025,6,17,True,False,False,True,False,False,True,False,False,False,False,False
-1.5766672930770564,-0.06031676526066013,20605.0,2025,6,17,False,True,False,False,False,False,True,False,False,False,False,False
-1.2264635548745522,-0.6318991132135287,32560.0,2025,6,17,True,False,False,False,True,False,False,False,False,True,False,False
-1.2264635548745522,-0.3776275669796977,36408.0,2025,6,18,False,True,False,False,True,False,False,False,False,True,False,False
-1.5766672930770564,-1.2988993698882403,11233.0,2025,6,18,False,False,True,True,False,False,False,False,False,False,False,False
0.5245551361379692,-0.476217262141048,122206.0,2025,6,18,True,False,False,False,True,False,False,False,True,False,True,False
1.575166350745482,-0.3617686347821614,183240.0,2025,6,18,False,True,False,False,False,True,False,False,False,True,False,True
-1.2264635548745522,-1.2447146848799915,23286.0,2025,6,18,False,False,True,False,False,False,True,False,False,False,False,False
-0.17585234026703933,1.5161932529427546,162670.0,2025,6,18,True,False,False,False,False,False,False,True,False,False,True,False
-0.5260560784695436,-0.32331072420313606,74460.0,2025,6,18,True,False,False,False,False,True,False,False,True,False,True,False
-1.5766672930770564,-0.15137346762818069,19916.0,2025,6,18,False,True,False,False,True,False,False,False,False,False,False,False
-1.2264635548745522,-0.18229838541337637,39364.0,2025,6,18,False,True,False,True,False,False,False,False,True,False,False,False
0.17435139793546492,-0.5452036172003306,101616.0,2025,6,18,True,False,False,False,True,False,False,False,True,False,True,False
-1.2264635548745522,1.7978214572173357,69330.0,2025,6,18,False,False,False,False,False,True,False,False,True,False,False,False
-0.17585234026703933,-0.38714292629821945,90660.0,2025,6,18,False,True,False,False,False,True,False,False,False,True,True,False
-1.5766672930770564,1.7526235004543573,34323.0,2025,6,18,False,False,False,False,True,False,False,False,False,True,False,False
-1.2264635548745522,-0.9219854146601291,28170.0,2025,6,18,True,False,False,True,False,False,False,False,False,True,False,False
0.8747588743404735,-1.3805728707055518,84920.0,2025,6,19,False,False,True,False,False,True,False,False,False,False,False,True
1.2249626125429778,1.9766309177445567,320262.5,2025,6,19,False,False,False,True,False,False,False,False,False,False,False,True
0.5245551361379692,0.45919542197696445,171752.0,2025,6,19,True,False,False,False,True,False,False,True,False,False,True,False
-1.2264635548745522,-1.685592999971499,16614.0,2025,6,19,False,False,True,True,False,False,False,False,False,True,False,False
-1.2264635548745522,0.005629961127428059,42208.0,2025,6,19,False,True,False,False,True,False,True,False,False,False,False,False
-0.8762598166720479,0.526199410511555,75129.0,2025,6,19,True,False,False,False,False,True,False,False,True,False,False,False
-0.17585234026703933,0.9687957765911289,141960.0,2025,6,19,True,False,False,False,True,False,False,True,False,False,True,False
0.17435139793546492,-0.8296071346094804,88704.0,2025,6,19,True,False,False,False,False,False,False,False,True,False,True,False
1.575166350745482,-0.19987536859897903,195490.0,2025,6,19,False,True,False,False,False,True,False,False,False,False,False,True
0.5245551361379692,-0.4722525290916639,122416.0,2025,6,19,True,False,False,False,False,False,False,False,False,True,True,False
0.17435139793546492,-1.2719391851524287,68622.0,2025,6,20,False,False,True,True,False,False,False,False,False,True,True,False
-1.5766672930770564,-0.9149810529395506,14138.0,2025,6,20,True,False,False,False,False,False,False,False,False,True,False,False
-1.2264635548745522,2.082753605699737,73642.0,2025,6,20,False,False,False,False,False,False,True,False,False,False,False,False
0.17435139793546492,-1.265066981200163,68934.0,2025,6,20,False,False,True,True,False,False,True,False,False,False,True,False
1.2249626125429778,0.8735100256375986,249039.0,2025,6,20,True,False,False,False,False,True,False,False,True,False,False,True
0.17435139793546492,-0.5541903454456011,101208.0,2025,6,20,True,False,False,False,False,False,False,False,False,False,True,False
0.17435139793546492,2.0128421462622645,217752.0,2025,6,20,False,False,False,False,False,True,False,False,False,True,True,False
1.2249626125429778,1.237604677339368,273834.0,2025,6,20,True,False,False,False,False,True,False,True,False,False,False,True
-1.2264635548745522,2.0709915643198973,73464.0,2025,6,20,False,False,False,False,False,True,False,False,False,False,False,False
-0.8762598166720479,-0.2774519785985938,56886.0,2025,6,20,False,True,False,True,False,False,False,False,False,True,False,False
0.5245551361379692,0.26479134478883276,161455.0,2025,6,21,True,False,False,True,False,False,False,False,True,False,True,False
-1.2264635548745522,-0.35066738224388605,36816.0,2025,6,21,True,False,False,False,False,False,False,False,True,False,False,False
-1.5766672930770564,0.2690203933748424,23097.0,2025,6,21,False,True,False,True,False,False,False,True,False,False,False,False
-1.5766672930770564,0.8103386123840793,27193.0,2025,6,21,True,False,False,True,False,False,False,False,True,False,False,False
-1.5766672930770564,-0.22313513582203218,19373.0,2025,6,21,True,False,False,True,False,False,True,False,False,False,False,False
-0.17585234026703933,-0.5604017605563029,84105.0,2025,6,22,True,False,False,True,False,False,False,True,False,False,True,False
-0.8762598166720479,-1.7178394954398226,24189.0,2025,6,22,False,False,True,True,False,False,False,False,False,False,False,False
-0.5260560784695436,-0.9189457859889346,56432.0,2025,6,22,False,False,True,False,True,False,False,False,True,False,True,False
-0.8762598166720479,1.0684427338989815,87438.0,2025,6,22,True,False,False,False,False,True,False,True,False,False,False,False
-0.8762598166720479,-1.5303076222039564,28446.0,2025,6,22,False,False,True,False,False,True,True,False,False,False,False,False
-0.17585234026703933,-1.4477090170084552,50535.0,2025,6,22,False,False,True,False,False,False,False,False,False,False,True,False
-0.8762598166720479,1.4864577550723743,96927.0,2025,6,22,True,False,False,False,False,True,False,False,False,True,False,False
1.575166350745482,0.24007784211433877,228780.0,2025,6,22,False,True,False,False,False,False,False,False,True,False,False,True
-0.17585234026703933,-0.5691241732649478,83775.0,2025,6,22,True,False,False,False,True,False,True,False,False,False,True,False
0.8747588743404735,0.9114393051433728,223664.0,2025,6,22,True,False,False,False,True,False,False,True,False,False,False,True
-1.2264635548745522,1.0418790224681083,57890.0,2025,6,22,True,False,False,False,False,True,False,False,False,True,False,False
0.17435139793546492,-0.4586402789554453,105546.0,2025,6,22,True,False,False,False,False,False,False,False,False,False,True,False
-0.8762598166720479,-0.8874922371304877,43038.0,2025,6,22,False,False,True,False,False,True,False,False,True,False,False,False
-0.17585234026703933,-0.541635357455885,84815.0,2025,6,22,False,True,False,False,False,False,False,False,False,False,True,False
1.575166350745482,-0.16617513767921452,198040.0,2025,6,23,True,False,False,False,False,True,False,False,True,False,False,True
1.2249626125429778,-1.4433478106541329,91260.0,2025,6,23,False,False,True,False,True,False,False,False,True,False,False,True
-1.2264635548745522,0.5675647919934621,50712.0,2025,6,23,True,False,False,False,False,False,False,True,False,False,False,False
-1.2264635548745522,0.6165953240375116,51454.0,2025,6,23,True,False,False,False,False,True,True,False,False,False,False,False
-0.17585234026703933,-0.7537485755979321,76790.0,2025,6,23,True,False,False,True,False,False,True,False,False,False,True,False
0.8747588743404735,-0.35740742842783896,146856.0,2025,6,23,False,True,False,False,False,True,True,False,False,False,False,True
-0.8762598166720479,-0.576921481595403,50088.0,2025,6,23,True,False,False,False,False,True,False,False,True,False,False,False
-0.5260560784695436,-0.29621838169901166,75280.0,2025,6,23,False,True,False,True,False,False,True,False,False,False,True,False
-0.5260560784695436,-0.1659108221425889,79224.0,2025,6,23,True,False,False,False,True,False,False,True,False,False,True,False
-0.5260560784695436,-0.5840580010842944,66568.0,2025,6,23,True,False,False,False,False,False,False,True,False,False,True,False
1.575166350745482,-0.04564725297793911,207160.0,2025,6,23,False,True,False,False,True,False,False,False,False,True,False,True
1.2249626125429778,1.2668115441364973,275823.0,2025,6,23,True,False,False,False,False,False,False,False,False,False,False,True
1.575166350745482,1.5364133914946134,320262.5,2025,6,23,True,False,False,False,False,False,False,False,True,False,False,True
-0.8762598166720479,0.8795892829799875,83151.0,2025,6,24,True,False,False,False,True,False,False,False,False,False,False,False
0.5245551361379692,0.2086242932558919,158480.0,2025,6,24,False,True,False,False,True,False,False,False,False,True,True,False
-0.8762598166720479,1.4797177088884212,96774.0,2025,6,24,True,False,False,True,False,False,False,False,True,False,False,False
-1.2264635548745522,-0.6164366543209309,32794.0,2025,6,24,False,True,False,True,False,False,False,False,False,True,False,False
0.8747588743404735,-0.40855248476489336,143760.0,2025,6,24,False,True,False,False,False,True,False,False,False,False,False,True
0.17435139793546492,0.7368588932021614,159822.0,2025,6,24,True,False,False,False,True,False,False,False,True,False,True,False
0.17435139793546492,-0.5132214372686325,103068.0,2025,6,24,False,True,False,True,False,False,False,False,False,False,True,False
-0.5260560784695436,-0.6126040790398596,65704.0,2025,6,24,True,False,False,False,True,False,False,False,False,True,True,False
1.2249626125429778,-0.3412841806936771,166311.0,2025,6,24,False,True,False,False,False,True,False,False,False,True,False,True
-1.5766672930770564,0.41399746521398617,24194.0,2025,6,24,False,True,False,False,False,False,False,True,False,False,False,False
0.5245551361379692,1.7516983960761678,240212.0,2025,6,24,False,False,False,True,False,False,False,False,False,True,True,False
-0.17585234026703933,0.7539072453145128,133830.0,2025,6,24,True,False,False,True,False,False,False,True,False,False,True,False
-1.5766672930770564,1.4924048546464503,32354.0,2025,6,24,True,False,False,False,False,False,False,True,False,False,False,False
-0.17585234026703933,-1.2733929206038694,57130.0,2025,6,25,False,False,True,False,False,True,False,False,False,True,True,False
-1.5766672930770564,-1.6916722573138878,8261.0,2025,6,25,False,False,True,False,False,False,False,False,True,False,False,False
-0.8762598166720479,1.9109485068930943,106563.0,2025,6,25,False,False,False,False,True,False,False,False,False,True,False,False
-0.5260560784695436,1.3482207294171833,125052.0,2025,6,25,True,False,False,False,True,False,False,False,False,True,True,False
0.17435139793546492,-1.3848019192915615,63498.0,2025,6,25,False,False,True,True,False,False,False,False,False,True,True,False
-1.5766672930770564,0.011312745164878544,21147.0,2025,6,25,False,True,False,False,False,True,False,False,False,False,False,False
0.5245551361379692,-0.38846450398134746,126854.0,2025,6,25,False,True,False,False,False,True,False,False,False,True,True,False
0.17435139793546492,-0.9723375243873066,82224.0,2025,6,25,False,False,True,False,True,False,False,True,False,False,True,False
-0.8762598166720479,0.22554048759993056,68304.0,2025,6,26,False,True,False,False,False,False,False,False,False,True,False,False
-0.5260560784695436,-1.372511246838471,42704.0,2025,6,26,False,False,True,False,False,False,True,False,False,False,True,False
1.2249626125429778,-1.0430419304346557,118521.0,2025,6,26,False,False,True,False,False,True,False,False,True,False,False,True
-1.5766672930770564,0.40752173456665886,24145.0,2025,6,26,True,False,False,True,False,False,False,False,False,False,False,False
1.575166350745482,-0.8122944669605033,149150.0,2025,6,26,False,False,True,False,True,False,False,False,False,False,False,True
-1.2264635548745522,-0.9363906114062245,27952.0,2025,6,26,False,False,True,False,False,False,False,True,False,False,False,False
-0.8762598166720479,-0.26278246631587276,57219.0,2025,6,26,False,True,False,False,True,False,False,False,False,True,False,False
0.5245551361379692,-0.5630449159225589,117607.0,2025,6,26,True,False,False,False,False,True,False,False,True,False,True,False
1.575166350745482,0.05029928681715513,214420.0,2025,6,27,False,True,False,True,False,False,False,False,False,False,False,True
-0.5260560784695436,0.10937380925297761,87556.0,2025,6,27,False,True,False,False,True,False,False,False,False,False,True,False
-0.8762598166720479,0.24391041739541003,68721.0,2025,6,27,False,True,False,False,True,False,False,True,False,False,False,False
-0.5260560784695436,-0.4306228320731313,71212.0,2025,6,27,True,False,False,False,False,True,True,False,False,False,True,False
-0.17585234026703933,-0.09335620733886062,101775.0,2025,6,27,True,False,False,False,False,False,False,False,True,False,True,False
-0.8762598166720479,-1.4130836817105012,31107.0,2025,6,27,False,False,True,True,False,False,False,False,True,False,False,False
-1.5766672930770564,-0.2896104932833716,18870.0,2025,6,27,False,True,False,False,False,True,False,True,False,False,False,False
0.17435139793546492,0.10395534075215274,131088.0,2025,6,27,False,True,False,True,False,False,True,False,False,False,True,False
-1.2264635548745522,2.2312989372833263,75890.0,2025,6,27,False,False,False,False,True,False,False,False,True,False,False,False
-1.5766672930770564,-0.47000584703034626,17505.0,2025,6,27,True,False,False,False,False,False,False,False,False,False,False,False
-0.8762598166720479,-0.4694772159570951,52527.0,2025,6,28,False,True,False,False,False,False,False,False,False,False,False,False
0.8747588743404735,0.3254517604444088,188192.0,2025,6,28,True,False,False,False,False,False,False,False,False,True,False,True
-0.17585234026703933,-0.4019445963492532,90100.0,2025,6,28,False,True,False,True,False,False,True,False,False,False,True,False
-0.8762598166720479,-0.1590386181903232,59574.0,2025,6,28,False,True,False,False,True,False,False,False,False,True,False,False
-0.5260560784695436,1.064874474154536,116476.0,2025,6,28,True,False,False,False,False,True,False,False,True,False,True,False
0.8747588743404735,-0.1649857177643993,158504.0,2025,6,28,False,True,False,False,True,False,False,False,False,True,False,True
-0.17585234026703933,-0.1914172714269597,98065.0,2025,6,29,False,True,False,False,False,False,False,True,False,False,True,False
-1.5766672930770564,1.7057074927033127,33968.0,2025,6,29,False,False,False,False,False,False,False,False,False,True,False,False
1.575166350745482,-0.027277323182459633,208550.0,2025,6,29,False,True,False,False,True,False,False,False,False,False,False,True
0.5245551361379692,2.033194442582436,255122.0,2025,6,29,False,False,False,True,False,False,False,False,False,True,True,False
0.17435139793546492,-0.477538839824176,104688.0,2025,6,29,True,False,False,True,False,False,False,False,False,False,True,False
-0.8762598166720479,-1.0366983575556412,39651.0,2025,6,29,True,False,False,False,False,True,True,False,False,False,False,False
0.17435139793546492,-0.5493005080180274,101430.0,2025,6,29,True,False,False,False,True,False,False,False,False,False,True,False
1.575166350745482,-1.0006192868062462,134900.0,2025,6,29,True,False,False,False,False,True,False,True,False,False,False,True
-1.2264635548745522,-0.01710117502237388,41864.0,2025,6,29,False,True,False,True,False,False,False,False,False,False,False,False
0.8747588743404735,-1.7002625122542199,65568.0,2025,6,29,False,False,True,True,False,False,False,False,False,False,False,True
-0.5260560784695436,-0.305998056554159,74984.0,2025,6,30,False,True,False,False,False,True,False,True,False,False,True,False
-0.5260560784695436,-0.9354655070280349,55932.0,2025,6,30,False,False,True,False,True,False,True,False,False,False,True,False
1.575166350745482,1.0850946127063945,292720.0,2025,6,30,True,False,False,False,True,False,False,True,False,False,False,True
1.2249626125429778,-0.36097568817228465,164970.0,2025,6,30,False,True,False,False,False,False,False,False,False,False,False,True
0.8747588743404735,-0.04961198602732317,165488.0,2025,6,30,False,True,False,False,True,False,False,False,False,True,False,True
1.575166350745482,-1.1245832734836545,125520.0,2025,6,30,False,False,True,False,False,True,False,False,True,False,False,True
-1.5766672930770564,-0.40392696287394525,18005.0,2025,6,30,True,False,False,True,False,False,False,False,False,True,False,False
1.575166350745482,0.44201491209630017,244060.0,2025,6,30,False,True,False,False,False,True,False,True,False,False,False,True
-0.5260560784695436,-0.9103555310486025,56692.0,2025,6,30,True,False,False,False,False,False,False,False,False,False,True,False
1.575166350745482,1.460686990251378,320262.5,2025,6,30,True,False,False,True,False,False,False,False,False,False,False,True
-0.5260560784695436,-0.2674079882068208,76152.0,2025,6,30,False,True,False,True,False,False,True,False,False,False,True,False
-1.2264635548745522,0.7876074762342774,54042.0,2025,6,30,True,False,False,False,False,True,False,False,False,False,False,False
0.17435139793546492,-0.051726510320328,124020.0,2025,6,30,False,True,False,False,True,False,False,False,False,True,True,False
1.2249626125429778,0.010651956323314534,190278.0,2025,6,30,False,True,False,False,True,False,False,False,True,False,False,True
-0.17585234026703933,-1.0326014667379442,66240.0,2025,6,30,True,False,False,True,False,False,False,False,False,True,True,False
0.5245551361379692,-0.35198895992701407,128786.0,2025,7,1,False,True,False,False,False,True,False,False,False,False,True,False
-0.5260560784695436,1.977027391049495,144084.0,2025,7,1,False,False,False,False,True,False,False,True,False,False,True,False
-0.8762598166720479,1.8804200624128369,105870.0,2025,7,1,False,False,False,False,False,False,False,False,False,True,False,False
-0.5260560784695436,0.3890196470028666,96020.0,2025,7,1,False,True,False,False,False,False,False,False,False,False,True,False
0.5245551361379692,1.4250043928069214,222908.0,2025,7,1,True,False,False,True,False,False,False,False,False,True,True,False
0.8747588743404735,-1.1726887011495144,97504.0,2025,7,1,False,False,True,False,False,False,True,False,False,False,False,True
-0.8762598166720479,-0.49062245888714334,52047.0,2025,7,1,False,True,False,False,False,False,True,False,False,False,False,False
-1.2264635548745522,0.9403818564038765,56354.0,2025,7,2,True,False,False,False,False,False,False,False,False,False,False,False
0.17435139793546492,-1.4556384831072233,60282.0,2025,7,2,False,False,True,True,False,False,True,False,False,False,True,False
1.575166350745482,-1.0085487529050143,134300.0,2025,7,2,False,False,True,False,False,False,False,False,False,False,False,True
0.17435139793546492,-1.60735560113032,53394.0,2025,7,2,False,False,True,False,False,True,False,False,True,False,True,False
-0.8762598166720479,-0.18467722524300678,58992.0,2025,7,2,False,True,False,True,False,False,False,False,False,False,False,False
1.575166350745482,-1.2114109272651654,118950.0,2025,7,2,False,False,True,False,False,False,False,False,True,False,False,True
0.8747588743404735,0.22791932742956098,182288.0,2025,7,2,False,True,False,False,False,True,False,False,False,True,False,True
-0.8762598166720479,0.3350992775312434,70791.0,2025,7,2,True,False,False,False,False,True,True,False,False,False,False,False
-0.17585234026703933,-0.592251782719688,82900.0,2025,7,2,True,False,False,False,False,False,False,False,True,False,True,False
-0.5260560784695436,-1.1450677275721388,49588.0,2025,7,3,False,False,True,True,False,False,False,False,False,False,True,False
-1.5766672930770564,-1.4155946793084444,10350.0,2025,7,3,False,False,True,False,False,False,False,False,False,False,False,False
0.8747588743404735,-0.2564388934368583,152968.0,2025,7,3,False,True,False,False,False,False,False,False,True,False,False,True
-0.17585234026703933,-1.6699983833105883,42125.0,2025,7,3,False,False,True,True,False,False,False,False,True,False,True,False
-0.5260560784695436,0.43316034161934247,97356.0,2025,7,3,False,True,False,False,False,True,False,False,True,False,True,False
0.8747588743404735,0.8575189356717496,220400.0,2025,7,3,True,False,False,False,False,True,False,True,False,False,False,True
0.8747588743404735,0.028625412813855604,170224.0,2025,7,3,False,True,False,False,True,False,True,False,False,False,False,True
-1.2264635548745522,1.3442559963677994,62466.0,2025,7,4,True,False,False,True,False,False,False,False,False,False,False,False
-1.5766672930770564,2.005837784541686,36239.0,2025,7,4,False,False,False,False,False,True,False,False,False,False,False,False
-0.8762598166720479,0.42285203569094393,72783.0,2025,7,4,False,True,False,True,False,False,False,True,False,False,False,False
-1.2264635548745522,-0.5960843580007593,33102.0,2025,7,4,True,False,False,False,False,True,False,True,False,False,False,False
-1.5766672930770564,-0.10815787738989445,20243.0,2025,7,4,True,False,False,False,False,False,True,False,False,False,False,False
-0.8762598166720479,0.6759341620099597,78528.0,2025,7,4,True,False,False,False,False,False,True,False,False,False,False,False
-0.5260560784695436,0.08968230177437012,86960.0,2025,7,4,False,True,False,True,False,False,False,False,False,False,True,False
0.5245551361379692,-0.3798742490410153,127309.0,2025,7,4,False,True,False,False,False,True,True,False,False,False,True,False
0.5245551361379692,0.1352767318422868,154595.0,2025,7,4,False,True,False,False,True,False,False,True,False,False,True,False
0.17435139793546492,-0.39480807686036196,108444.0,2025,7,5,True,False,False,False,False,False,False,False,False,False,True,False
-0.8762598166720479,-0.3786848291262001,54588.0,2025,7,5,False,True,False,False,False,False,False,False,False,False,False,False
1.575166350745482,0.3123681413814414,234250.0,2025,7,5,True,False,False,False,True,False,False,True,False,False,False,True
-0.17585234026703933,-1.0618083335350734,65135.0,2025,7,5,False,False,True,False,True,False,True,False,False,False,True,False
0.17435139793546492,-0.08635184561828212,122448.0,2025,7,5,False,True,False,False,True,False,False,False,True,False,True,False
0.17435139793546492,-0.7495195270119225,92340.0,2025,7,5,True,False,False,True,False,False,False,False,True,False,True,False
0.17435139793546492,2.1521364340639577,224076.0,2025,7,5,False,False,False,False,True,False,True,False,False,False,True,False
-0.5260560784695436,-0.10181430451087994,81164.0,2025,7,5,True,False,False,False,True,False,False,False,False,True,True,False
-1.2264635548745522,0.32241213177321437,47002.0,2025,7,5,True,False,False,False,False,False,False,False,True,False,False,False
-0.5260560784695436,0.32531960267609605,94092.0,2025,7,5,True,False,False,False,False,False,False,False,False,False,True,False
1.2249626125429778,-0.30097606135827254,169056.0,2025,7,5,False,True,False,False,True,False,False,True,False,False,False,True
1.2249626125429778,-0.028731058633900457,187596.0,2025,7,6,False,True,False,False,False,False,True,False,False,False,False,True
0.8747588743404735,0.1955406741929245,180328.0,2025,7,6,False,True,False,True,False,False,False,False,False,True,False,True
1.2249626125429778,0.9710424586524465,255681.0,2025,7,6,True,False,False,False,False,True,False,False,True,False,False,True
-1.5766672930770564,-0.29304659525950444,18844.0,2025,7,6,False,True,False,True,False,False,True,False,False,False,False,False
0.5245551361379692,1.2220100606784574,212156.0,2025,7,6,True,False,False,True,False,False,False,False,True,False,True,False
0.8747588743404735,2.171960099310878,299968.0,2025,7,6,False,False,False,False,False,False,False,False,True,False,False,True
1.575166350745482,-1.0252006317124274,133040.0,2025,7,6,True,False,False,False,False,True,False,False,False,False,False,True
0.5245551361379692,-0.40908111583814455,125762.0,2025,7,6,True,False,False,False,False,True,False,False,False,False,True,False
0.5245551361379692,-0.9642759005202256,96355.0,2025,7,6,True,False,False,False,True,False,False,False,False,True,True,False
0.5245551361379692,-1.2669171899565421,80325.0,2025,7,6,False,False,True,True,False,False,False,False,True,False,True,False
1.575166350745482,0.10421965628877833,218500.0,2025,7,7,False,True,False,True,False,False,False,False,False,False,False,True
1.575166350745482,1.481303602108175,320262.5,2025,7,7,True,False,False,False,False,True,False,True,False,False,False,True
0.5245551361379692,-1.3908811766339504,73759.0,2025,7,7,False,False,True,True,False,False,False,False,True,False,True,False
-1.5766672930770564,1.2772520078332086,30726.0,2025,7,7,True,False,False,False,False,True,False,False,False,True,False,False
-0.17585234026703933,0.24562846838347646,114600.0,2025,7,7,False,True,False,False,True,False,True,False,False,False,True,False
0.5245551361379692,1.27117275049082,214760.0,2025,7,7,True,False,False,True,False,False,False,True,False,False,True,False
-0.5260560784695436,1.31174518536285,123948.0,2025,7,8,True,False,False,False,False,True,False,True,False,False,True,False
1.575166350745482,0.14664229991718777,221710.0,2025,7,8,False,True,False,False,False,True,False,False,False,True,False,True
0.5245551361379692,-1.0286367336885602,92946.0,2025,7,8,False,False,True,False,False,True,False,False,True,False,True,False
0.8747588743404735,1.940551846995162,285960.0,2025,7,8,False,False,False,False,True,False,False,False,True,False,False,True
1.2249626125429778,1.2066797595541725,271728.0,2025,7,8,True,False,False,True,False,False,False,False,False,False,False,True
0.8747588743404735,-1.071455850621908,103632.0,2025,7,8,False,False,True,False,False,True,False,False,True,False,False,True
-1.5766672930770564,0.02386773315459473,21242.0,2025,7,8,False,True,False,False,False,False,False,True,False,False,False,False
0.8747588743404735,-1.268370925407983,91712.0,2025,7,8,False,False,True,True,False,False,False,False,False,False,False,True
1.575166350745482,-0.06256344732197776,205880.0,2025,7,8,False,True,False,False,False,True,False,False,False,True,False,True
-1.2264635548745522,1.3186173893151156,62078.0,2025,7,8,True,False,False,False,True,False,False,True,False,False,False,False
-0.8762598166720479,1.4776031845954165,96726.0,2025,7,8,True,False,False,False,False,False,False,False,False,True,False,False
-1.2264635548745522,-0.41066700905789816,35908.0,2025,7,8,False,True,False,False,True,False,True,False,False,False,False,False
-0.5260560784695436,1.585972554611914,132248.0,2025,7,8,False,False,False,True,False,False,False,True,False,False,True,False
-0.5260560784695436,2.179228776568082,150204.0,2025,7,9,False,False,False,False,False,True,False,False,False,False,True,False
0.8747588743404735,2.071255879856523,293872.0,2025,7,9,False,False,False,False,True,False,False,False,True,False,False,True
-0.17585234026703933,-1.5744483168204324,45740.0,2025,7,9,False,False,True,False,False,False,False,True,False,False,True,False
1.2249626125429778,1.99989068496761,320262.5,2025,7,9,False,False,False,False,False,True,False,False,True,False,False,True
-1.5766672930770564,-0.39533670793361314,18070.0,2025,7,9,False,True,False,True,False,False,False,False,True,False,False,False
-1.5766672930770564,-0.9122057398049817,14159.0,2025,7,10,True,False,False,False,False,False,False,True,False,False,False,False
-0.17585234026703933,0.17386680018962497,111885.0,2025,7,10,False,True,False,True,False,False,False,True,False,False,True,False
0.17435139793546492,-0.1455585258224174,119760.0,2025,7,10,True,False,False,True,False,False,False,False,False,False,True,False
1.575166350745482,-0.602956561953025,164990.0,2025,7,10,True,False,False,False,True,False,True,False,False,False,False,True
0.8747588743404735,-0.2873638112220539,151096.0,2025,7,10,False,True,False,True,False,False,False,False,False,True,False,True
0.5245551361379692,-0.025823587731018813,146062.0,2025,7,10,False,True,False,True,False,False,False,False,False,False,True,False
0.5245551361379692,1.8981292033667523,247968.0,2025,7,10,False,False,False,False,True,False,True,False,False,False,True,False
1.2249626125429778,-0.4150282154122206,161289.0,2025,7,11,False,True,False,False,False,True,False,False,False,True,False,True
-1.5766672930770564,0.2750996507172313,23143.0,2025,7,11,True,False,False,False,False,False,False,True,False,False,False,False
-0.17585234026703933,-1.3121151467195205,55665.0,2025,7,11,False,False,True,True,False,False,False,False,False,True,True,False
0.8747588743404735,0.07646652494308992,173120.0,2025,7,11,False,True,False,False,False,True,False,True,False,False,False,True
1.575166350745482,-0.9831744613889564,136220.0,2025,7,11,True,False,False,False,False,False,False,True,False,False,False,True
-1.5766672930770564,0.09192898383568775,21757.0,2025,7,11,False,True,False,False,True,False,False,False,False,True,False,False
0.8747588743404735,0.5194593643276022,199936.0,2025,7,11,True,False,False,True,False,False,False,False,True,False,False,True
0.17435139793546492,-0.5318556826007376,102222.0,2025,7,11,True,False,False,False,True,False,False,False,True,False,True,False
-1.5766672930770564,1.0209980950746858,28787.0,2025,7,11,True,False,False,False,True,False,False,False,True,False,False,False
-0.8762598166720479,-0.21533782749157684,58296.0,2025,7,11,False,True,False,False,True,False,False,False,True,False,False,False
-1.5766672930770564,-1.5805275741628213,9102.0,2025,7,11,False,False,True,True,False,False,False,False,False,True,False,False
1.575166350745482,-1.5000434932603248,97110.0,2025,7,11,False,False,True,False,False,False,False,False,False,False,False,True
1.575166350745482,1.4103348805242002,317330.0,2025,7,11,True,False,False,False,False,True,False,True,False,False,False,True
-0.17585234026703933,1.466501932057141,160790.0,2025,7,11,True,False,False,False,False,True,False,False,False,True,True,False
1.575166350745482,-0.8630430499926194,145310.0,2025,7,12,True,False,False,False,True,False,False,False,False,True,False,True
0.5245551361379692,0.10633418058178316,153062.0,2025,7,12,False,True,False,False,True,False,False,False,False,True,True,False
-0.5260560784695436,-0.12190228529442584,80556.0,2025,7,12,False,True,False,True,False,False,False,False,False,False,True,False
-0.5260560784695436,0.42483440221563595,97104.0,2025,7,12,True,False,False,False,True,False,False,True,False,False,True,False
0.8747588743404735,-0.9152453684761761,113088.0,2025,7,12,True,False,False,True,False,False,False,False,False,False,False,True
-0.8762598166720479,1.4782639734369805,96741.0,2025,7,12,True,False,False,False,False,True,False,False,False,True,False,False
1.2249626125429778,-0.30837689638378946,168552.0,2025,7,12,False,True,False,False,False,False,True,False,False,False,False,True
0.8747588743404735,-1.3228199259528575,88416.0,2025,7,12,False,False,True,False,False,False,False,False,True,False,False,True
-1.5766672930770564,-0.5159967504032014,17157.0,2025,7,12,True,False,False,False,True,False,True,False,False,False,False,False
-1.5766672930770564,-0.5754677461439622,16707.0,2025,7,12,False,True,False,False,False,False,False,False,False,False,False,False
0.17435139793546492,-0.5758642194489006,100224.0,2025,7,12,True,False,False,False,True,False,True,False,False,False,True,False
-0.17585234026703933,1.1425832419224635,148535.0,2025,7,12,True,False,False,False,False,True,False,False,False,False,True,False
-0.5260560784695436,-0.6071856105390347,65868.0,2025,7,13,False,True,False,False,False,True,False,True,False,False,True,False
0.5245551361379692,1.1519664434726724,208446.0,2025,7,13,True,False,False,True,False,False,True,False,False,False,True,False
-1.5766672930770564,-0.043532728684934276,20732.0,2025,7,13,False,True,False,False,True,False,False,False,True,False,False,False
1.575166350745482,-0.6122076057349212,164290.0,2025,7,13,True,False,False,False,False,True,False,False,True,False,False,True
0.8747588743404735,-1.1621160796844903,98144.0,2025,7,13,False,False,True,False,True,False,False,False,True,False,False,True
1.2249626125429778,0.3047029908192989,210303.0,2025,7,13,True,False,False,False,False,True,True,False,False,False,False,True
0.17435139793546492,0.16131181219990878,133692.0,2025,7,14,False,True,False,False,True,False,False,False,False,True,True,False
1.575166350745482,-1.5316291998870846,94720.0,2025,7,14,False,False,True,False,True,False,True,False,False,False,False,True
-1.5766672930770564,0.14386698678261892,22150.0,2025,7,14,False,True,False,False,False,True,False,False,False,False,False,False
0.5245551361379692,-0.5730889063143318,117075.0,2025,7,14,False,True,False,False,False,True,False,False,False,False,True,False
-0.8762598166720479,-0.09110952527754299,61116.0,2025,7,14,False,True,False,False,True,False,True,False,False,False,False,False
-0.8762598166720479,-0.9169634194642425,42369.0,2025,7,14,True,False,False,True,False,False,True,False,False,False,False,False
0.17435139793546492,-0.4460852909657291,106116.0,2025,7,14,True,False,False,False,False,False,False,False,False,False,True,False
0.8747588743404735,0.26016582289788465,184240.0,2025,7,14,True,False,False,False,False,False,False,True,False,False,False,True
-1.2264635548745522,-1.026125736090617,26594.0,2025,7,14,True,False,False,False,False,False,True,False,False,False,False,False
-0.5260560784695436,-0.13128548684463479,80272.0,2025,7,14,False,True,False,True,False,False,False,False,False,False,True,False
1.575166350745482,0.34448247908145235,236680.0,2025,7,14,False,True,False,False,False,False,False,True,False,False,False,True
1.2249626125429778,-0.4326051985978233,160092.0,2025,7,14,True,False,False,False,True,False,False,False,False,True,False,True
0.5245551361379692,-0.8054222630082377,104769.0,2025,7,14,False,False,True,False,False,True,False,False,False,False,True,False
0.17435139793546492,-0.6378462127876048,97410.0,2025,7,14,False,True,False,False,True,False,False,False,False,False,True,False
0.5245551361379692,2.0962336980676426,258461.0,2025,7,14,False,False,False,False,True,False,True,False,False,False,True,False
0.5245551361379692,1.7133726432654552,238182.0,2025,7,15,False,False,False,False,False,True,False,False,False,False,True,False
0.5245551361379692,0.4494157471218171,171234.0,2025,7,15,False,True,False,False,False,False,False,False,True,False,True,False
0.5245551361379692,-0.890664023569995,100254.0,2025,7,15,True,False,False,True,False,False,False,False,False,False,True,False
1.575166350745482,-1.2899126416429698,113010.0,2025,7,15,False,False,True,False,False,True,False,False,False,False,False,True
0.5245551361379692,-0.18837764275576524,137452.0,2025,7,15,False,True,False,False,True,False,True,False,False,False,True,False
0.8747588743404735,0.2895048474633267,186016.0,2025,7,15,False,True,False,False,True,False,False,False,False,False,False,True
-0.8762598166720479,1.1197199480043487,88602.0,2025,7,15,True,False,False,False,True,False,False,False,False,False,False,False
1.575166350745482,0.8880473801520069,277810.0,2025,7,15,True,False,False,False,False,True,False,False,False,True,False,True
1.2249626125429778,-0.28974265105168434,169821.0,2025,7,15,False,True,False,False,False,True,False,False,False,True,False,True
1.575166350745482,1.4329338589056895,319040.0,2025,7,15,True,False,False,True,False,False,False,False,False,False,False,True
0.5245551361379692,-1.1125569165671896,88501.0,2025,7,15,False,False,True,True,False,False,False,False,False,False,True,False
-1.5766672930770564,0.8505145739511711,27497.0,2025,7,15,True,False,False,False,False,True,True,False,False,False,False,False
-1.5766672930770564,-1.3829517105351823,10597.0,2025,7,16,False,False,True,False,True,False,False,False,True,False,False,False
-1.2264635548745522,0.7334227912260286,53222.0,2025,7,16,True,False,False,False,True,False,False,False,False,False,False,False
0.8747588743404735,1.513946570881437,260136.0,2025,7,16,True,False,False,False,False,True,True,False,False,False,False,True
-0.8762598166720479,-0.4263937834871216,53505.0,2025,7,16,True,False,False,False,False,False,False,False,False,False,False,False
-1.2264635548745522,1.4954444833176448,64754.0,2025,7,16,True,False,False,True,False,False,False,False,True,False,False,False
-0.17585234026703933,-0.49643740069290665,86525.0,2025,7,16,True,False,False,True,False,False,False,False,True,False,True,False
0.17435139793546492,-0.6217229650534429,98142.0,2025,7,16,True,False,False,False,True,False,True,False,False,False,True,False
-0.17585234026703933,-1.1699133880149455,61045.0,2025,7,16,False,False,True,False,False,True,True,False,False,False,True,False
1.2249626125429778,2.1095816326672354,320262.5,2025,7,16,False,False,False,False,False,False,False,False,False,False,False,True
-0.5260560784695436,-0.6509298318505722,64544.0,2025,7,16,True,False,False,False,False,True,True,False,False,False,True,False
-1.2264635548745522,-0.558948025104862,33664.0,2025,7,17,True,False,False,False,False,True,False,False,False,True,False,False
-1.2264635548745522,-0.11991991876973382,40308.0,2025,7,17,True,False,False,True,False,False,False,False,True,False,False,False
-0.17585234026703933,1.762799648614443,172000.0,2025,7,17,False,False,False,False,True,False,False,False,False,False,True,False
0.17435139793546492,-0.24309095883726525,115332.0,2025,7,17,False,True,False,False,False,True,False,True,False,False,True,False
-0.5260560784695436,0.30139904661147887,93368.0,2025,7,17,False,True,False,False,False,True,False,False,True,False,True,False
-1.5766672930770564,-1.3100006224265157,11149.0,2025,7,17,False,False,True,False,False,True,False,False,True,False,False,False
0.8747588743404735,-0.45718654350400445,140816.0,2025,7,17,True,False,False,False,True,False,False,True,False,False,False,True
-0.8762598166720479,0.6728945333387653,78459.0,2025,7,17,True,False,False,True,False,False,False,True,False,False,False,False
0.8747588743404735,-0.011154075448297792,167816.0,2025,7,18,False,True,False,False,False,True,False,False,False,False,False,True
-1.5766672930770564,0.6097231200852459,25675.0,2025,7,18,True,False,False,True,False,False,False,False,True,False,False,False
-0.17585234026703933,0.6795024217544053,131015.0,2025,7,18,True,False,False,False,False,False,False,False,False,False,True,False
-0.17585234026703933,1.6315669846798309,167035.0,2025,7,18,False,False,False,True,False,False,True,False,False,False,True,False
-0.5260560784695436,1.9694943982556654,143856.0,2025,7,18,False,False,False,False,False,False,False,False,False,True,True,False
-0.5260560784695436,1.192274562808077,120332.0,2025,7,18,True,False,False,False,False,False,False,False,True,False,True,False
0.5245551361379692,0.7207356454679995,185605.0,2025,7,18,True,False,False,True,False,False,False,False,False,True,True,False
-0.5260560784695436,-1.4364756067018671,40768.0,2025,7,18,False,False,True,False,False,True,False,False,False,True,True,False
-0.5260560784695436,-1.3438330111145929,43572.0,2025,7,18,False,False,True,True,False,False,False,True,False,False,True,False
-0.5260560784695436,2.0477317970968443,146224.0,2025,7,19,False,False,False,True,False,False,False,False,False,True,True,False
0.17435139793546492,-1.4660789468039348,59808.0,2025,7,19,False,False,True,False,False,True,False,False,True,False,True,False
0.8747588743404735,1.9727983424634854,287912.0,2025,7,19,False,False,False,True,False,False,False,False,True,False,False,True
1.575166350745482,-1.4114977884907476,103810.0,2025,7,19,False,False,True,False,False,True,False,True,False,False,False,True
1.575166350745482,-0.061770500712100954,205940.0,2025,7,19,False,True,False,False,False,True,False,False,False,True,False,True
-0.5260560784695436,0.7223215386877532,106108.0,2025,7,19,True,False,False,False,False,False,True,False,False,False,True,False
0.17435139793546492,-0.6432646812884296,97164.0,2025,7,19,True,False,False,False,False,False,False,False,False,True,True,False
0.17435139793546492,-0.6344101108114719,97566.0,2025,7,19,True,False,False,False,False,True,True,False,False,False,True,False
0.5245551361379692,0.757871978363897,187572.0,2025,7,19,True,False,False,False,False,True,False,False,True,False,True,False
0.8747588743404735,-0.45560065028425084,140912.0,2025,7,19,True,False,False,False,False,False,False,True,False,False,False,True
-0.5260560784695436,0.2094172398657687,90584.0,2025,7,19,False,True,False,False,True,False,False,False,False,False,True,False
0.8747588743404735,0.013295111689570573,169296.0,2025,7,20,False,True,False,False,False,False,False,False,False,True,False,True
-1.5766672930770564,1.1785301549035456,29979.0,2025,7,20,True,False,False,False,True,False,False,False,True,False,False,False
-0.8762598166720479,-0.3062623720907846,56232.0,2025,7,20,False,True,False,False,False,False,False,False,True,False,False,False
-1.5766672930770564,1.0605132678002134,29086.0,2025,7,20,True,False,False,False,True,False,False,False,False,True,False,False
-1.5766672930770564,1.1172089504064056,29515.0,2025,7,20,True,False,False,False,True,False,False,False,False,True,False,False
0.17435139793546492,0.10540907620359355,131154.0,2025,7,20,False,True,False,False,True,False,False,True,False,False,True,False
1.575166350745482,1.8644289724469878,320262.5,2025,7,20,False,False,False,False,False,True,False,True,False,False,False,True
1.575166350745482,1.935662009567588,320262.5,2025,7,20,False,False,False,False,False,True,False,False,True,False,False,True
-1.2264635548745522,-0.9114127931951048,28330.0,2025,7,20,True,False,False,False,False,True,False,False,False,True,False,False
-1.5766672930770564,-0.10723277301170483,20250.0,2025,7,20,False,True,False,False,False,True,False,False,False,False,False,False
-0.8762598166720479,1.4157533490250251,95322.0,2025,7,20,True,False,False,False,False,False,False,True,False,False,False,False
0.5245551361379692,-1.314493986549151,77805.0,2025,7,20,False,False,True,False,False,True,False,False,False,True,True,False
1.2249626125429778,-0.27546961207390175,170793.0,2025,7,21,True,False,False,True,False,False,False,True,False,False,False,True
-0.5260560784695436,-1.1264334822400337,50152.0,2025,7,21,False,False,True,False,False,False,False,False,False,True,True,False
0.17435139793546492,0.3430287436300115,141942.0,2025,7,21,True,False,False,False,False,False,False,False,False,False,True,False
1.575166350745482,-0.5814148457180384,166620.0,2025,7,21,True,False,False,False,False,True,False,False,False,True,False,True
-1.2264635548745522,-0.5494326657863402,33808.0,2025,7,21,True,False,False,False,False,False,False,False,False,True,False,False
0.17435139793546492,1.1550060721438669,178806.0,2025,7,21,True,False,False,True,False,False,False,False,True,False,True,False
0.8747588743404735,-1.2600449860042764,92216.0,2025,7,22,False,False,True,False,True,False,False,False,False,False,False,True
-0.5260560784695436,1.84566256934657,140108.0,2025,7,22,False,False,False,True,False,False,False,False,False,True,True,False
-1.2264635548745522,-0.516921854781391,34300.0,2025,7,22,False,True,False,False,True,False,False,False,False,True,False,False
0.17435139793546492,2.0358375979486922,218796.0,2025,7,22,False,False,False,False,False,True,False,False,False,False,True,False
-1.2264635548745522,0.44426159415761785,48846.0,2025,7,22,True,False,False,True,False,False,False,False,True,False,False,False
-0.17585234026703933,-1.1570940844886037,61530.0,2025,7,22,False,False,True,False,True,False,True,False,False,False,True,False
0.5245551361379692,1.7506411339296655,240156.0,2025,7,22,False,False,False,False,True,False,True,False,False,False,True,False
-1.5766672930770564,0.054264019866539184,21472.0,2025,7,22,False,True,False,False,False,True,False,False,True,False,False,False
0.5245551361379692,-0.1442369481392894,139790.0,2025,7,22,False,True,False,False,True,False,False,True,False,False,True,False
1.575166350745482,-0.040889573318678235,207520.0,2025,7,22,False,True,False,False,True,False,False,False,False,False,False,True
-1.5766672930770564,1.9141202933326014,35545.0,2025,7,22,False,False,False,False,False,False,False,False,True,False,False,False
1.575166350745482,0.17981389976370107,224220.0,2025,7,23,False,True,False,False,False,True,False,True,False,False,False,True
0.8747588743404735,-0.42256120820605036,142912.0,2025,7,23,False,True,False,False,True,False,False,True,False,False,False,True
-0.17585234026703933,0.10778791603322399,109385.0,2025,7,23,False,True,False,False,True,False,False,False,False,True,True,False
0.17435139793546492,-1.6283686862920557,52440.0,2025,7,23,False,False,True,False,False,False,False,True,False,False,True,False
-0.8762598166720479,-0.26912603919488726,57075.0,2025,7,23,True,False,False,False,False,True,False,False,False,False,False,False
0.17435139793546492,0.30615672627073975,140268.0,2025,7,23,True,False,False,False,False,True,True,False,False,False,True,False
-0.5260560784695436,-1.3459475354075978,43508.0,2025,7,23,False,False,True,False,False,True,False,False,False,True,True,False
0.8747588743404735,-1.0702664307070928,103704.0,2025,7,23,False,False,True,False,False,False,False,False,False,False,False,True
0.8747588743404735,-0.46894858488384383,140104.0,2025,7,23,False,True,False,False,True,False,False,False,True,False,False,True
-0.17585234026703933,1.5562370567415336,164185.0,2025,7,23,True,False,False,False,True,False,False,False,False,True,True,False
-0.5260560784695436,0.3481828965942108,94784.0,2025,7,24,True,False,False,False,False,True,False,False,False,True,True,False
0.5245551361379692,0.2629411360324535,161357.0,2025,7,24,False,True,False,False,False,True,False,False,True,False,True,False
-0.8762598166720479,-0.035338947049540555,62382.0,2025,7,24,True,False,False,True,False,False,False,False,False,False,False,False
-1.2264635548745522,-0.7181981359217884,31254.0,2025,7,24,True,False,False,False,True,False,False,False,False,False,False,False
1.575166350745482,-1.337753753772204,109390.0,2025,7,24,False,False,True,True,False,False,True,False,False,False,False,True
0.5245551361379692,-1.0940548290033971,89481.0,2025,7,24,False,False,True,False,True,False,False,False,False,False,True,False
-0.8762598166720479,0.4109578365427917,72513.0,2025,7,24,False,True,False,False,True,False,False,False,False,False,False,False
1.575166350745482,-1.3715861424602813,106830.0,2025,7,24,False,False,True,False,True,False,True,False,False,False,False,True
-0.5260560784695436,1.74614776980703,137096.0,2025,7,24,False,False,False,False,False,True,False,False,True,False,True,False
1.2249626125429778,-0.1381576907969005,180144.0,2025,7,24,False,True,False,True,False,False,True,False,False,False,False,True
0.17435139793546492,-0.5861725253772992,99756.0,2025,7,24,True,False,False,False,False,True,False,False,False,False,True,False
0.8747588743404735,-0.545600090505269,135464.0,2025,7,24,False,True,False,False,True,False,False,False,False,True,False,True
1.575166350745482,-0.9055978513893416,142090.0,2025,7,24,False,False,True,True,False,False,False,False,False,False,False,True
0.8747588743404735,-0.3527819065368909,147136.0,2025,7,24,True,False,False,False,False,False,True,False,False,False,False,True
-1.2264635548745522,-0.0007136117515864365,42112.0,2025,7,24,False,True,False,False,False,True,False,False,True,False,False,False
0.17435139793546492,0.3114430370032518,140508.0,2025,7,25,True,False,False,False,True,False,False,True,False,False,True,False
-0.8762598166720479,-0.26053578425455515,57270.0,2025,7,25,True,False,False,False,False,True,True,False,False,False,False,False
1.2249626125429778,1.614782948104105,299520.0,2025,7,25,False,False,False,False,False,True,False,False,False,True,False,True
-1.5766672930770564,1.1010857026722436,29393.0,2025,7,25,True,False,False,False,False,False,True,False,False,False,False,False
0.8747588743404735,-0.23965485686113241,153984.0,2025,7,25,False,True,False,False,True,False,False,True,False,False,False,True
-0.17585234026703933,-0.6597844023275299,80345.0,2025,7,25,True,False,False,False,False,True,False,False,False,True,True,False
0.8747588743404735,-0.2922536486496276,150800.0,2025,7,25,False,True,False,False,False,False,False,False,True,False,False,True
-0.8762598166720479,-1.4663432623405603,29898.0,2025,7,25,False,False,True,True,False,False,True,False,False,False,False,False
-1.2264635548745522,-1.6779278494093564,16730.0,2025,7,25,False,False,True,False,True,False,False,True,False,False,False,False
0.8747588743404735,-1.275110971591936,91304.0,2025,7,26,False,False,True,False,True,False,False,False,True,False,False,True
-1.2264635548745522,1.1807768369648632,59992.0,2025,7,26,True,False,False,False,False,True,False,False,False,True,False,False
-1.5766672930770564,-0.5601374450196772,16823.0,2025,7,26,False,True,False,False,False,False,False,True,False,False,False,False
-1.5766672930770564,-1.3551985791894938,10807.0,2025,7,26,False,False,True,False,False,True,True,False,False,False,False,False
-0.8762598166720479,-1.3347141251010095,32886.0,2025,7,26,False,False,True,False,False,True,False,True,False,False,False,False
1.2249626125429778,-0.45573280805256366,158517.0,2025,7,26,True,False,False,False,True,False,False,False,False,False,False,True
-1.2264635548745522,-1.2811902289343249,22734.0,2025,7,26,False,False,True,False,False,True,False,False,False,False,False,False
-0.5260560784695436,-0.08714479222815893,81608.0,2025,7,26,True,False,False,False,True,False,False,False,False,False,True,False
0.5245551361379692,0.509547531704142,174419.0,2025,7,26,False,True,False,False,True,False,False,False,False,False,True,False
1.575166350745482,-1.3947137519150217,105080.0,2025,7,26,False,False,True,True,False,False,False,False,False,False,False,True
-0.8762598166720479,1.6277344093987596,100134.0,2025,7,26,False,False,False,False,True,False,False,False,True,False,False,False
-0.8762598166720479,1.0043462162672725,85983.0,2025,7,26,True,False,False,False,False,False,False,False,True,False,False,False
0.8747588743404735,-0.6593879290225915,128576.0,2025,7,26,True,False,False,True,False,False,False,False,True,False,False,True
-0.17585234026703933,0.46659625700248136,122960.0,2025,7,27,False,True,False,False,False,False,False,False,True,False,True,False
1.575166350745482,-1.379119135254111,106260.0,2025,7,27,False,False,True,False,True,False,False,True,False,False,False,True
0.8747588743404735,-0.13340001113763963,160416.0,2025,7,27,False,True,False,False,False,False,False,False,True,False,False,True
1.575166350745482,-0.9782846239613827,136590.0,2025,7,27,True,False,False,False,False,False,False,False,False,True,False,True
-0.17585234026703933,1.3102914499114091,154880.0,2025,7,27,True,False,False,True,False,False,True,False,False,False,True,False
-0.8762598166720479,2.005837784541686,108717.0,2025,7,27,False,False,False,False,False,False,False,False,False,True,False,False
-1.2264635548745522,-0.019347857083691515,41830.0,2025,7,27,False,True,False,False,False,True,False,False,False,False,False,False
0.8747588743404735,-0.5841901588526072,133128.0,2025,7,27,False,True,False,False,False,True,False,False,False,False,False,True
-1.2264635548745522,2.1201542541322596,74208.0,2025,7,27,False,False,False,True,False,False,False,True,False,False,False,False
-0.5260560784695436,-0.03599973589110456,83156.0,2025,7,27,False,True,False,False,False,False,False,False,False,False,True,False
-0.8762598166720479,-0.6305775355304006,48870.0,2025,7,27,True,False,False,True,False,False,False,False,False,False,False,False
-1.5766672930770564,0.2626768204958279,23049.0,2025,7,28,False,True,False,False,False,False,False,False,False,False,False,False
0.8747588743404735,-0.03375305382978693,166448.0,2025,7,28,False,True,False,False,False,True,True,False,False,False,False,True
0.8747588743404735,-1.4161233103816957,82768.0,2025,7,28,False,False,True,False,True,False,False,True,False,False,False,True
-0.5260560784695436,-1.1494289339264612,49456.0,2025,7,28,False,False,True,True,False,False,False,False,True,False,True,False
-0.17585234026703933,0.6793702639860926,131010.0,2025,7,28,True,False,False,True,False,False,False,True,False,False,True,False
0.5245551361379692,1.7994073504370893,242739.0,2025,7,28,False,False,False,False,False,True,False,False,True,False,True,False
-1.2264635548745522,0.33364554207980257,47172.0,2025,7,28,True,False,False,True,False,False,False,False,False,False,False,False
-0.17585234026703933,-0.8769196156654635,72130.0,2025,7,28,True,False,False,False,True,False,False,False,False,True,True,False
-0.17585234026703933,-0.9082410067555976,70945.0,2025,7,28,False,False,True,False,False,True,False,False,True,False,True,False
0.5245551361379692,0.17122364482336894,156499.0,2025,7,28,False,True,False,True,False,False,False,True,False,False,True,False
-0.17585234026703933,-0.15018404771336546,99625.0,2025,7,28,False,True,False,False,True,False,False,False,False,True,True,False
0.17435139793546492,-0.2606679420228679,114534.0,2025,7,28,False,True,False,True,False,False,True,False,False,False,True,False
0.8747588743404735,-1.7026413520838504,65424.0,2025,7,28,False,False,True,False,False,True,False,False,False,False,False,True
-0.5260560784695436,-1.7229936484040218,32096.0,2025,7,29,False,False,True,False,True,False,False,False,False,True,True,False
-0.5260560784695436,-1.199648885885326,47936.0,2025,7,29,False,False,True,False,False,True,False,False,False,False,True,False
-1.2264635548745522,0.23267700708882186,45644.0,2025,7,29,False,True,False,False,False,True,False,True,False,False,False,False
-1.2264635548745522,-0.22313513582203218,38746.0,2025,7,29,False,True,False,True,False,False,False,False,True,False,False,False
0.17435139793546492,-0.021198065840070744,125406.0,2025,7,29,False,True,False,False,False,True,False,False,False,True,True,False
-1.5766672930770564,-0.7793871826506157,15164.0,2025,7,29,True,False,False,False,True,False,False,False,False,False,False,False
1.575166350745482,-1.3599562588487548,107710.0,2025,7,29,False,False,True,False,True,False,True,False,False,False,False,True
-0.8762598166720479,1.7165444297049626,102150.0,2025,7,29,False,False,False,False,False,True,False,False,False,True,False,False
-1.2264635548745522,2.139184972769303,74496.0,2025,7,29,False,False,False,False,False,True,False,False,True,False,False,False
1.2249626125429778,-0.9418090799070493,125415.0,2025,7,29,True,False,False,True,False,False,True,False,False,False,False,True
-1.5766672930770564,-0.14886247003023745,19935.0,2025,7,29,False,True,False,False,False,False,False,False,False,False,False,False
1.575166350745482,-1.1625125529894287,122650.0,2025,7,29,False,False,True,False,False,False,True,False,False,False,False,True
-0.17585234026703933,2.207378381218709,188820.0,2025,7,29,False,False,False,True,False,False,True,False,False,False,True,False
0.17435139793546492,-0.4944550341682146,103920.0,2025,7,30,True,False,False,False,False,True,False,False,True,False,True,False
-1.2264635548745522,1.6972493955312933,67808.0,2025,7,30,False,False,False,False,False,False,True,False,False,False,False,False
0.17435139793546492,-0.21692372071133048,116520.0,2025,7,30,False,True,False,False,False,False,True,False,False,False,True,False
1.2249626125429778,-0.4867898836060721,156402.0,2025,7,30,True,False,False,False,True,False,False,False,True,False,False,True
-1.2264635548745522,-0.13577885096727005,40068.0,2025,7,30,False,True,False,False,False,True,False,False,False,True,False,False
-0.5260560784695436,-0.5664810178986917,67100.0,2025,7,30,False,True,False,True,False,False,False,True,False,False,True,False
-0.8762598166720479,-0.4197858950714815,53655.0,2025,7,30,True,False,False,True,False,False,False,False,False,True,False,False
0.8747588743404735,1.1096759576125759,235664.0,2025,7,30,True,False,False,True,False,False,False,False,True,False,False,True
1.575166350745482,-0.3386410253274211,184990.0,2025,7,30,False,True,False,True,False,False,False,True,False,False,False,True
1.2249626125429778,2.1267621425479,320262.5,2025,7,30,False,False,False,False,True,False,False,False,True,False,False,True
-0.5260560784695436,0.16435144087110323,89220.0,2025,7,30,False,True,False,False,True,False,False,False,False,False,True,False
-0.8762598166720479,-1.6750203785064748,25161.0,2025,7,30,False,False,True,False,True,False,False,True,False,False,False,False
0.8747588743404735,-0.5857760520723608,133032.0,2025,7,30,True,False,False,True,False,False,False,False,False,False,False,True
-0.5260560784695436,1.1028037536603101,117624.0,2025,7,30,True,False,False,False,True,False,False,False,False,False,True,False
0.5245551361379692,-0.009832497765169772,146909.0,2025,7,31,False,True,False,False,False,True,False,False,True,False,True,False
1.575166350745482,2.1481717010145736,320262.5,2025,7,31,False,False,False,False,False,False,False,False,False,True,False,True
-1.5766672930770564,-0.35555721967145976,18371.0,2025,7,31,False,True,False,False,False,False,True,False,False,False,False,False
-0.5260560784695436,-0.1533558341528727,79604.0,2025,7,31,True,False,False,False,False,True,True,False,False,False,True,False
-0.17585234026703933,1.319146020388367,155215.0,2025,7,31,True,False,False,False,False,False,True,False,False,False,True,False
0.17435139793546492,0.3155399278209487,140694.0,2025,7,31,False,True,False,False,False,True,True,False,False,False,True,False
1.2249626125429778,-0.27071193241464087,171117.0,2025,7,31,False,True,False,False,False,True,False,False,False,False,False,True
-0.5260560784695436,0.9097212541553064,111780.0,2025,7,31,True,False,False,False,False,True,False,True,False,False,True,False
-1.2264635548745522,1.3910398463505311,63174.0,2025,8,1,True,False,False,False,False,False,False,False,True,False,False,False
-0.8762598166720479,-0.05529477006477365,61929.0,2025,8,1,False,True,False,False,True,False,False,False,False,True,False,False
0.5245551361379692,1.7720506923963393,241290.0,2025,8,1,False,False,False,False,True,False,False,True,False,False,True,False
0.5245551361379692,-0.09996409575450073,142135.0,2025,8,1,False,True,False,False,True,False,True,False,False,False,True,False
-0.5260560784695436,-0.05027277486888718,82724.0,2025,8,1,False,True,False,False,False,False,False,False,False,True,True,False
-1.2264635548745522,0.48126576928520237,49406.0,2025,8,1,True,False,False,False,False,False,False,False,False,True,False,False
-1.2264635548745522,0.19950540724230856,45142.0,2025,8,1,False,True,False,True,False,False,False,True,False,False,False,False
1.575166350745482,-0.4065701182402013,179850.0,2025,8,1,True,False,False,False,True,False,False,False,False,False,False,True
0.5245551361379692,0.15972591898015517,155890.0,2025,8,1,False,True,False,False,False,False,True,False,False,False,True,False
1.575166350745482,-0.2048973637948655,195110.0,2025,8,1,True,False,False,False,False,False,False,False,False,True,False,True
0.8747588743404735,-1.579470312016319,72880.0,2025,8,2,False,False,True,False,False,False,False,False,True,False,False,True
1.575166350745482,-1.0707950617803441,129590.0,2025,8,2,False,False,True,False,False,True,False,False,True,False,False,True
0.8747588743404735,1.7814338939465482,276328.0,2025,8,2,False,False,False,False,False,False,False,False,True,False,False,True
0.5245551361379692,-0.1187304988549186,141141.0,2025,8,2,False,True,False,False,True,False,False,False,True,False,True,False
-0.5260560784695436,0.3690638239876335,95416.0,2025,8,2,False,True,False,False,False,True,False,False,False,False,True,False
-1.5766672930770564,2.0954407514577658,36917.0,2025,8,2,False,False,False,False,False,True,False,False,True,False,False,False
-0.5260560784695436,1.895750363537122,141624.0,2025,8,2,False,False,False,False,True,False,False,True,False,False,True,False
-0.8762598166720479,0.44201491209630017,73218.0,2025,8,2,True,False,False,False,False,True,False,False,False,True,False,False
1.575166350745482,-0.49683387399784507,173020.0,2025,8,2,True,False,False,False,False,True,False,False,True,False,False,True
-0.5260560784695436,-0.46881642711553106,70056.0,2025,8,2,False,True,False,False,False,True,False,False,False,False,True,False
-0.17585234026703933,0.9325845480734212,140590.0,2025,8,2,True,False,False,False,True,False,True,False,False,False,True,False
-0.17585234026703933,-0.7512375779999889,76885.0,2025,8,2,True,False,False,False,False,False,False,True,False,False,True,False
1.2249626125429778,0.5491948621979826,226953.0,2025,8,2,True,False,False,False,False,True,False,False,True,False,False,True
-0.17585234026703933,-1.19700573051907,60020.0,2025,8,2,False,False,True,False,False,False,False,False,True,False,True,False
0.8747588743404735,0.7014406112943304,210952.0,2025,8,3,True,False,False,False,False,False,False,False,True,False,False,True
1.2249626125429778,-0.6044102974044658,148392.0,2025,8,3,True,False,False,False,True,False,False,False,False,True,False,True
-0.17585234026703933,-0.6601808756324683,80330.0,2025,8,3,False,True,False,False,False,False,False,False,True,False,True,False
0.8747588743404735,0.6366833048210575,207032.0,2025,8,3,True,False,False,False,False,True,True,False,False,False,False,True
1.575166350745482,-1.6558575021011184,85320.0,2025,8,3,False,False,True,False,False,True,False,False,False,False,False,True
0.17435139793546492,-0.3321652946800938,111288.0,2025,8,3,True,False,False,False,False,True,False,False,False,True,True,False
-1.2264635548745522,0.977386031531461,56914.0,2025,8,3,True,False,False,False,False,True,False,False,False,False,False,False
-1.2264635548745522,-1.036037568714077,26444.0,2025,8,3,True,False,False,False,False,True,False,False,False,True,False,False
0.17435139793546492,-0.37974209127270253,109128.0,2025,8,3,False,True,False,False,False,True,True,False,False,False,True,False
-0.8762598166720479,-0.3665263144414223,54864.0,2025,8,3,False,True,False,False,False,True,False,True,False,False,False,False
0.5245551361379692,1.9909039567223394,252882.0,2025,8,3,False,False,False,True,False,False,True,False,False,False,True,False
1.575166350745482,-0.4813714151052472,174190.0,2025,8,3,False,True,False,False,False,True,True,False,False,False,False,True
-0.5260560784695436,1.1678253756702086,119592.0,2025,8,3,True,False,False,True,False,False,False,False,True,False,True,False
-0.17585234026703933,-0.30414784779777976,93800.0,2025,8,3,False,True,False,False,True,False,True,False,False,False,True,False
-1.5766672930770564,-0.15507388514093914,19888.0,2025,8,4,False,True,False,False,False,False,False,True,False,False,False,False
-0.8762598166720479,0.5744369959457277,76224.0,2025,8,4,True,False,False,False,True,False,False,False,False,False,False,False
-0.8762598166720479,-0.11423713473228334,60591.0,2025,8,4,False,True,False,False,False,True,False,False,False,True,False,False
-0.5260560784695436,-0.4507108128566772,70604.0,2025,8,4,False,True,False,False,False,False,True,False,False,False,True,False
1.575166350745482,-1.4771801993422102,98840.0,2025,8,4,False,False,True,False,False,True,False,False,False,True,False,True
0.8747588743404735,0.26122308504438707,184304.0,2025,8,4,False,True,False,False,True,False,True,False,False,False,False,True
0.5245551361379692,-0.39348649917723394,126588.0,2025,8,4,False,True,False,False,True,False,True,False,False,False,True,False
0.17435139793546492,-0.35714311289121337,110154.0,2025,8,4,False,True,False,False,False,True,False,False,False,True,True,False
-0.8762598166720479,-1.3107935690363925,33429.0,2025,8,5,False,False,True,False,False,True,True,False,False,False,False,False
0.17435139793546492,0.9394567520256868,169020.0,2025,8,5,True,False,False,True,False,False,False,False,False,True,True,False
0.17435139793546492,-0.11688029009853937,121062.0,2025,8,5,False,True,False,False,False,False,False,True,False,False,True,False
1.2249626125429778,-1.3221591371112935,99513.0,2025,8,5,False,False,True,False,False,False,False,False,False,False,False,True
-0.5260560784695436,-0.05265161469851761,82652.0,2025,8,5,True,False,False,True,False,False,True,False,False,False,True,False
-0.17585234026703933,-0.31524910033605513,93380.0,2025,8,5,False,True,False,False,False,True,False,False,False,True,True,False
-1.2264635548745522,0.10448397182540393,43704.0,2025,8,5,False,True,False,True,False,False,False,False,False,True,False,False
-0.17585234026703933,-0.17317949939979302,98755.0,2025,8,5,True,False,False,False,True,False,True,False,False,False,True,False
-1.5766672930770564,-0.09956762244956231,20308.0,2025,8,6,False,True,False,False,False,False,False,False,False,True,False,False
1.2249626125429778,-0.911280635426792,127494.0,2025,8,6,False,False,True,True,False,False,False,True,False,False,False,True
-0.17585234026703933,0.6912644631342447,131460.0,2025,8,6,True,False,False,True,False,False,True,False,False,False,True,False
0.5245551361379692,-0.18176975434012516,137802.0,2025,8,6,False,True,False,False,False,False,False,False,False,False,True,False
0.5245551361379692,-0.5536617143723499,118104.0,2025,8,6,True,False,False,True,False,False,False,False,True,False,True,False
1.575166350745482,-0.6132648678814236,164210.0,2025,8,6,False,True,False,False,True,False,False,False,False,True,False,True
0.8747588743404735,-0.3157777314093064,149376.0,2025,8,6,False,True,False,False,True,False,False,False,True,False,False,True
1.2249626125429778,0.1418846202579269,199215.0,2025,8,6,False,True,False,True,False,False,False,False,True,False,False,True
0.5245551361379692,1.4370307497233863,223545.0,2025,8,6,True,False,False,False,False,False,False,False,False,False,True,False
0.17435139793546492,-0.6689032883411132,96000.0,2025,8,6,False,True,False,False,False,False,False,False,True,False,True,False
1.2249626125429778,-1.2688995564812342,103140.0,2025,8,6,False,False,True,False,True,False,False,False,True,False,False,True
0.8747588743404735,-0.3522532754636397,147168.0,2025,8,6,False,True,False,False,False,False,True,False,False,False,False,True
-0.5260560784695436,-1.1543187713540348,49308.0,2025,8,6,False,False,True,False,False,True,False,False,False,True,True,False
1.575166350745482,-0.10908298176808406,202360.0,2025,8,7,False,True,False,False,False,False,False,False,True,False,False,True
0.17435139793546492,0.2741745463390417,138816.0,2025,8,7,True,False,False,False,False,False,False,False,False,False,True,False
1.575166350745482,-0.4207109994496711,178780.0,2025,8,7,False,True,False,True,False,False,False,False,False,True,False,True
-1.5766672930770564,0.4030283704440236,24111.0,2025,8,7,True,False,False,False,False,False,False,True,False,False,False,False
0.5245551361379692,-1.6481923515389758,60130.0,2025,8,7,False,False,True,True,False,False,True,False,False,False,True,False
-0.8762598166720479,-0.046175884051190316,62136.0,2025,8,7,False,True,False,True,False,False,False,False,True,False,False,False
-1.5766672930770564,0.3969491131016347,24065.0,2025,8,7,True,False,False,False,False,False,False,False,True,False,False,False
1.2249626125429778,0.21007802870733272,203859.0,2025,8,7,False,True,False,True,False,False,False,False,False,False,False,True
0.5245551361379692,-1.136213157095181,87248.0,2025,8,7,False,False,True,False,True,False,False,False,False,False,True,False
1.2249626125429778,0.17095932928674334,201195.0,2025,8,7,False,True,False,False,False,True,False,False,False,False,False,True
-1.5766672930770564,-1.309075518048326,11156.0,2025,8,7,False,False,True,False,False,True,False,False,False,True,False,False
0.17435139793546492,-1.487224189733983,58848.0,2025,8,7,False,False,True,False,True,False,False,False,True,False,True,False
-1.2264635548745522,-0.5159967504032014,34314.0,2025,8,7,True,False,False,True,False,False,True,False,False,False,False,False
0.5245551361379692,0.24615709945672765,160468.0,2025,8,7,False,True,False,False,False,False,False,False,True,False,True,False
-1.5766672930770564,0.17796369100732184,22408.0,2025,8,8,False,True,False,False,False,False,False,True,False,False,False,False
0.8747588743404735,1.9569394102659492,286952.0,2025,8,8,False,False,False,True,False,False,False,False,False,False,False,True
-0.5260560784695436,-0.24969884725290536,76688.0,2025,8,8,True,False,False,False,False,False,False,False,False,False,True,False
-1.5766672930770564,-1.2515868888322572,11591.0,2025,8,8,False,False,True,True,False,False,False,True,False,False,False,False
-0.17585234026703933,0.5606925880411964,126520.0,2025,8,8,True,False,False,False,False,True,True,False,False,False,True,False
0.5245551361379692,0.8069025104079465,190169.0,2025,8,8,True,False,False,True,False,False,False,True,False,False,True,False
-1.2264635548745522,0.4412219654864234,48800.0,2025,8,8,False,True,False,False,True,False,False,True,False,False,False,False
-0.5260560784695436,0.2610909272760743,92148.0,2025,8,8,False,True,False,True,False,False,False,False,False,False,True,False
0.8747588743404735,-1.0137029058692135,107128.0,2025,8,8,True,False,False,True,False,False,False,True,False,False,False,True
0.8747588743404735,-0.7390790633152111,123752.0,2025,8,8,True,False,False,False,False,False,False,False,False,True,False,True
0.8747588743404735,2.0411239086812043,292048.0,2025,8,8,False,False,False,False,False,True,False,False,False,False,False,True
0.5245551361379692,-1.1966092572141316,84049.0,2025,8,8,False,False,True,True,False,False,False,False,False,False,True,False
0.17435139793546492,-1.6816282669221148,50022.0,2025,8,8,False,False,True,True,False,False,False,False,False,False,True,False
0.8747588743404735,0.6613968074955515,208528.0,2025,8,8,True,False,False,False,False,False,False,False,False,True,False,True
-0.17585234026703933,0.4035570015172748,120575.0,2025,8,9,False,True,False,False,False,False,False,True,False,False,True,False
0.17435139793546492,-0.1986859486841638,117348.0,2025,8,9,False,True,False,True,False,False,False,False,False,False,True,False
-1.5766672930770564,0.5160232623514693,24966.0,2025,8,9,True,False,False,True,False,False,False,False,False,False,False,False
0.5245551361379692,2.181343300861087,262969.0,2025,8,9,False,False,False,True,False,False,False,False,False,True,True,False
-0.17585234026703933,-0.506217075548054,86155.0,2025,8,9,True,False,False,False,True,False,False,False,False,False,True,False
0.8747588743404735,-0.2849849713924235,151240.0,2025,8,9,False,True,False,False,True,False,False,False,False,True,False,True
0.8747588743404735,-0.0248984833528292,166984.0,2025,8,9,False,True,False,False,False,True,False,False,False,True,False,True
-1.2264635548745522,-0.7221628689711724,31194.0,2025,8,9,True,False,False,True,False,False,False,True,False,False,False,False
-1.5766672930770564,0.4965960704094874,24819.0,2025,8,9,False,True,False,False,True,False,False,False,True,False,False,False
1.575166350745482,-0.36824436542948874,182750.0,2025,8,9,True,False,False,False,True,False,False,False,False,False,False,True
0.5245551361379692,1.3035514037274563,216475.0,2025,8,9,True,False,False,False,False,True,False,True,False,False,True,False
-0.17585234026703933,0.6279608921124126,129065.0,2025,8,9,True,False,False,False,False,True,True,False,False,False,True,False
0.5245551361379692,1.3125381319727267,216951.0,2025,8,9,True,False,False,False,False,True,False,False,False,True,True,False
-0.5260560784695436,-1.3209697171964783,44264.0,2025,8,9,False,False,True,True,False,False,False,False,False,False,True,False
-1.5766672930770564,-0.6291238000789598,16301.0,2025,8,9,True,False,False,False,False,False,False,False,False,False,False,False
-1.2264635548745522,-0.32872919270396095,37148.0,2025,8,10,False,True,False,False,True,False,False,True,False,False,False,False
1.575166350745482,0.6476523995910201,259620.0,2025,8,10,True,False,False,True,False,False,False,False,True,False,False,True
1.575166350745482,-0.4182000018517279,178970.0,2025,8,10,True,False,False,True,False,False,False,False,False,True,False,True
-1.2264635548745522,-0.4725168446282895,34972.0,2025,8,10,True,False,False,False,True,False,False,False,False,True,False,False
-0.5260560784695436,-1.2414107406721715,46672.0,2025,8,10,False,False,True,False,False,False,False,False,False,False,True,False
-0.17585234026703933,-0.7336605948143862,77550.0,2025,8,11,True,False,False,True,False,False,False,False,False,False,True,False
-1.2264635548745522,-0.11608734348866256,40366.0,2025,8,11,False,True,False,True,False,False,True,False,False,False,False,False
-1.5766672930770564,1.8816094823276521,35299.0,2025,8,11,False,False,False,True,False,False,True,False,False,False,False,False
0.5245551361379692,-0.253927895838915,133980.0,2025,8,11,False,True,False,False,False,True,True,False,False,False,True,False
0.17435139793546492,-0.5248513208801591,102540.0,2025,8,11,True,False,False,False,False,False,False,False,False,False,True,False
1.575166350745482,1.5514793770822728,320262.5,2025,8,11,True,False,False,False,False,False,False,False,True,False,False,True
1.575166350745482,-1.652817873429924,85550.0,2025,8,11,False,False,True,False,False,False,False,True,False,False,False,True
-0.5260560784695436,-0.13643963980883406,80116.0,2025,8,11,False,True,False,False,False,True,True,False,False,False,True,False
0.8747588743404735,-1.0041875465506918,107704.0,2025,8,11,False,False,True,False,False,False,False,False,True,False,False,True
-0.17585234026703933,1.4378236963332631,159705.0,2025,8,11,True,False,False,False,False,True,True,False,False,False,True,False
0.5245551361379692,-1.5370476683879095,66017.0,2025,8,11,False,False,True,False,False,True,False,False,True,False,True,False
0.17435139793546492,-0.5962165157690722,99300.0,2025,8,12,True,False,False,False,False,True,False,False,True,False,True,False
0.5245551361379692,-1.319119508440099,77560.0,2025,8,12,False,False,True,False,True,False,False,False,False,True,True,False
-0.17585234026703933,2.066101726892324,183475.0,2025,8,12,False,False,False,False,False,True,False,True,False,False,True,False
1.575166350745482,-1.6285008440603683,87390.0,2025,8,12,False,False,True,False,False,False,False,False,False,False,False,True
0.17435139793546492,-1.5447128189500519,56238.0,2025,8,12,False,False,True,False,False,False,False,False,False,False,True,False
-0.17585234026703933,0.3949667465769427,120250.0,2025,8,12,True,False,False,False,True,False,False,True,False,False,True,False
1.575166350745482,1.2011291332850347,301500.0,2025,8,12,True,False,False,False,False,False,False,False,True,False,False,True
-0.8762598166720479,-0.42441141696242957,53550.0,2025,8,12,True,False,False,True,False,False,False,True,False,False,False,False
-1.2264635548745522,1.498616269757152,64802.0,2025,8,12,True,False,False,True,False,False,False,False,False,False,False,False
0.8747588743404735,1.905133565087331,283816.0,2025,8,13,False,False,False,False,True,False,False,True,False,False,False,True
-0.5260560784695436,-0.6686389728044876,64008.0,2025,8,13,True,False,False,False,True,False,True,False,False,False,True,False
-1.5766672930770564,0.012634322848006562,21157.0,2025,8,13,False,True,False,False,False,False,True,False,False,False,False,False
-0.5260560784695436,1.2065476017858596,120764.0,2025,8,13,True,False,False,True,False,False,False,False,False,True,True,False
-1.2264635548745522,-1.3480620597006026,21722.0,2025,8,13,False,False,True,False,False,True,True,False,False,False,False,False
1.2249626125429778,-1.3314101808931895,98883.0,2025,8,13,False,False,True,False,False,True,False,False,True,False,False,True
1.2249626125429778,2.2298452018318855,320262.5,2025,8,13,False,False,False,False,False,False,False,False,False,True,False,True
1.575166350745482,-0.3419449695352411,184740.0,2025,8,13,False,True,False,False,False,False,False,False,True,False,False,True
1.2249626125429778,-1.0558612339609974,117648.0,2025,8,13,False,False,True,False,False,False,False,False,False,True,False,True
0.5245551361379692,-0.5666131756670045,117418.0,2025,8,14,True,False,False,False,False,False,True,False,False,False,True,False
-0.5260560784695436,-0.8794306132634068,57628.0,2025,8,14,False,False,True,False,False,True,False,False,True,False,True,False
-0.5260560784695436,-0.06784975805448984,82192.0,2025,8,14,False,True,False,False,True,False,True,False,False,False,True,False
-1.5766672930770564,-0.45665791243075327,17606.0,2025,8,14,True,False,False,False,True,False,False,False,False,True,False,False
-0.5260560784695436,-0.38846450398134746,72488.0,2025,8,14,False,True,False,False,False,True,True,False,False,False,True,False
-0.17585234026703933,-1.2918950081676617,56430.0,2025,8,14,False,False,True,False,True,False,True,False,False,False,True,False
1.575166350745482,1.418528662159594,317950.0,2025,8,14,True,False,False,False,False,True,False,False,True,False,False,True
-1.2264635548745522,-0.21692372071133048,38840.0,2025,8,14,False,True,False,False,True,False,True,False,False,False,False,False
-0.8762598166720479,1.4281761792464285,95604.0,2025,8,14,True,False,False,False,False,True,False,False,False,True,False,False
-1.2264635548745522,-0.7452904784259128,30844.0,2025,8,14,True,False,False,True,False,False,False,False,True,False,False,False
-0.5260560784695436,-0.04961198602732317,82744.0,2025,8,14,False,True,False,False,False,False,False,False,False,True,True,False
-0.5260560784695436,0.975403665006769,113768.0,2025,8,14,True,False,False,False,True,False,False,False,False,True,True,False
-1.5766672930770564,0.06510095686818895,21554.0,2025,8,14,False,True,False,False,True,False,False,False,False,True,False,False
0.8747588743404735,-0.19154942919527249,156896.0,2025,8,15,True,False,False,False,True,False,False,False,True,False,False,True
1.575166350745482,-0.22802497324960583,193360.0,2025,8,15,True,False,False,False,False,False,True,False,False,False,False,True
-0.17585234026703933,-1.3875772324261304,52810.0,2025,8,15,False,False,True,False,False,False,False,False,False,False,True,False
0.5245551361379692,-0.4119885867410262,125608.0,2025,8,15,False,True,False,False,False,False,False,False,False,True,True,False
-1.2264635548745522,0.8606907221112569,55148.0,2025,8,15,True,False,False,False,False,True,True,False,False,False,False,False
-1.2264635548745522,-0.25154905600928457,38316.0,2025,8,15,False,True,False,True,False,False,True,False,False,False,False,False
-0.17585234026703933,-0.03520678928122775,103975.0,2025,8,15,False,True,False,False,False,True,False,False,True,False,True,False
-0.17585234026703933,-0.5800932680349103,83360.0,2025,8,15,False,True,False,False,True,False,False,False,True,False,True,False
-1.2264635548745522,-0.25498515798541743,38264.0,2025,8,15,False,True,False,True,False,False,True,False,False,False,False,False
-1.5766672930770564,-0.09903899137631111,20312.0,2025,8,16,True,False,False,False,False,True,False,True,False,False,False,False
-0.8762598166720479,0.3898125936127434,72033.0,2025,8,16,True,False,False,True,False,False,True,False,False,False,False,False
0.5245551361379692,-0.9168312616959298,98868.0,2025,8,16,False,False,True,False,False,True,False,True,False,False,True,False
0.8747588743404735,-0.6801366986477014,127320.0,2025,8,16,True,False,False,True,False,False,False,True,False,False,False,True
1.575166350745482,-0.053576719076707226,206560.0,2025,8,16,False,True,False,True,False,False,False,True,False,False,False,True
1.2249626125429778,-0.4594332255653221,158265.0,2025,8,16,True,False,False,False,False,False,False,False,False,False,False,True
-1.5766672930770564,-1.0533502363630542,13091.0,2025,8,17,True,False,False,False,False,False,True,False,False,False,False,False
-0.8762598166720479,0.24047431541927716,68643.0,2025,8,17,False,True,False,True,False,False,False,True,False,False,False,False
1.2249626125429778,-0.9683727913379225,123606.0,2025,8,17,False,False,True,False,True,False,False,True,False,False,False,True
-0.8762598166720479,-1.4289426139080375,30747.0,2025,8,17,False,False,True,False,True,False,False,False,False,False,False,False
1.2249626125429778,0.6238640012947158,232038.0,2025,8,17,True,False,False,True,False,False,False,True,False,False,False,True
-0.5260560784695436,0.858576197818252,110232.0,2025,8,17,True,False,False,True,False,False,False,False,True,False,True,False
1.575166350745482,-1.0833500497700603,128640.0,2025,8,17,False,False,True,False,True,False,False,False,False,True,False,True
-0.8762598166720479,0.965359674614996,85098.0,2025,8,17,True,False,False,False,False,False,True,False,False,False,False,False
-0.8762598166720479,-0.11027240168289927,60681.0,2025,8,17,True,False,False,True,False,False,False,False,True,False,False,False
-1.5766672930770564,-0.35714311289121337,18359.0,2025,8,17,False,True,False,False,True,False,False,True,False,False,False,False
-0.17585234026703933,-1.4481054903133936,50520.0,2025,8,17,False,False,True,True,False,False,False,False,False,True,True,False
0.8747588743404735,0.5413975538675273,201264.0,2025,8,17,True,False,False,True,False,False,False,False,False,False,False,True
0.17435139793546492,-0.3595219527208438,110046.0,2025,8,17,False,True,False,False,True,False,False,False,False,True,True,False
1.2249626125429778,-0.4327373563661361,160083.0,2025,8,17,True,False,False,False,False,False,False,False,False,False,False,True
-0.5260560784695436,0.2942625271225876,93152.0,2025,8,18,True,False,False,False,True,False,False,False,False,False,True,False
0.17435139793546492,1.3840354846299527,189204.0,2025,8,18,True,False,False,False,False,True,False,True,False,False,True,False
1.2249626125429778,-1.1934374707746243,108279.0,2025,8,18,False,False,True,True,False,False,False,False,False,False,False,True
0.5245551361379692,1.174168948549223,209622.0,2025,8,18,True,False,False,False,True,False,False,True,False,False,True,False
-1.5766672930770564,-0.21784882508952008,19413.0,2025,8,18,False,True,False,False,False,True,False,True,False,False,False,False
-1.5766672930770564,-0.30916984299366623,18722.0,2025,8,18,False,True,False,False,True,False,False,True,False,False,False,False
0.5245551361379692,-1.7163857599883816,56518.0,2025,8,18,False,False,True,False,False,False,False,False,False,False,True,False
-0.17585234026703933,0.07950615361428437,108315.0,2025,8,18,False,True,False,False,True,False,True,False,False,False,True,False
-1.5766672930770564,-0.1726508683265418,19755.0,2025,8,18,False,True,False,False,True,False,False,True,False,False,False,False
-1.2264635548745522,1.1945212448693947,60200.0,2025,8,18,True,False,False,False,False,False,False,True,False,False,False,False
-0.8762598166720479,-1.1096494456643078,37995.0,2025,8,18,False,False,True,False,False,False,False,False,False,True,False,False
-1.2264635548745522,-0.12362033628249228,40252.0,2025,8,19,False,True,False,True,False,False,True,False,False,False,False,False
0.17435139793546492,-0.41634979309534864,107466.0,2025,8,19,True,False,False,False,False,False,False,False,False,False,True,False
1.2249626125429778,-1.2028206723248331,107640.0,2025,8,19,False,False,True,False,False,False,False,False,True,False,False,True
0.8747588743404735,-0.43617345834226895,142088.0,2025,8,19,False,True,False,False,True,False,True,False,False,False,False,True
-0.5260560784695436,1.053376748311322,116128.0,2025,8,19,True,False,False,True,False,False,False,False,False,False,True,False
1.2249626125429778,-0.3920327637257931,162855.0,2025,8,19,True,False,False,True,False,False,True,False,False,False,False,True
0.5245551361379692,1.0784867242907545,204554.0,2025,8,20,True,False,False,False,False,True,False,False,False,True,True,False
-0.8762598166720479,-1.5542281782685736,27903.0,2025,8,20,False,False,True,False,False,True,True,False,False,False,False,False
-1.2264635548745522,-0.0985103603030599,40632.0,2025,8,20,True,False,False,False,False,True,False,True,False,False,False,False
0.17435139793546492,0.08664267310317567,130302.0,2025,8,20,False,True,False,False,True,False,False,False,False,False,True,False
1.2249626125429778,-1.3550664214211812,97272.0,2025,8,20,False,False,True,True,False,False,True,False,False,False,False,True
0.5245551361379692,0.7811317455869501,188804.0,2025,8,20,True,False,False,True,False,False,False,False,False,False,True,False
-1.5766672930770564,-1.2940095324606666,11270.0,2025,8,20,False,False,True,False,False,False,False,False,False,True,False,False
-0.5260560784695436,-1.2069175631425302,47716.0,2025,8,20,False,False,True,False,False,False,False,False,False,True,True,False
0.17435139793546492,0.21774317926947523,136254.0,2025,8,20,False,True,False,True,False,False,False,False,False,True,True,False
-1.2264635548745522,-1.2118074005701038,23784.0,2025,8,20,False,False,True,False,False,False,False,True,False,False,False,False
0.8747588743404735,-0.716480084933722,125120.0,2025,8,20,True,False,False,False,False,False,False,False,False,True,False,True
1.2249626125429778,-0.9329545094300916,126018.0,2025,8,21,False,False,True,False,False,False,True,False,False,False,False,True
-0.17585234026703933,1.6718751040152353,168560.0,2025,8,21,False,False,False,False,True,False,False,False,False,True,True,False
0.5245551361379692,-1.5568713336348297,64967.0,2025,8,21,False,False,True,True,False,False,False,False,False,False,True,False
-1.2264635548745522,1.0445221778343645,57930.0,2025,8,21,True,False,False,True,False,False,False,False,False,False,False,False
0.17435139793546492,0.49871059470249224,149010.0,2025,8,21,True,False,False,False,False,False,True,False,False,False,True,False
0.17435139793546492,-0.3243679863496385,111642.0,2025,8,21,False,True,False,False,True,False,False,False,False,True,True,False
-0.17585234026703933,-0.5481110881032122,84570.0,2025,8,21,False,True,False,True,False,False,False,False,False,False,True,False
1.575166350745482,-1.2641418768219734,114960.0,2025,8,21,False,False,True,False,False,True,False,False,True,False,False,True
1.575166350745482,-0.4452923443558523,176920.0,2025,8,21,True,False,False,False,False,False,True,False,False,False,False,True
-1.5766672930770564,-1.342511433431465,10903.0,2025,8,21,False,False,True,True,False,False,False,True,False,False,False,False
-1.2264635548745522,-0.3145883114944911,37362.0,2025,8,21,True,False,False,True,False,False,False,True,False,False,False,False
-0.17585234026703933,-1.3053751005355676,55920.0,2025,8,21,False,False,True,False,False,True,True,False,False,False,True,False
1.2249626125429778,0.4889309198473449,222849.0,2025,8,21,True,False,False,False,False,False,True,False,False,False,False,True
0.8747588743404735,-1.048856872240419,105000.0,2025,8,21,False,False,True,True,False,False,True,False,False,False,False,True
1.2249626125429778,-0.12956743585656835,180729.0,2025,8,22,False,True,False,True,False,False,False,False,True,False,False,True
1.2249626125429778,-1.0290332069934987,119475.0,2025,8,22,True,False,False,False,False,False,False,False,True,False,False,True
-0.5260560784695436,0.18443942165464913,89828.0,2025,8,22,False,True,False,False,True,False,False,False,True,False,True,False
-0.5260560784695436,1.391832792960408,126372.0,2025,8,22,True,False,False,False,False,True,False,False,False,True,True,False
0.5245551361379692,-1.2929522703141643,78946.0,2025,8,22,False,False,True,True,False,False,False,False,True,False,True,False
-0.17585234026703933,1.2119660702866846,151160.0,2025,8,23,True,False,False,True,False,False,False,False,True,False,True,False
-0.5260560784695436,1.5510829037773344,131192.0,2025,8,23,True,False,False,False,False,True,False,False,False,False,True,False
1.575166350745482,-0.19538200447634374,195830.0,2025,8,23,True,False,False,True,False,False,False,False,False,True,False,True
-0.8762598166720479,-0.13221059122282441,60183.0,2025,8,23,False,True,False,False,False,True,False,False,True,False,False,False
-0.5260560784695436,1.3446524696727378,124944.0,2025,8,23,True,False,False,False,False,False,True,False,False,False,True,False
-1.2264635548745522,-0.28868538890518197,37754.0,2025,8,23,False,True,False,False,False,True,True,False,False,False,False,False
0.5245551361379692,1.3980442080711097,221480.0,2025,8,23,True,False,False,False,False,True,True,False,False,False,True,False
-1.5766672930770564,1.1017464915138078,29398.0,2025,8,23,True,False,False,False,True,False,False,False,False,True,False,False
-0.5260560784695436,1.520025828223826,130252.0,2025,8,23,True,False,False,False,False,True,False,False,True,False,True,False
0.8747588743404735,1.9459703154959866,286288.0,2025,8,23,False,False,False,False,False,False,True,False,False,False,False,True
-0.8762598166720479,-0.6472294143378137,48492.0,2025,8,24,True,False,False,False,False,True,False,False,False,False,False,False
-0.5260560784695436,0.9136859872046904,111900.0,2025,8,24,True,False,False,False,False,False,False,False,False,False,True,False
1.2249626125429778,1.8668078122766183,316683.0,2025,8,24,False,False,False,False,False,False,False,False,False,False,False,True
0.8747588743404735,-0.061374027407162544,164776.0,2025,8,24,True,False,False,False,True,False,False,False,False,False,False,True
-1.2264635548745522,1.525972927797902,65216.0,2025,8,24,True,False,False,False,True,False,True,False,False,False,False,False
-1.2264635548745522,-1.2324240124269008,23472.0,2025,8,24,False,False,True,True,False,False,False,False,False,True,False,False
-1.2264635548745522,1.0827157728767642,58508.0,2025,8,24,True,False,False,False,False,False,False,False,False,True,False,False
1.575166350745482,0.43501055037572167,243530.0,2025,8,25,True,False,False,False,False,False,False,True,False,False,False,True
0.5245551361379692,-0.7670965101975251,106799.0,2025,8,25,True,False,False,False,False,True,True,False,False,False,True,False
1.2249626125429778,0.22382243661186413,204795.0,2025,8,25,False,True,False,True,False,False,False,False,False,True,False,True
0.8747588743404735,2.04799611263347,292464.0,2025,8,25,False,False,False,False,False,False,False,False,False,False,False,True
1.575166350745482,0.9566372619063511,283000.0,2025,8,25,True,False,False,True,False,False,False,False,True,False,False,True
0.17435139793546492,1.245005512364885,182892.0,2025,8,25,True,False,False,False,False,False,False,True,False,False,True,False
-0.5260560784695436,0.723775274139194,106152.0,2025,8,26,True,False,False,True,False,False,False,False,False,False,True,False
0.17435139793546492,-0.6209300184435661,98178.0,2025,8,26,True,False,False,False,False,True,False,True,False,False,True,False
1.575166350745482,-0.38132798449245614,181760.0,2025,8,26,True,False,False,False,True,False,False,False,False,False,False,True
-0.5260560784695436,-0.3459097025846252,73776.0,2025,8,26,False,True,False,False,True,False,False,False,False,True,True,False
0.17435139793546492,0.5024110122152506,149178.0,2025,8,26,False,True,False,True,False,False,False,False,False,False,True,False
-1.5766672930770564,-1.0137029058692135,13391.0,2025,8,26,True,False,False,False,True,False,False,False,True,False,False,False
-0.17585234026703933,1.4174714000130917,158935.0,2025,8,26,True,False,False,True,False,False,False,True,False,False,True,False
1.575166350745482,0.5407367650259632,251530.0,2025,8,26,True,False,False,False,False,True,False,False,True,False,False,True
1.2249626125429778,0.7798101679038221,242658.0,2025,8,26,True,False,False,False,False,True,False,True,False,False,False,True
0.17435139793546492,1.4239471306604188,191016.0,2025,8,26,True,False,False,False,False,False,False,False,False,False,True,False
-1.2264635548745522,0.49778549032430264,49656.0,2025,8,26,True,False,False,False,False,False,False,False,False,True,False,False
-0.17585234026703933,1.680861832260506,168900.0,2025,8,26,False,False,False,True,False,False,True,False,False,False,True,False
0.17435139793546492,1.4231541840505422,190980.0,2025,8,26,True,False,False,False,False,True,True,False,False,False,True,False
-0.8762598166720479,1.174301106317536,89841.0,2025,8,26,True,False,False,False,False,True,True,False,False,False,False,False
0.17435139793546492,1.2953576220920626,185178.0,2025,8,26,True,False,False,False,True,False,True,False,False,False,True,False
1.575166350745482,1.9040763029408285,320262.5,2025,8,27,False,False,False,True,False,False,False,False,False,True,False,True
-1.2264635548745522,-1.283701226532268,22696.0,2025,8,27,False,False,True,True,False,False,False,False,True,False,False,False
1.2249626125429778,-1.177710696345401,109350.0,2025,8,27,False,False,True,False,True,False,False,True,False,False,False,True
-0.8762598166720479,-0.41093132459452375,53856.0,2025,8,27,False,True,False,False,False,True,False,False,False,True,False,False
-1.5766672930770564,1.9031511985626388,35462.0,2025,8,27,False,False,False,False,True,False,False,False,False,False,False,False
-0.17585234026703933,-0.6318991132135287,81400.0,2025,8,27,True,False,False,True,False,False,False,False,True,False,True,False
0.8747588743404735,0.8947874263359598,222656.0,2025,8,27,True,False,False,True,False,False,False,True,False,False,False,True
-1.2264635548745522,0.8580475667450008,55108.0,2025,8,27,True,False,False,False,False,False,False,False,False,True,False,False
0.17435139793546492,-0.3595219527208438,110046.0,2025,8,27,False,True,False,False,False,True,False,False,False,False,True,False
0.17435139793546492,0.6917930942074959,157776.0,2025,8,27,True,False,False,False,True,False,False,False,True,False,True,False
-0.5260560784695436,-0.01022897107010818,83936.0,2025,8,28,True,False,False,True,False,False,False,False,True,False,True,False
-1.2264635548745522,-0.17080065957016258,39538.0,2025,8,28,True,False,False,False,False,False,True,False,False,False,False,False
-1.5766672930770564,-0.5553797653604163,16859.0,2025,8,28,True,False,False,True,False,False,False,False,True,False,False,False
0.8747588743404735,-0.04881903941744636,165536.0,2025,8,28,False,True,False,False,False,False,True,False,False,False,False,True
0.8747588743404735,-0.08106553488577004,163584.0,2025,8,28,True,False,False,True,False,False,True,False,False,False,False,True
1.2249626125429778,-1.1235260113371521,113040.0,2025,8,28,False,False,True,False,False,False,False,False,True,False,False,True
-0.8762598166720479,-0.5500934546279043,50697.0,2025,8,28,False,True,False,False,False,False,True,False,False,False,False,False
1.2249626125429778,0.49342428396998017,223155.0,2025,8,28,False,True,False,True,False,False,False,False,False,False,False,True
-0.5260560784695436,-0.2868351801488027,75564.0,2025,8,28,False,True,False,False,False,True,False,False,False,False,True,False
-0.5260560784695436,1.9761022866713056,144056.0,2025,8,28,False,False,False,False,False,False,True,False,False,False,True,False
0.5245551361379692,-0.35542506190314693,128604.0,2025,8,28,False,True,False,True,False,False,False,False,True,False,True,False
-0.8762598166720479,1.7215664249008489,102264.0,2025,8,28,False,False,False,False,False,True,False,False,False,True,False,False
-0.5260560784695436,0.23360211146701146,91316.0,2025,8,29,False,True,False,False,True,False,False,True,False,False,True,False
-1.5766672930770564,-0.3241036708130129,18609.0,2025,8,29,False,True,False,False,False,False,False,True,False,False,False,False
1.575166350745482,-0.16221040462983044,198340.0,2025,8,29,True,False,False,False,False,False,False,True,False,False,False,True
-0.17585234026703933,1.8231957487333936,174285.0,2025,8,29,False,False,False,True,False,False,False,False,False,False,True,False
0.17435139793546492,0.37910781437940644,143580.0,2025,8,29,False,True,False,True,False,False,False,False,False,False,True,False
-0.17585234026703933,-0.5022523424986699,86305.0,2025,8,29,True,False,False,False,True,False,False,True,False,False,True,False
-1.5766672930770564,-0.17502970815617225,19737.0,2025,8,30,True,False,False,False,False,True,False,False,False,True,False,False
0.17435139793546492,-0.06190265848041375,123558.0,2025,8,30,False,True,False,False,False,True,False,False,False,False,True,False
1.2249626125429778,-0.4804463107270576,156834.0,2025,8,30,True,False,False,False,False,False,False,True,False,False,False,True
-0.5260560784695436,-0.15917077595863602,79428.0,2025,8,30,False,True,False,False,False,False,False,False,True,False,True,False
1.2249626125429778,-0.8955538609975686,128565.0,2025,8,30,False,False,True,True,False,False,False,False,False,False,False,True
-1.2264635548745522,-0.30890552745704064,37448.0,2025,8,30,False,True,False,False,False,True,False,True,False,False,False,False
-0.8762598166720479,-0.0585987142725937,61854.0,2025,8,30,False,True,False,False,False,False,False,True,False,False,False,False
-0.8762598166720479,1.3257539088040071,93279.0,2025,8,30,True,False,False,False,True,False,False,False,True,False,False,False
0.8747588743404735,0.18708257702090517,179816.0,2025,8,30,False,True,False,False,False,True,False,False,False,True,False,True
-0.17585234026703933,0.02228183993484111,106150.0,2025,8,30,False,True,False,False,False,False,False,False,False,False,True,False
-0.17585234026703933,0.6648329094716843,130460.0,2025,8,30,True,False,False,False,False,False,False,True,False,False,True,False
0.17435139793546492,-1.1186361739095785,75582.0,2025,8,30,False,False,True,False,False,False,False,False,False,True,True,False
-1.2264635548745522,-0.501591553657106,34532.0,2025,8,30,True,False,False,False,True,False,True,False,False,False,False,False
-1.2264635548745522,1.1483981837282267,59502.0,2025,8,30,True,False,False,True,False,False,False,False,False,False,False,False
1.2249626125429778,-0.12058070761129783,181341.0,2025,8,30,False,True,False,False,False,False,False,True,False,False,False,True
1.2249626125429778,0.444129436389305,219798.0,2025,8,31,False,True,False,False,True,False,True,False,False,False,False,True
0.8747588743404735,0.32399802499296804,188104.0,2025,8,31,False,True,False,False,False,False,False,False,True,False,False,True
-0.17585234026703933,-1.1885476333470506,60340.0,2025,8,31,False,False,True,False,True,False,False,False,False,True,True,False
-0.8762598166720479,-0.48943303897232815,52074.0,2025,8,31,False,True,False,False,True,False,False,False,True,False,False,False
1.2249626125429778,0.5201201531691662,224973.0,2025,8,31,True,False,False,False,False,True,False,True,False,False,False,True
-1.5766672930770564,0.36166298896211657,23798.0,2025,9,1,True,False,False,False,True,False,False,True,False,False,False,False
-0.8762598166720479,2.1641627909804226,112311.0,2025,9,1,False,False,False,False,False,True,False,False,False,False,False,False
-0.5260560784695436,-0.6671852373530468,64052.0,2025,9,1,True,False,False,True,False,False,False,False,False,False,True,False
0.8747588743404735,0.7788850635256325,215640.0,2025,9,1,True,False,False,False,True,False,True,False,False,False,False,True
0.5245551361379692,-0.145822841359043,139706.0,2025,9,1,True,False,False,True,False,False,False,False,True,False,True,False
-0.5260560784695436,-1.2227764953400664,47236.0,2025,9,1,False,False,True,True,False,False,False,True,False,False,True,False
0.17435139793546492,-0.40181243858094046,108126.0,2025,9,1,False,True,False,True,False,False,False,False,False,False,True,False
-1.2264635548745522,2.0281724473865497,72816.0,2025,9,1,False,False,False,False,False,True,False,False,True,False,False,False
-0.8762598166720479,1.6229767297394986,100026.0,2025,9,1,False,False,False,False,False,False,True,False,False,False,False,False
1.2249626125429778,-1.2988993698882403,101097.0,2025,9,1,False,False,True,False,True,False,False,False,False,True,False,True
0.5245551361379692,-1.1044952927001086,88928.0,2025,9,2,False,False,True,False,False,True,False,False,True,False,True,False
-0.8762598166720479,0.27880006822998976,69513.0,2025,9,2,False,True,False,False,False,False,False,False,False,True,False,False
-0.17585234026703933,-0.20410441718498867,97585.0,2025,9,2,False,True,False,True,False,False,False,False,False,True,True,False
1.575166350745482,-0.9752449952901883,136820.0,2025,9,2,True,False,False,True,False,False,False,False,True,False,False,True
-0.5260560784695436,1.5764571952933923,131960.0,2025,9,2,True,False,False,False,True,False,False,False,False,False,True,False
1.575166350745482,0.29201584506126993,232710.0,2025,9,2,True,False,False,True,False,False,False,False,True,False,False,True
-0.8762598166720479,0.6201635837819572,77262.0,2025,9,3,True,False,False,False,True,False,True,False,False,False,False,False
-1.5766672930770564,1.7112581189724503,34010.0,2025,9,3,False,False,False,False,True,False,False,False,False,True,False,False
1.575166350745482,-1.61819253813197,88170.0,2025,9,3,False,False,True,False,False,True,False,False,False,False,False,True
-0.8762598166720479,-1.0988125086626581,38241.0,2025,9,3,False,False,True,True,False,False,False,False,False,False,False,False
0.8747588743404735,-0.3687729965027399,146168.0,2025,9,3,True,False,False,False,False,True,False,False,True,False,False,True
-0.5260560784695436,0.989412388447926,114192.0,2025,9,3,True,False,False,False,False,True,False,False,False,False,True,False
0.17435139793546492,-1.2759039182018128,68442.0,2025,9,3,False,False,True,True,False,False,False,False,True,False,True,False
-0.8762598166720479,-1.3394718047602705,32778.0,2025,9,3,False,False,True,True,False,False,True,False,False,False,False,False
1.2249626125429778,-1.233084801268465,105579.0,2025,9,4,False,False,True,False,False,False,False,False,False,True,False,True
-1.5766672930770564,-1.5729945813689916,9159.0,2025,9,4,False,False,True,False,False,True,False,True,False,False,False,False
1.2249626125429778,1.1667681135237062,269010.0,2025,9,4,True,False,False,False,False,False,False,True,False,False,False,True
-1.2264635548745522,-0.400094387592874,36068.0,2025,9,4,False,True,False,True,False,False,False,False,False,True,False,False
-0.5260560784695436,1.9309043299083273,142688.0,2025,9,4,False,False,False,False,True,False,False,False,False,False,True,False
-0.17585234026703933,1.3254895932673814,155455.0,2025,9,5,True,False,False,False,False,True,False,False,False,True,True,False
-1.5766672930770564,-0.8890781303502413,14334.0,2025,9,5,True,False,False,False,True,False,False,False,False,True,False,False
-1.2264635548745522,-0.5059527600114284,34466.0,2025,9,5,True,False,False,False,False,True,False,True,False,False,False,False
1.575166350745482,-0.707757672225077,157060.0,2025,9,5,True,False,False,False,False,False,True,False,False,False,False,True
0.8747588743404735,0.2083599777192663,181104.0,2025,9,5,False,True,False,False,True,False,False,True,False,False,False,True
1.575166350745482,1.4082203562311955,317170.0,2025,9,5,True,False,False,False,True,False,False,False,False,False,False,True
-1.2264635548745522,2.1037666908614723,73960.0,2025,9,5,False,False,False,False,True,False,False,True,False,False,False,False
0.17435139793546492,-0.22419239796853457,116190.0,2025,9,5,True,False,False,True,False,False,False,False,True,False,True,False
-0.17585234026703933,-0.32489661742288967,93015.0,2025,9,5,False,True,False,False,False,True,False,False,False,True,True,False
0.17435139793546492,-0.5680669111184453,100578.0,2025,9,6,True,False,False,True,False,False,False,False,False,True,True,False
-0.5260560784695436,-1.1251119045569056,50192.0,2025,9,6,False,False,True,False,False,False,False,True,False,False,True,False
0.8747588743404735,0.2766855439369849,185240.0,2025,9,6,False,True,False,False,False,False,False,False,True,False,False,True
0.8747588743404735,-1.289119695033093,90456.0,2025,9,6,False,False,True,True,False,False,False,False,False,False,False,True
-1.5766672930770564,-0.6588592979493403,16076.0,2025,9,6,False,True,False,True,False,False,False,False,False,True,False,False
-0.17585234026703933,0.21113529085383514,113295.0,2025,9,6,False,True,False,True,False,False,False,True,False,False,True,False
0.8747588743404735,-0.8095191538259345,119488.0,2025,9,6,True,False,False,False,True,False,False,True,False,False,False,True
-0.8762598166720479,0.14571719553899815,66492.0,2025,9,6,False,True,False,True,False,False,False,False,False,False,False,False
0.8747588743404735,1.2027150265047883,241296.0,2025,9,6,True,False,False,False,False,False,False,False,True,False,False,True
-0.17585234026703933,-0.08132985042239564,102230.0,2025,9,6,True,False,False,False,False,False,True,False,False,False,True,False
1.575166350745482,-0.3403590763154875,184860.0,2025,9,6,True,False,False,True,False,False,False,True,False,False,False,True
-1.2264635548745522,-1.3533483704331146,21642.0,2025,9,7,False,False,True,True,False,False,False,False,True,False,False,False
-0.17585234026703933,1.0924954477319115,146640.0,2025,9,7,True,False,False,True,False,False,False,False,True,False,True,False
1.575166350745482,2.2096250632800265,320262.5,2025,9,7,False,False,False,False,False,False,True,False,False,False,False,True
0.8747588743404735,0.7038194511239609,211096.0,2025,9,7,True,False,False,False,True,False,False,False,True,False,False,True
-1.5766672930770564,-0.5413710419192593,16965.0,2025,9,7,True,False,False,True,False,False,False,False,False,False,False,False
0.8747588743404735,0.6480488728959585,207720.0,2025,9,7,True,False,False,False,False,False,False,False,False,True,False,True
0.8747588743404735,1.0791475131323185,233816.0,2025,9,8,True,False,False,True,False,False,False,True,False,False,False,True
0.5245551361379692,-0.8376687584765614,103061.0,2025,9,8,False,False,True,False,False,True,False,False,False,True,True,False
0.17435139793546492,-1.4356826600919903,61188.0,2025,9,8,False,False,True,False,True,False,False,True,False,False,True,False
-1.5766672930770564,0.25448303886043416,22987.0,2025,9,8,False,True,False,False,False,False,False,False,False,False,False,False
0.17435139793546492,-1.274978813823623,68484.0,2025,9,8,False,False,True,False,True,False,False,False,False,False,True,False
1.575166350745482,-0.022123170218260355,208940.0,2025,9,8,False,True,False,False,False,True,False,False,False,False,False,True
-0.5260560784695436,-0.5031774468768595,69016.0,2025,9,8,True,False,False,False,False,True,False,False,False,False,True,False
0.8747588743404735,-1.6896898907891957,66208.0,2025,9,8,False,False,True,True,False,False,False,False,False,False,False,True
0.8747588743404735,2.2231051556479327,303064.0,2025,9,8,False,False,False,False,False,False,False,False,False,False,False,True
-0.5260560784695436,-0.05238729916189201,82660.0,2025,9,8,True,False,False,True,False,False,False,True,False,False,True,False
-0.5260560784695436,-0.1308890135396964,80284.0,2025,9,8,False,True,False,True,False,False,True,False,False,False,True,False
-1.2264635548745522,1.670157053027169,67398.0,2025,9,9,False,False,False,False,True,False,False,False,False,False,False,False
0.17435139793546492,-0.00692502686228813,126054.0,2025,9,9,False,True,False,False,False,True,True,False,False,False,True,False
0.5245551361379692,-0.21798098285783288,135884.0,2025,9,9,False,True,False,False,False,True,False,False,True,False,True,False
1.2249626125429778,-0.48718635691101053,156375.0,2025,9,9,False,True,False,False,False,False,False,True,False,False,False,True
-0.5260560784695436,-1.2534370975886364,46308.0,2025,9,9,False,False,True,False,False,True,False,False,True,False,True,False
-0.5260560784695436,-0.8237921928037172,59312.0,2025,9,9,False,False,True,False,False,True,False,False,False,True,True,False
0.5245551361379692,0.2805181192180562,162288.0,2025,9,9,True,False,False,True,False,False,False,False,True,False,True,False
-0.17585234026703933,-0.15930293372694881,99280.0,2025,9,10,False,True,False,False,True,False,False,False,False,False,True,False
0.17435139793546492,-0.26331109738912395,114414.0,2025,9,10,False,True,False,False,False,True,False,False,False,True,True,False
1.2249626125429778,2.0018730514923018,320262.5,2025,9,10,False,False,False,False,False,False,False,True,False,False,False,True
-0.17585234026703933,-0.3067910031640358,93700.0,2025,9,10,False,True,False,False,False,True,True,False,False,False,True,False
-0.5260560784695436,1.439145274016391,127804.0,2025,9,10,True,False,False,False,True,False,False,False,True,False,True,False
-0.17585234026703933,-0.39414728801879795,90395.0,2025,9,10,False,True,False,False,False,False,False,False,False,True,True,False
0.8747588743404735,-1.3574452612508114,86320.0,2025,9,10,False,False,True,False,False,True,False,False,True,False,False,True
1.575166350745482,-0.5021201847303571,172620.0,2025,9,10,True,False,False,False,True,False,False,False,False,True,False,True
0.17435139793546492,-1.082953576465122,77202.0,2025,9,10,False,False,True,False,False,False,False,True,False,False,True,False
-1.5766672930770564,-1.3754187177413526,10654.0,2025,9,10,False,False,True,False,False,True,False,False,False,False,False,False
-0.17585234026703933,-0.5260407407949743,85405.0,2025,9,10,False,True,False,False,False,False,False,False,False,True,True,False
1.2249626125429778,2.0370270178635073,320262.5,2025,9,11,False,False,False,True,False,False,True,False,False,False,False,True
-1.5766672930770564,-0.4735741067747919,17478.0,2025,9,11,False,True,False,False,True,False,False,True,False,False,False,False
-0.8762598166720479,-0.22194571590721696,58146.0,2025,9,11,False,True,False,False,True,False,False,True,False,False,False,False
0.8747588743404735,-1.0283724181519347,106240.0,2025,9,11,True,False,False,False,True,False,True,False,False,False,False,True
1.2249626125429778,1.3513925158566906,281583.0,2025,9,11,True,False,False,True,False,False,False,True,False,False,False,True
-0.8762598166720479,0.17994605753201387,67269.0,2025,9,12,False,True,False,True,False,False,True,False,False,False,False,False
0.8747588743404735,-1.5535673894270097,74448.0,2025,9,12,False,False,True,True,False,False,False,True,False,False,False,True
-0.17585234026703933,-0.8948930721560047,71450.0,2025,9,12,True,False,False,False,False,False,True,False,False,False,True,False
0.5245551361379692,1.1049182779533149,205954.0,2025,9,12,True,False,False,False,True,False,False,False,False,False,True,False
0.5245551361379692,-0.06930349350593067,143759.0,2025,9,12,False,True,False,False,False,False,False,False,True,False,True,False
-1.5766672930770564,-0.41516037318053345,17920.0,2025,9,12,False,True,False,False,False,True,False,True,False,False,False,False
1.2249626125429778,-1.1778428541137136,109341.0,2025,9,12,False,False,True,False,True,False,False,False,False,False,False,True
-1.5766672930770564,-0.318024413470624,18655.0,2025,9,12,True,False,False,False,True,False,False,False,True,False,False,False
1.2249626125429778,-0.934011771576594,125946.0,2025,9,12,False,False,True,False,False,False,False,False,False,True,False,True
-0.8762598166720479,-1.0425132993614044,39519.0,2025,9,12,True,False,False,False,False,True,False,True,False,False,False,False
-1.2264635548745522,-0.1394792684800285,40012.0,2025,9,12,True,False,False,False,False,False,False,False,False,True,False,False
-0.17585234026703933,0.9892802306796131,142735.0,2025,9,12,True,False,False,True,False,False,False,False,False,True,True,False
0.8747588743404735,-1.577355787723314,73008.0,2025,9,12,False,False,True,False,True,False,False,False,True,False,False,True
0.5245551361379692,0.7055375021120274,184800.0,2025,9,12,True,False,False,False,False,True,False,False,False,False,True,False
-1.2264635548745522,-0.28405986701423386,37824.0,2025,9,13,True,False,False,False,False,True,False,False,False,False,False,False
0.8747588743404735,-0.1308890135396964,160568.0,2025,9,13,False,True,False,False,False,False,False,True,False,False,False,True
-0.5260560784695436,-0.23780464810475319,77048.0,2025,9,13,True,False,False,False,True,False,False,False,False,False,True,False
0.17435139793546492,-1.409779737502681,62364.0,2025,9,13,False,False,True,False,False,True,False,True,False,False,True,False
1.575166350745482,-0.2656899372187544,190510.0,2025,9,13,True,False,False,True,False,False,False,True,False,False,False,True
1.2249626125429778,0.09364703482375418,195930.0,2025,9,13,False,True,False,True,False,False,True,False,False,False,False,True
0.5245551361379692,-0.6159080232476797,114807.0,2025,9,13,True,False,False,False,True,False,False,False,False,True,True,False
0.8747588743404735,1.5604661053275433,262952.0,2025,9,13,True,False,False,False,False,True,False,True,False,False,False,True
0.5245551361379692,-0.9363906114062245,97832.0,2025,9,13,False,False,True,False,True,False,False,False,False,True,True,False
0.17435139793546492,-1.1847150580659793,72582.0,2025,9,13,False,False,True,False,True,False,True,False,False,False,True,False
-1.5766672930770564,1.6812583055654444,33783.0,2025,9,14,False,False,False,False,False,False,False,False,True,False,False,False
1.575166350745482,-0.5974059356838873,165410.0,2025,9,14,True,False,False,True,False,False,True,False,False,False,False,True
-0.8762598166720479,1.6076464286152137,99678.0,2025,9,14,False,False,False,False,False,True,False,False,False,True,False,False
1.575166350745482,-0.923967781184821,140700.0,2025,9,14,True,False,False,False,True,False,False,False,True,False,False,True
-0.8762598166720479,-1.1310590041309818,37509.0,2025,9,14,False,False,True,False,False,False,False,True,False,False,False,False
-0.5260560784695436,0.021356735556651494,84892.0,2025,9,14,False,True,False,True,False,False,False,False,True,False,True,False
1.575166350745482,0.470164516746927,246190.0,2025,9,14,True,False,False,True,False,False,True,False,False,False,False,True
1.2249626125429778,1.0918346588903476,263907.0,2025,9,14,True,False,False,False,True,False,False,False,False,True,False,True
0.17435139793546492,-1.3768724531927934,63858.0,2025,9,14,False,False,True,False,True,False,False,False,True,False,True,False
-0.5260560784695436,-0.014722335192743446,83800.0,2025,9,14,False,True,False,True,False,False,False,False,True,False,True,False
1.575166350745482,0.43461407707078326,243500.0,2025,9,14,True,False,False,False,True,False,False,False,False,False,False,True
0.8747588743404735,1.2446090390599467,243832.0,2025,9,14,True,False,False,False,True,False,False,False,False,True,False,True
-0.17585234026703933,-0.8541884795156616,72990.0,2025,9,14,False,False,True,True,False,False,False,True,False,False,True,False
0.5245551361379692,-0.2330469684454923,135086.0,2025,9,14,False,True,False,True,False,False,False,True,False,False,True,False
1.575166350745482,1.0032889541207701,286530.0,2025,9,14,True,False,False,False,False,True,False,False,True,False,False,True
1.575166350745482,0.7647441823161626,268480.0,2025,9,15,True,False,False,True,False,False,False,True,False,False,False,True
0.8747588743404735,-0.14925894333517586,159456.0,2025,9,15,False,True,False,False,False,True,False,False,False,True,False,True
-0.5260560784695436,0.5871241417037567,102016.0,2025,9,15,True,False,False,False,False,True,False,False,False,True,True,False
1.575166350745482,0.7568147162173945,267880.0,2025,9,15,True,False,False,True,False,False,False,True,False,False,False,True
0.5245551361379692,-0.012872126436364218,146748.0,2025,9,15,False,True,False,True,False,False,False,False,True,False,True,False
0.5245551361379692,1.2497631920241459,213626.0,2025,9,15,True,False,False,False,False,True,True,False,False,False,True,False
-0.8762598166720479,-0.05040493263719998,62040.0,2025,9,15,True,False,False,False,True,False,False,True,False,False,False,False
-1.5766672930770564,-1.4048899000751074,10431.0,2025,9,16,False,False,True,False,False,True,False,False,False,True,False,False
1.575166350745482,2.0310799182894312,320262.5,2025,9,16,False,False,False,False,True,False,False,False,True,False,False,True
1.575166350745482,-0.3582003750377158,183510.0,2025,9,16,True,False,False,False,True,False,True,False,False,False,False,True
0.5245551361379692,-0.6818547496357679,111314.0,2025,9,16,True,False,False,True,False,False,False,True,False,False,True,False
0.5245551361379692,1.7157514830950857,238308.0,2025,9,16,False,False,False,False,False,False,False,True,False,False,True,False
0.5245551361379692,-0.5191685368427086,119931.0,2025,9,16,False,True,False,False,False,True,False,False,False,True,True,False
1.575166350745482,0.4225877201543183,242590.0,2025,9,16,True,False,False,False,True,False,False,True,False,False,False,True
1.575166350745482,-0.4189929484616047,178910.0,2025,9,16,False,True,False,False,True,False,True,False,False,False,False,True
-0.17585234026703933,-1.0019408644893741,67400.0,2025,9,16,True,False,False,False,True,False,False,False,False,True,True,False
-0.5260560784695436,1.695399186774914,135560.0,2025,9,17,False,False,False,False,True,False,False,False,False,False,True,False
-0.8762598166720479,-1.0331300978111955,39732.0,2025,9,17,False,False,True,False,False,False,False,False,True,False,False,False
0.8747588743404735,0.6115733288416251,205512.0,2025,9,17,True,False,False,True,False,False,True,False,False,False,False,True
-1.5766672930770564,-0.5978024089888258,16538.0,2025,9,17,True,False,False,False,False,False,False,True,False,False,False,False
-0.5260560784695436,-0.16921476635040897,79124.0,2025,9,17,False,True,False,False,False,False,True,False,False,False,True,False
-0.17585234026703933,-1.2407499518306073,58365.0,2025,9,17,False,False,True,False,False,False,False,True,False,False,True,False
1.575166350745482,-0.8786376666535299,144130.0,2025,9,17,False,False,True,False,False,True,False,False,False,True,False,True
0.5245551361379692,-0.14793736565204785,139594.0,2025,9,18,False,True,False,True,False,False,False,False,True,False,True,False
-0.5260560784695436,1.56125905193742,131500.0,2025,9,18,True,False,False,False,True,False,False,True,False,False,True,False
0.5245551361379692,-1.2848906464470833,79373.0,2025,9,18,False,False,True,False,False,False,False,False,False,False,True,False
0.5245551361379692,0.21087097531720952,158599.0,2025,9,18,False,True,False,False,True,False,False,False,True,False,True,False
-0.8762598166720479,0.5148338424366541,74871.0,2025,9,18,False,True,False,False,True,False,True,False,False,False,False,False
-1.5766672930770564,-0.20093263074548143,19541.0,2025,9,18,True,False,False,False,False,False,False,False,False,False,False,False
-1.2264635548745522,-0.3315045058385298,37106.0,2025,9,18,False,True,False,False,False,False,False,True,False,False,False,False
1.2249626125429778,2.1069384773009796,320262.5,2025,9,18,False,False,False,False,False,True,False,False,False,True,False,True
-0.17585234026703933,0.9738177717870153,142150.0,2025,9,18,True,False,False,False,False,False,False,True,False,False,True,False
-1.2264635548745522,0.29333742274439795,46562.0,2025,9,18,False,True,False,True,False,False,True,False,False,False,False,False
-1.5766672930770564,-0.9932184517807293,13546.0,2025,9,18,False,False,True,True,False,False,False,False,False,True,False,False
1.575166350745482,0.49937138354405625,248400.0,2025,9,18,True,False,False,False,False,True,False,False,False,True,False,True
1.575166350745482,0.2929409494394596,232780.0,2025,9,18,False,True,False,False,True,False,False,False,False,True,False,True
-0.5260560784695436,1.5555762678999696,131328.0,2025,9,18,True,False,False,False,False,True,False,False,False,True,True,False
0.8747588743404735,-1.122204433654024,100560.0,2025,9,19,False,False,True,False,False,True,False,False,False,True,False,True
-0.5260560784695436,1.846323358188134,140128.0,2025,9,19,False,False,False,False,True,False,False,True,False,False,True,False
-1.5766672930770564,0.38082586536747287,23943.0,2025,9,19,False,True,False,False,False,True,False,False,False,True,False,False
-0.5260560784695436,1.1423189263858378,118820.0,2025,9,19,True,False,False,False,True,False,False,True,False,False,True,False
0.5245551361379692,0.1955406741929245,157787.0,2025,9,19,False,True,False,False,True,False,False,True,False,False,True,False
-0.17585234026703933,-0.9469632328712486,69480.0,2025,9,19,False,False,True,False,False,False,False,False,True,False,True,False
1.2249626125429778,0.0006079659315415833,189594.0,2025,9,19,False,True,False,False,False,True,False,False,False,False,False,True
-0.5260560784695436,-0.4197858950714815,71540.0,2025,9,20,True,False,False,False,False,False,False,False,True,False,True,False
-1.2264635548745522,1.349674464868624,62548.0,2025,9,20,True,False,False,False,True,False,False,True,False,False,False,False
-0.8762598166720479,0.21324981514683997,68025.0,2025,9,20,False,True,False,False,True,False,False,False,True,False,False,False
-1.2264635548745522,1.9735912890733622,71990.0,2025,9,20,False,False,False,False,False,False,False,False,False,True,False,False
0.8747588743404735,-1.6676195434809578,67544.0,2025,9,20,False,False,True,False,False,False,False,False,True,False,False,True
-0.8762598166720479,0.42100182693456467,72741.0,2025,9,20,True,False,False,False,False,False,False,False,False,True,False,False
-0.17585234026703933,-0.5918553094147497,82915.0,2025,9,20,False,True,False,False,True,False,True,False,False,False,True,False
0.17435139793546492,-1.0589008626321919,78294.0,2025,9,21,False,False,True,False,True,False,False,True,False,False,True,False
-0.5260560784695436,1.469805876264961,128732.0,2025,9,21,True,False,False,False,True,False,False,False,False,False,True,False
-1.2264635548745522,-1.091411673637141,25606.0,2025,9,21,False,False,True,False,True,False,False,True,False,False,False,False
-1.5766672930770564,1.2950933065554369,30861.0,2025,9,21,True,False,False,False,False,True,False,False,False,True,False,False
-0.17585234026703933,-0.33057940146034015,92800.0,2025,9,21,False,True,False,True,False,False,False,False,True,False,True,False
0.8747588743404735,1.2568997115130371,244576.0,2025,9,21,True,False,False,False,False,False,False,False,False,False,False,True
0.5245551361379692,-0.5975380934522002,115780.0,2025,9,21,True,False,False,False,False,True,False,True,False,False,True,False
-0.8762598166720479,-1.4256386697002175,30822.0,2025,9,21,False,False,True,True,False,False,False,True,False,False,False,False
0.5245551361379692,-0.5387278865530033,118895.0,2025,9,21,True,False,False,True,False,False,False,True,False,False,True,False
1.2249626125429778,-0.6706213393291797,143883.0,2025,9,21,True,False,False,True,False,False,False,True,False,False,False,True
-0.8762598166720479,0.9269017640359707,84225.0,2025,9,21,True,False,False,False,True,False,False,False,False,False,False,False
-1.2264635548745522,-0.3304472436920274,37122.0,2025,9,21,False,True,False,False,True,False,False,False,False,True,False,False
-1.5766672930770564,-1.12154364481246,12575.0,2025,9,21,False,False,True,True,False,False,True,False,False,False,False,False
0.5245551361379692,1.5617876830106714,230153.0,2025,9,21,True,False,False,True,False,False,False,False,False,False,True,False
-0.5260560784695436,0.4897238664572217,99068.0,2025,9,22,True,False,False,True,False,False,False,False,True,False,True,False
-1.5766672930770564,-1.0844073119165627,12856.0,2025,9,22,False,False,True,False,True,False,False,False,True,False,False,False
-1.2264635548745522,-0.36097568817228465,36660.0,2025,9,22,True,False,False,True,False,False,False,False,True,False,False,False
-0.5260560784695436,-0.019480014852004318,83656.0,2025,9,22,True,False,False,False,False,True,False,False,False,False,True,False
1.2249626125429778,-1.1840542692244154,108918.0,2025,9,22,False,False,True,False,True,False,True,False,False,False,False,True
-0.5260560784695436,-0.36322237023360227,73252.0,2025,9,22,False,True,False,False,False,False,False,False,False,False,True,False
0.5245551361379692,-0.8022504765687304,104937.0,2025,9,23,True,False,False,False,True,False,False,False,False,False,True,False
0.8747588743404735,-1.146257147486954,99104.0,2025,9,23,False,False,True,False,False,False,False,False,True,False,False,True
0.17435139793546492,-1.271014080774239,68664.0,2025,9,23,False,False,True,False,True,False,False,False,False,True,True,False
1.575166350745482,-0.25564594682698144,191270.0,2025,9,23,True,False,False,False,False,False,False,False,False,False,False,True
1.2249626125429778,-1.55264228504882,83817.0,2025,9,23,False,False,True,True,False,False,False,False,False,False,False,True
1.2249626125429778,-1.4248457230903406,92520.0,2025,9,23,False,False,True,False,True,False,False,False,False,False,False,True
0.8747588743404735,-1.292423639240913,90256.0,2025,9,23,False,False,True,False,True,False,True,False,False,False,False,True
-0.17585234026703933,-0.5810183724131,83325.0,2025,9,23,True,False,False,False,False,True,False,True,False,False,True,False
-0.5260560784695436,1.9585253034857029,143524.0,2025,9,23,False,False,False,True,False,False,False,False,False,True,True,False
0.8747588743404735,-0.11053671721952488,161800.0,2025,9,23,True,False,False,False,False,True,False,False,True,False,False,True
-0.5260560784695436,-1.6723772231402187,33628.0,2025,9,23,False,False,True,True,False,False,True,False,False,False,True,False
1.2249626125429778,2.2256161532458756,320262.5,2025,9,23,False,False,False,False,False,False,False,False,True,False,False,True
0.17435139793546492,0.563600058944078,151956.0,2025,9,23,True,False,False,False,False,True,False,False,False,False,True,False
-1.2264635548745522,1.8594069772511015,70262.0,2025,9,23,False,False,False,True,False,False,False,False,False,False,False,False
1.575166350745482,0.29439468489090037,232890.0,2025,9,23,True,False,False,True,False,False,False,False,False,False,False,True
0.5245551361379692,-1.239692689684105,81767.0,2025,9,24,False,False,True,False,False,False,False,False,True,False,True,False
0.17435139793546492,-1.194230417384501,72150.0,2025,9,24,False,False,True,False,True,False,False,False,True,False,True,False
-0.17585234026703933,-0.2853814446973619,94510.0,2025,9,24,False,True,False,True,False,False,False,False,True,False,True,False
1.575166350745482,1.3125381319727267,309930.0,2025,9,24,True,False,False,True,False,False,False,True,False,False,False,True
-0.5260560784695436,0.35294057625347164,94928.0,2025,9,24,True,False,False,False,True,False,False,False,False,False,True,False
1.575166350745482,0.018317106885457048,212000.0,2025,9,24,False,True,False,False,True,False,False,False,True,False,False,True
0.17435139793546492,-0.8889459725819285,86010.0,2025,9,24,False,False,True,False,False,False,False,False,False,False,True,False
-0.5260560784695436,1.176944261683792,119868.0,2025,9,24,True,False,False,True,False,False,False,False,False,False,True,False
-0.5260560784695436,1.5976024382234406,132600.0,2025,9,24,False,False,False,False,False,True,False,False,True,False,True,False
0.8747588743404735,-0.065735233761485,164512.0,2025,9,24,False,True,False,True,False,False,False,False,True,False,False,True
-0.8762598166720479,0.045409449389581455,64215.0,2025,9,24,False,True,False,False,True,False,False,False,False,True,False,False
1.2249626125429778,0.7763740659276892,242424.0,2025,9,24,True,False,False,False,False,True,False,False,True,False,False,True
-0.8762598166720479,-0.7811052336386821,45453.0,2025,9,24,True,False,False,False,True,False,False,True,False,False,False,False
0.17435139793546492,0.6039081782794826,153786.0,2025,9,25,True,False,False,False,True,False,False,False,True,False,True,False
-0.17585234026703933,1.5555762678999696,164160.0,2025,9,25,True,False,False,False,True,False,True,False,False,False,True,False
1.575166350745482,-0.03441384267135094,208010.0,2025,9,25,True,False,False,False,False,True,True,False,False,False,False,True
0.5245551361379692,2.0737668774544664,257271.0,2025,9,25,False,False,False,False,False,True,True,False,False,False,True,False
0.8747588743404735,-1.57999894308957,72848.0,2025,9,25,False,False,True,False,False,False,False,False,False,False,False,True
0.5245551361379692,-0.8331753943539261,103299.0,2025,9,25,True,False,False,False,True,False,False,True,False,False,True,False
-0.5260560784695436,0.8258010712766771,109240.0,2025,9,25,True,False,False,False,False,True,False,False,True,False,True,False
-1.5766672930770564,-0.04075741555036544,20753.0,2025,9,25,True,False,False,False,True,False,False,False,False,True,False,False
0.17435139793546492,0.030079148265296424,127734.0,2025,9,25,False,True,False,False,False,False,True,False,False,False,True,False
-1.5766672930770564,0.39205927567406107,24028.0,2025,9,25,False,True,False,False,False,False,False,False,True,False,False,False
1.575166350745482,0.04223766295007421,213810.0,2025,9,26,False,True,False,False,False,False,False,False,False,True,False,True
0.5245551361379692,-0.5037060779501108,120750.0,2025,9,26,False,True,False,True,False,False,False,True,False,False,True,False
-1.2264635548745522,1.4819643909497389,64550.0,2025,9,26,True,False,False,True,False,False,False,True,False,False,False,False
0.17435139793546492,-1.2938773746923538,67626.0,2025,9,26,False,False,True,True,False,False,False,False,False,True,True,False
-1.5766672930770564,-0.664409924218478,16034.0,2025,9,26,False,True,False,False,False,True,False,True,False,False,False,False
-1.5766672930770564,7.93348582903754e-05,21062.0,2025,9,26,False,True,False,False,False,True,False,False,False,True,False,False
0.17435139793546492,-0.25511731575373026,114786.0,2025,9,26,True,False,False,True,False,False,False,False,False,False,True,False
-0.8762598166720479,-0.6763041233666301,47832.0,2025,9,26,True,False,False,False,True,False,False,False,False,True,False,False
1.575166350745482,-1.6791172693241716,83560.0,2025,9,26,False,False,True,False,False,False,False,False,True,False,False,True
-0.8762598166720479,-1.1774463808087752,36456.0,2025,9,26,False,False,True,False,True,False,False,False,False,True,False,False
0.5245551361379692,-0.629652431152211,114079.0,2025,9,26,True,False,False,True,False,False,False,False,True,False,True,False
-1.2264635548745522,-1.5316291998870846,18944.0,2025,9,26,False,False,True,False,False,True,True,False,False,False,False,False
1.2249626125429778,2.176717778970139,320262.5,2025,9,27,False,False,False,False,False,False,False,False,False,True,False,True
1.575166350745482,1.614122159262541,320262.5,2025,9,27,False,False,False,True,False,False,False,True,False,False,False,True
-1.2264635548745522,-0.31564557364099355,37346.0,2025,9,27,False,True,False,False,False,True,False,False,False,False,False,False
1.575166350745482,-0.319345991153752,186450.0,2025,9,27,False,True,False,False,False,False,False,False,False,True,False,True
-0.8762598166720479,0.2721921798143496,69363.0,2025,9,27,True,False,False,False,False,True,False,True,False,False,False,False
1.2249626125429778,0.41769788272674463,217998.0,2025,9,27,True,False,False,False,False,False,True,False,False,False,False,True
0.5245551361379692,-1.5190742118973684,66969.0,2025,9,27,False,False,True,False,True,False,False,True,False,False,True,False
0.8747588743404735,-0.05714497882115288,165032.0,2025,9,28,False,True,False,False,False,False,False,False,False,True,False,True
-0.5260560784695436,-0.5892121540484937,66412.0,2025,9,28,True,False,False,False,True,False,True,False,False,False,True,False
-0.8762598166720479,-0.25723184004673505,57345.0,2025,9,28,True,False,False,True,False,False,True,False,False,False,False,False
-0.17585234026703933,-0.9338796138082812,69975.0,2025,9,28,True,False,False,False,False,True,True,False,False,False,True,False
-1.5766672930770564,-0.25406005360722783,19139.0,2025,9,28,False,True,False,False,True,False,False,False,True,False,False,False
0.8747588743404735,0.3562445204612917,190056.0,2025,9,28,True,False,False,False,True,False,False,False,True,False,False,True
1.575166350745482,-0.26912603919488726,190250.0,2025,9,28,False,True,False,False,False,False,False,False,False,False,False,True
-0.8762598166720479,-0.07577922415325795,61464.0,2025,9,28,False,True,False,True,False,False,False,False,False,False,False,False
1.2249626125429778,-1.4974003378940688,87579.0,2025,9,28,False,False,True,False,False,False,False,False,True,False,False,True
-0.5260560784695436,-0.3855570330784658,72576.0,2025,9,28,True,False,False,False,True,False,False,False,False,True,True,False
-0.5260560784695436,-0.9899145075729092,54284.0,2025,9,28,True,False,False,False,True,False,False,False,True,False,True,False
-1.2264635548745522,-1.3883701790360072,21112.0,2025,9,28,False,False,True,False,True,False,False,False,False,True,False,False
-0.8762598166720479,0.20056266938881098,67737.0,2025,9,29,False,True,False,False,True,False,False,False,False,False,False,False
-1.5766672930770564,-0.06930349350593067,20537.0,2025,9,29,False,True,False,False,False,False,False,False,False,False,False,False
1.2249626125429778,-0.277980609671845,170622.0,2025,9,29,True,False,False,True,False,False,False,False,True,False,False,True
-0.17585234026703933,-0.3529140643052037,91955.0,2025,9,29,False,True,False,True,False,False,False,False,False,False,True,False
-0.17585234026703933,-0.5204901145258366,85615.0,2025,9,29,True,False,False,True,False,False,True,False,False,False,True,False
-1.2264635548745522,-0.11674813233022657,40356.0,2025,9,29,False,True,False,False,False,True,False,False,True,False,False,False
0.5245551361379692,1.2111731236768077,211582.0,2025,9,30,True,False,False,False,False,False,False,False,False,False,True,False
-0.8762598166720479,-0.9663904248132305,41247.0,2025,9,30,False,False,True,False,False,False,False,False,False,False,False,False
-0.17585234026703933,-0.3455132292796868,92235.0,2025,9,30,False,True,False,True,False,False,False,False,False,True,True,False
-0.5260560784695436,-0.43643777387889454,71036.0,2025,9,30,True,False,False,True,False,False,False,False,False,True,True,False
1.575166350745482,0.8847434359441868,277560.0,2025,9,30,True,False,False,True,False,False,False,False,True,False,False,True
-0.5260560784695436,-0.13736474418702369,80088.0,2025,9,30,False,True,False,False,True,False,False,True,False,False,True,False
1.575166350745482,-0.35621800851302377,183660.0,2025,9,30,False,True,False,False,True,False,False,True,False,False,False,True
-0.17585234026703933,-0.592251782719688,82900.0,2025,9,30,False,True,False,False,True,False,False,False,False,False,True,False
-0.5260560784695436,-0.4873185146793233,69496.0,2025,9,30,True,False,False,True,False,False,False,False,False,False,True,False
-1.2264635548745522,0.4622350506481589,49118.0,2025,10,1,False,True,False,False,True,False,False,False,False,True,False,False
0.5245551361379692,1.8390546809309298,244839.0,2025,10,1,False,False,False,False,True,False,False,False,True,False,True,False
-1.5766672930770564,-0.4874506724476361,17373.0,2025,10,1,True,False,False,True,False,False,False,False,False,True,False,False
0.5245551361379692,0.3586233602909221,166425.0,2025,10,1,True,False,False,False,False,True,False,False,False,True,True,False
0.5245551361379692,-0.09983193798618792,142142.0,2025,10,1,False,True,False,True,False,False,False,False,False,True,True,False
-1.5766672930770564,-0.3648082634533559,18301.0,2025,10,1,True,False,False,True,False,False,False,False,False,True,False,False
0.5245551361379692,-1.2239659152548816,82600.0,2025,10,1,False,False,True,False,False,False,True,False,False,False,True,False
1.575166350745482,-0.10723277301170483,202500.0,2025,10,1,False,True,False,False,False,False,True,False,False,False,False,True
1.2249626125429778,0.33126670225017213,212112.0,2025,10,1,True,False,False,True,False,False,False,False,True,False,False,True
0.5245551361379692,-0.025030641121142002,146104.0,2025,10,1,False,True,False,False,True,False,False,False,True,False,True,False
-1.5766672930770564,1.655487540744448,33588.0,2025,10,2,False,False,False,True,False,False,False,False,False,False,False,False
0.8747588743404735,0.19871246063243175,180520.0,2025,10,2,False,True,False,False,False,False,True,False,False,False,False,True
-0.5260560784695436,-0.10036056905943913,81208.0,2025,10,2,False,True,False,True,False,False,True,False,False,False,True,False
-1.2264635548745522,-0.985421143450274,27210.0,2025,10,2,True,False,False,True,False,False,False,False,True,False,False,False
0.5245551361379692,-0.34828854241425566,128982.0,2025,10,2,False,True,False,False,True,False,False,False,False,True,True,False
-1.5766672930770564,-0.22035982268746332,19394.0,2025,10,2,False,True,False,False,True,False,False,False,False,True,False,False
-0.17585234026703933,0.349372316509026,118525.0,2025,10,2,True,False,False,False,False,False,False,False,False,True,True,False
0.5245551361379692,0.08003478468753557,151669.0,2025,10,2,False,True,False,False,False,False,False,True,False,False,True,False
-0.5260560784695436,0.42153045800781586,97004.0,2025,10,2,False,True,False,False,False,False,True,False,False,False,True,False
0.17435139793546492,-0.26397188623068796,114384.0,2025,10,2,False,True,False,False,False,True,False,True,False,False,True,False
-1.2264635548745522,0.1150565932904281,43864.0,2025,10,2,False,True,False,False,True,False,False,True,False,False,False,False
0.17435139793546492,0.12364684823076022,131982.0,2025,10,2,False,True,False,False,True,False,False,False,True,False,True,False
1.575166350745482,0.22712638081968417,227800.0,2025,10,3,False,True,False,False,False,True,False,False,False,False,False,True
0.17435139793546492,-0.43683424718383296,106536.0,2025,10,3,False,True,False,True,False,False,False,False,True,False,True,False
0.8747588743404735,0.08941798623774451,173904.0,2025,10,3,False,True,False,False,False,True,False,False,True,False,False,True
-0.5260560784695436,2.1925767111676753,150608.0,2025,10,3,False,False,False,False,False,False,False,False,False,False,True,False
-0.17585234026703933,-0.9135273174881097,70745.0,2025,10,3,False,False,True,True,False,False,False,True,False,False,True,False
1.2249626125429778,0.23743468674808274,205722.0,2025,10,3,False,True,False,True,False,False,False,False,False,True,False,True
1.575166350745482,0.02571794191097396,212560.0,2025,10,3,False,True,False,True,False,False,False,False,False,False,False,True
0.8747588743404735,-1.626122004230738,70056.0,2025,10,3,False,False,True,False,False,False,False,False,True,False,False,True
-0.17585234026703933,0.48377676688314564,123610.0,2025,10,3,False,True,False,False,False,True,False,False,True,False,True,False
0.5245551361379692,0.07210531858876745,151249.0,2025,10,4,False,True,False,False,True,False,False,False,False,False,True,False
0.17435139793546492,-0.27507313876896333,113880.0,2025,10,4,True,False,False,False,True,False,False,False,False,False,True,False
0.17435139793546492,0.36034141127898855,142728.0,2025,10,4,False,True,False,False,False,True,False,False,True,False,True,False
0.5245551361379692,-0.9178885238424321,98812.0,2025,10,4,True,False,False,False,False,False,False,False,True,False,True,False
1.575166350745482,-0.06560307599317221,205650.0,2025,10,4,False,True,False,False,False,True,False,False,False,True,False,True
0.5245551361379692,0.5834237241909983,178332.0,2025,10,4,True,False,False,True,False,False,False,True,False,False,True,False
1.2249626125429778,0.24060647318759,205938.0,2025,10,4,False,True,False,True,False,False,False,False,True,False,False,True
-0.17585234026703933,-0.7106651431279587,78420.0,2025,10,4,True,False,False,False,False,False,False,False,False,False,True,False
-0.5260560784695436,-0.020140803693568327,83636.0,2025,10,4,True,False,False,False,False,True,False,False,False,True,True,False
0.8747588743404735,-1.3546699481162428,86488.0,2025,10,4,False,False,True,True,False,False,False,False,False,False,False,True
-0.8762598166720479,-0.012607810899738614,62898.0,2025,10,4,False,True,False,False,False,False,False,True,False,False,False,False
-1.5766672930770564,-0.04815825057588235,20697.0,2025,10,4,False,True,False,False,True,False,True,False,False,False,False,False
-1.5766672930770564,-0.6612381377789707,16058.0,2025,10,5,False,True,False,False,True,False,False,False,True,False,False,False
-1.5766672930770564,-0.975377153058501,13681.0,2025,10,5,True,False,False,False,False,False,False,False,False,False,False,False
0.5245551361379692,-0.9892537187313453,95032.0,2025,10,5,True,False,False,True,False,False,False,True,False,False,True,False
-0.17585234026703933,-1.4529953277409673,50335.0,2025,10,5,False,False,True,False,True,False,False,True,False,False,True,False
-0.5260560784695436,-1.064187173364704,52036.0,2025,10,5,True,False,False,False,True,False,True,False,False,False,True,False
-0.8762598166720479,-1.5170918453726763,28746.0,2025,10,5,False,False,True,False,False,False,False,False,False,False,False,False
1.575166350745482,-0.34921364679244526,184190.0,2025,10,5,False,True,False,True,False,False,False,False,False,False,False,True
-0.5260560784695436,-0.060713238565598536,82408.0,2025,10,6,False,True,False,False,True,False,False,False,False,True,True,False
1.2249626125429778,0.39126632906418424,216198.0,2025,10,6,True,False,False,True,False,False,False,False,False,False,False,True
0.5245551361379692,0.25250067233574214,160804.0,2025,10,6,False,True,False,False,False,False,False,False,False,False,True,False
1.575166350745482,-0.9155096840128017,141340.0,2025,10,6,True,False,False,False,False,True,False,False,True,False,False,True
1.2249626125429778,-1.5788095231747548,82035.0,2025,10,6,False,False,True,False,False,True,False,False,True,False,False,True
-0.5260560784695436,-0.5806218991081615,66672.0,2025,10,6,False,True,False,True,False,False,False,False,False,True,True,False
0.8747588743404735,-0.6492117808625057,129192.0,2025,10,6,True,False,False,False,True,False,False,True,False,False,False,True
-0.5260560784695436,-1.0142315369424648,53548.0,2025,10,7,False,False,True,False,False,False,False,False,True,False,True,False
1.575166350745482,-0.4105348512895854,179550.0,2025,10,7,False,True,False,True,False,False,True,False,False,False,False,True
0.17435139793546492,0.5194593643276022,149952.0,2025,10,7,False,True,False,False,True,False,False,False,False,False,True,False
0.5245551361379692,1.8742086473021353,246701.0,2025,10,7,False,False,False,False,True,False,False,True,False,False,True,False
-0.5260560784695436,-0.8367436540983717,58920.0,2025,10,7,False,False,True,False,True,False,True,False,False,False,True,False
0.17435139793546492,-1.3103970957314541,66876.0,2025,10,8,False,False,True,False,False,True,False,False,False,False,True,False
-1.2264635548745522,1.7670286972004527,68864.0,2025,10,8,False,False,False,True,False,False,True,False,False,False,False,False
0.8747588743404735,0.49104544414034973,198216.0,2025,10,8,False,True,False,False,False,False,True,False,False,False,False,True
1.575166350745482,-0.057277136589465684,206280.0,2025,10,8,False,True,False,False,False,True,False,True,False,False,False,True
-0.8762598166720479,1.3656655548344732,94185.0,2025,10,8,True,False,False,False,False,False,False,False,False,True,False,False
1.2249626125429778,0.5575208016016892,227520.0,2025,10,8,True,False,False,False,False,True,False,False,False,False,False,True
0.5245551361379692,-1.1770499075038368,85085.0,2025,10,8,False,False,True,False,True,False,False,False,True,False,True,False
-0.17585234026703933,-0.8244529816452811,74115.0,2025,10,8,True,False,False,False,False,True,False,False,True,False,True,False
-1.5766672930770564,0.9111749896067473,27956.0,2025,10,9,True,False,False,False,True,False,False,False,False,True,False,False
0.8747588743404735,-1.2077105097524068,95384.0,2025,10,9,False,False,True,False,True,False,False,False,False,True,False,True
0.17435139793546492,1.5598053164859793,197184.0,2025,10,9,True,False,False,False,True,False,False,False,False,False,True,False
0.8747588743404735,-0.8873600793621749,114776.0,2025,10,9,False,False,True,True,False,False,True,False,False,False,False,True
-0.8762598166720479,-0.28313476263604426,56757.0,2025,10,9,True,False,False,False,True,False,False,True,False,False,False,False
-0.17585234026703933,-0.24652706081339812,95980.0,2025,10,9,True,False,False,False,False,True,False,False,False,False,True,False
-1.2264635548745522,-1.01542095685728,26756.0,2025,10,9,False,False,True,False,False,True,False,False,False,False,False,False
-1.5766672930770564,-0.4347197228908281,17772.0,2025,10,9,False,True,False,False,False,True,False,True,False,False,False,False
1.2249626125429778,1.238397623949245,273888.0,2025,10,9,True,False,False,False,True,False,True,False,False,False,False,True
-0.8762598166720479,-0.32304640866651047,55851.0,2025,10,9,True,False,False,False,False,False,True,False,False,False,False,False
1.575166350745482,0.12549705698713945,220110.0,2025,10,9,False,True,False,True,False,False,False,True,False,False,False,True
-0.5260560784695436,0.24668573052997886,91712.0,2025,10,10,False,True,False,False,False,False,False,False,False,False,True,False
0.17435139793546492,-0.02978832078040287,125016.0,2025,10,10,False,True,False,False,True,False,True,False,False,False,True,False
-0.17585234026703933,-0.9731304709971834,68490.0,2025,10,10,False,False,True,False,False,False,False,False,True,False,True,False
-1.2264635548745522,-0.5463930371151458,33854.0,2025,10,10,True,False,False,False,False,True,False,False,False,False,False,False
-1.5766672930770564,1.8142090204881232,34789.0,2025,10,10,False,False,False,True,False,False,False,True,False,False,False,False
0.5245551361379692,1.4182643466229683,222551.0,2025,10,10,True,False,False,True,False,False,False,False,True,False,True,False
-0.8762598166720479,-0.6704891815608669,47964.0,2025,10,10,True,False,False,False,False,False,False,True,False,False,False,False
-0.5260560784695436,-0.10723277301170483,81000.0,2025,10,10,False,True,False,False,True,False,True,False,False,False,True,False
0.17435139793546492,-0.2382011214096916,115554.0,2025,10,10,True,False,False,False,False,True,False,False,True,False,True,False
-0.8762598166720479,-1.1003984018824118,38205.0,2025,10,10,False,False,True,False,False,True,False,False,False,True,False,False
-0.8762598166720479,-1.1726887011495144,36564.0,2025,10,10,False,False,True,True,False,False,False,True,False,False,False,False
-1.2264635548745522,-1.4192950968212028,20644.0,2025,10,10,False,False,True,True,False,False,True,False,False,False,False,False
-1.2264635548745522,0.04567376492620706,42814.0,2025,10,11,False,True,False,True,False,False,False,True,False,False,False,False
0.17435139793546492,-0.3543677997566445,110280.0,2025,10,11,False,True,False,False,False,False,False,True,False,False,True,False
-1.5766672930770564,-0.9509279659206327,13866.0,2025,10,11,False,False,True,False,False,True,False,False,True,False,False,False
1.575166350745482,-0.5791681636567207,166790.0,2025,10,11,True,False,False,False,True,False,True,False,False,False,False,True
-0.8762598166720479,0.845889052060223,82386.0,2025,10,11,True,False,False,True,False,False,False,False,False,True,False,False
0.5245551361379692,-0.891985601253123,100184.0,2025,10,11,True,False,False,True,False,False,True,False,False,False,True,False
-0.5260560784695436,-0.24071211900763484,76960.0,2025,10,11,False,True,False,False,False,False,False,False,True,False,True,False
1.575166350745482,-1.1076670791396157,126800.0,2025,10,11,False,False,True,False,False,False,False,False,False,True,False,True
-1.5766672930770564,-1.0455529280325988,13150.0,2025,10,11,True,False,False,False,False,False,False,False,True,False,False,False
1.2249626125429778,-0.5446749861270794,152460.0,2025,10,11,True,False,False,False,False,False,True,False,False,False,False,True
-0.8762598166720479,0.3956275354185067,72165.0,2025,10,11,True,False,False,True,False,False,False,True,False,False,False,False
-1.5766672930770564,-0.1263956494170611,20105.0,2025,10,11,False,True,False,False,False,True,False,False,False,False,False,False
0.8747588743404735,-0.5232654276604054,136816.0,2025,10,11,True,False,False,False,False,True,False,True,False,False,False,True
-0.8762598166720479,-0.09626367824174227,60999.0,2025,10,12,True,False,False,False,False,True,False,False,True,False,False,False
-0.17585234026703933,0.013823742762821781,105830.0,2025,10,12,False,True,False,False,False,False,False,True,False,False,True,False
0.17435139793546492,1.7992751926687764,208056.0,2025,10,12,False,False,False,False,True,False,False,False,False,False,True,False
-0.8762598166720479,0.201884247071939,67767.0,2025,10,12,False,True,False,False,True,False,True,False,False,False,False,False
0.5245551361379692,-0.6362603195678511,113729.0,2025,10,12,True,False,False,False,False,True,False,False,True,False,True,False
0.5245551361379692,-0.25154905600928457,134106.0,2025,10,12,False,True,False,True,False,False,False,False,False,True,True,False
-0.5260560784695436,-0.4455566598924779,70760.0,2025,10,12,True,False,False,False,True,False,False,False,False,True,True,False
-0.17585234026703933,1.1905565118200105,150350.0,2025,10,12,True,False,False,False,True,False,False,False,True,False,True,False
-1.2264635548745522,-0.19710005546441017,39140.0,2025,10,12,False,True,False,True,False,False,False,False,False,True,False,False
0.8747588743404735,-0.3999622298245612,144280.0,2025,10,12,False,True,False,False,True,False,True,False,False,False,False,True
0.17435139793546492,0.8540828336956168,165144.0,2025,10,13,True,False,False,False,True,False,False,False,True,False,True,False
-1.2264635548745522,1.447206897883472,64024.0,2025,10,13,True,False,False,True,False,False,False,False,False,True,False,False
1.575166350745482,-1.0148923257840288,133820.0,2025,10,13,False,False,True,False,False,True,True,False,False,False,False,True
1.575166350745482,-0.5286838961612303,170610.0,2025,10,13,True,False,False,False,False,False,False,False,True,False,False,True
0.17435139793546492,-1.0589008626321919,78294.0,2025,10,13,True,False,False,False,False,False,False,False,True,False,True,False
0.5245551361379692,0.215892970513096,158865.0,2025,10,13,False,True,False,True,False,False,False,False,True,False,True,False
-1.2264635548745522,0.21681807489128563,45404.0,2025,10,13,False,True,False,False,False,True,False,False,False,True,False,False
-0.8762598166720479,1.181701941343053,90009.0,2025,10,13,True,False,False,False,False,True,False,True,False,False,False,False
-1.5766672930770564,-1.3750222444364142,10657.0,2025,10,13,False,False,True,False,False,True,False,False,False,False,False,False
-0.17585234026703933,1.832182476978664,174625.0,2025,10,14,False,False,False,False,False,False,False,False,False,True,True,False
-0.17585234026703933,-0.1310211713080092,100350.0,2025,10,14,True,False,False,True,False,False,False,True,False,False,True,False
-0.5260560784695436,1.561919840778984,131520.0,2025,10,14,True,False,False,False,False,False,False,False,True,False,True,False
-1.2264635548745522,-0.9400910289189829,27896.0,2025,10,14,True,False,False,False,False,False,False,True,False,False,False,False
0.17435139793546492,1.4653125121423258,192894.0,2025,10,14,True,False,False,True,False,False,False,True,False,False,True,False
0.8747588743404735,2.165880841968489,299600.0,2025,10,14,False,False,False,False,False,True,False,False,False,False,False,True
-0.5260560784695436,-0.5796967947299719,66700.0,2025,10,14,True,False,False,True,False,False,False,False,False,True,True,False
1.575166350745482,-1.7059452962916704,81530.0,2025,10,14,False,False,True,False,False,True,False,False,True,False,False,True
0.17435139793546492,0.8338626951437581,164226.0,2025,10,14,True,False,False,False,True,False,True,False,False,False,True,False
-1.2264635548745522,2.166145157505115,74904.0,2025,10,14,False,False,False,True,False,False,False,False,True,False,False,False
-0.8762598166720479,0.4488871160485659,73374.0,2025,10,14,True,False,False,False,False,True,False,False,False,True,False,False
-0.17585234026703933,1.3114808698262244,154925.0,2025,10,14,True,False,False,False,False,True,False,False,True,False,True,False
0.17435139793546492,1.5270301899444045,195696.0,2025,10,14,True,False,False,True,False,False,False,False,False,False,True,False
0.8747588743404735,1.4538147862991122,256496.0,2025,10,14,True,False,False,False,True,False,False,False,True,False,False,True
0.8747588743404735,0.5010894345321226,198824.0,2025,10,14,False,True,False,False,False,True,False,False,True,False,False,True
0.8747588743404735,1.3626259261632787,250976.0,2025,10,15,True,False,False,False,False,True,False,False,False,False,False,True
0.17435139793546492,0.3687995084510079,143112.0,2025,10,15,True,False,False,False,True,False,False,False,False,False,True,False
1.2249626125429778,-0.0518586680886408,186021.0,2025,10,15,True,False,False,False,False,False,True,False,False,False,False,True
0.8747588743404735,-0.36242942362372543,146552.0,2025,10,15,False,True,False,False,True,False,False,False,False,True,False,True
-0.8762598166720479,-1.3360357027841376,32856.0,2025,10,15,False,False,True,False,False,True,False,True,False,False,False,False
1.2249626125429778,-0.024634167816203593,187875.0,2025,10,15,False,True,False,True,False,False,False,False,True,False,False,True
1.2249626125429778,-0.4570543857356917,158427.0,2025,10,15,True,False,False,False,False,False,False,False,False,False,False,True
-1.2264635548745522,-0.5282874228562919,34128.0,2025,10,15,False,True,False,False,False,True,False,False,True,False,False,False
-0.17585234026703933,2.000419316040861,180990.0,2025,10,15,False,False,False,False,True,False,False,False,True,False,True,False
1.575166350745482,0.11413148891223848,219250.0,2025,10,16,False,True,False,False,False,True,False,False,False,False,False,True
0.17435139793546492,-0.6389034749341072,97362.0,2025,10,16,True,False,False,False,True,False,False,True,False,False,True,False
1.2249626125429778,0.38558354502673375,215811.0,2025,10,16,False,True,False,False,False,False,False,True,False,False,False,True
0.17435139793546492,-1.1190326472145167,75564.0,2025,10,16,False,False,True,True,False,False,True,False,False,False,True,False
1.2249626125429778,-0.785862913297943,136035.0,2025,10,16,True,False,False,False,False,True,True,False,False,False,False,True
0.5245551361379692,1.8405084163823706,244916.0,2025,10,16,False,False,False,False,True,False,True,False,False,False,True,False
-1.5766672930770564,-0.15983156480020003,19852.0,2025,10,16,True,False,False,False,False,True,False,False,False,False,False,False
-0.17585234026703933,0.22580480313655615,113850.0,2025,10,16,False,True,False,False,False,False,False,False,False,True,True,False
-0.17585234026703933,1.913063031186099,177685.0,2025,10,17,False,False,False,False,False,False,False,False,True,False,True,False
0.8747588743404735,-0.23265049514055391,154408.0,2025,10,17,True,False,False,False,False,True,False,False,False,False,False,True
0.5245551361379692,-1.0902222537223258,89684.0,2025,10,17,False,False,True,False,False,False,False,True,False,False,True,False
0.8747588743404735,0.6401194067971904,207240.0,2025,10,17,True,False,False,False,True,False,False,False,False,False,False,True
-0.17585234026703933,-0.3989049676780588,90215.0,2025,10,17,True,False,False,False,False,False,True,False,False,False,True,False
-0.5260560784695436,-1.1679310214902534,48896.0,2025,10,17,False,False,True,False,False,False,True,False,False,False,True,False
0.8747588743404735,-0.012872126436364218,167712.0,2025,10,17,True,False,False,True,False,False,False,False,False,True,False,True
0.17435139793546492,-1.2385032697692897,70140.0,2025,10,17,False,False,True,False,False,True,False,False,False,False,True,False
0.5245551361379692,1.5147395174913139,227661.0,2025,10,17,True,False,False,False,True,False,False,False,False,False,True,False
1.2249626125429778,1.9126665578811606,319806.0,2025,10,17,False,False,False,False,False,True,False,False,False,True,False,True
0.8747588743404735,-0.4410632957698426,141792.0,2025,10,18,True,False,False,False,True,False,False,False,False,False,False,True
0.8747588743404735,-0.5613268649344925,134512.0,2025,10,18,True,False,False,True,False,False,False,False,True,False,False,True
0.17435139793546492,-0.11265124151252971,121254.0,2025,10,18,False,True,False,False,True,False,False,False,False,False,True,False
1.2249626125429778,-1.4902638184051775,88065.0,2025,10,18,False,False,True,True,False,False,True,False,False,False,False,True
-0.8762598166720479,-1.2554194641133285,34686.0,2025,10,18,False,False,True,False,False,True,True,False,False,False,False,False
-0.17585234026703933,0.9316594436952316,140555.0,2025,10,18,True,False,False,False,False,True,False,True,False,False,True,False
1.575166350745482,-0.03256363391497171,208150.0,2025,10,18,False,True,False,False,False,False,False,True,False,False,False,True
0.17435139793546492,-1.6793815848607971,50124.0,2025,10,18,False,False,True,False,False,True,False,True,False,False,True,False
-0.8762598166720479,-0.640357210385548,48648.0,2025,10,18,True,False,False,False,False,False,False,True,False,False,False,False
0.8747588743404735,-1.2044065655445868,95584.0,2025,10,18,False,False,True,False,False,False,False,False,False,True,False,True
-0.17585234026703933,-0.5777144282052799,83450.0,2025,10,18,True,False,False,False,False,True,False,False,False,True,True,False
-1.5766672930770564,-0.20066831520885584,19543.0,2025,10,18,False,True,False,False,False,True,False,True,False,False,False,False
-0.17585234026703933,0.3816188119773497,119745.0,2025,10,18,False,True,False,True,False,False,False,False,True,False,True,False
0.5245551361379692,0.6131592220613787,179907.0,2025,10,18,True,False,False,False,True,False,True,False,False,False,True,False
0.17435139793546492,0.19950540724230856,135426.0,2025,10,18,False,True,False,False,False,False,False,False,False,True,True,False
-0.8762598166720479,-0.6291238000789598,48903.0,2025,10,19,True,False,False,False,True,False,False,False,False,False,False,False
0.8747588743404735,-0.7931315905551471,120480.0,2025,10,19,True,False,False,False,True,False,False,True,False,False,False,True
-0.17585234026703933,-0.38159230002908173,90870.0,2025,10,19,False,True,False,False,False,False,True,False,False,False,True,False
0.8747588743404735,0.6801632105959694,209664.0,2025,10,19,True,False,False,False,True,False,False,True,False,False,False,True
1.2249626125429778,-0.4552041769793124,158553.0,2025,10,19,True,False,False,False,False,True,True,False,False,False,False,True
-0.8762598166720479,-0.5483754036398378,50736.0,2025,10,19,True,False,False,False,True,False,False,False,False,False,False,False
-1.5766672930770564,1.3906433730455927,31584.0,2025,10,19,True,False,False,True,False,False,False,False,True,False,False,False
-0.8762598166720479,-1.3000887898030555,33672.0,2025,10,19,False,False,True,False,False,True,False,False,True,False,False,False
0.5245551361379692,1.2374725195710552,212975.0,2025,10,19,True,False,False,False,False,False,False,False,False,False,True,False
0.17435139793546492,-1.4573565340952899,60204.0,2025,10,19,False,False,True,False,True,False,False,False,False,True,True,False
0.17435139793546492,1.2674723329780613,183912.0,2025,10,19,True,False,False,False,False,False,True,False,False,False,True,False
-1.5766672930770564,1.053376748311322,29032.0,2025,10,19,True,False,False,True,False,False,False,True,False,False,False,False
-1.5766672930770564,-0.12798154263681474,20093.0,2025,10,20,False,True,False,True,False,False,False,False,False,False,False,False
1.575166350745482,-1.3888988101092583,105520.0,2025,10,20,False,False,True,False,False,True,False,True,False,False,False,True
0.8747588743404735,-1.018064112223536,106864.0,2025,10,20,False,False,True,False,False,True,True,False,False,False,False,True
-1.5766672930770564,-0.12005207653804663,20153.0,2025,10,20,False,True,False,True,False,False,False,False,True,False,False,False
1.2249626125429778,-0.47634941990936075,157113.0,2025,10,20,True,False,False,False,False,True,False,False,False,False,False,True
0.5245551361379692,-0.2507561093994078,134148.0,2025,10,20,False,True,False,True,False,False,True,False,False,False,True,False
-0.8762598166720479,-0.47000584703034626,52515.0,2025,10,20,True,False,False,False,False,True,False,False,True,False,False,False
0.8747588743404735,0.0008722814681671872,168544.0,2025,10,20,False,True,False,False,False,False,False,False,True,False,False,True
-1.2264635548745522,-0.17317949939979302,39502.0,2025,10,20,False,True,False,False,True,False,False,False,False,False,False,False
-1.5766672930770564,1.6503333877802486,33549.0,2025,10,20,False,False,False,False,False,False,False,False,True,False,False,False
-1.5766672930770564,-0.4446315555142883,17697.0,2025,10,21,True,False,False,False,False,True,False,False,False,True,False,False
1.575166350745482,0.29201584506126993,232710.0,2025,10,21,True,False,False,True,False,False,False,False,False,False,False,True
0.8747588743404735,-0.22749634217635464,154720.0,2025,10,21,False,True,False,False,True,False,False,False,False,False,False,True
-1.2264635548745522,-0.8651575742856241,29030.0,2025,10,21,False,False,True,False,False,True,False,True,False,False,False,False
1.575166350745482,-0.061770500712100954,205940.0,2025,10,21,False,True,False,False,False,True,True,False,False,False,False,True
1.575166350745482,-0.5101818085974381,172010.0,2025,10,21,False,True,False,False,True,False,False,False,True,False,False,True
-0.5260560784695436,0.9438179583800093,112812.0,2025,10,21,True,False,False,True,False,False,False,False,True,False,True,False
0.5245551361379692,-1.4162554681500084,72415.0,2025,10,22,False,False,True,False,True,False,True,False,False,False,True,False
-0.8762598166720479,-0.9087696378288488,42555.0,2025,10,22,False,False,True,False,False,True,False,False,False,False,False,False
-0.17585234026703933,1.7745616899942824,172445.0,2025,10,22,False,False,False,True,False,False,False,False,True,False,True,False
-0.17585234026703933,1.5228011413583948,162920.0,2025,10,22,True,False,False,False,False,False,False,False,False,False,True,False
1.2249626125429778,-1.2445825271116786,104796.0,2025,10,22,False,False,True,False,False,True,True,False,False,False,False,True
-1.5766672930770564,-1.0286367336885602,13278.0,2025,10,22,False,False,True,False,False,True,False,True,False,False,False,False
1.2249626125429778,-1.433964609103924,91899.0,2025,10,22,False,False,True,False,True,False,False,True,False,False,False,True
1.2249626125429778,-0.34723128026775324,165906.0,2025,10,23,False,True,False,False,False,False,False,False,False,True,False,True
0.5245551361379692,-0.2730907722442713,132965.0,2025,10,23,False,True,False,False,False,False,False,True,False,False,True,False
0.8747588743404735,0.6982688248548232,210760.0,2025,10,23,True,False,False,False,True,False,True,False,False,False,False,True
-1.5766672930770564,-0.20714404585618312,19494.0,2025,10,23,False,True,False,False,False,False,False,False,False,False,False,False
-0.17585234026703933,-1.0910152003322027,64030.0,2025,10,23,False,False,True,False,False,True,False,False,False,True,True,False
-0.5260560784695436,2.0682162511853286,146844.0,2025,10,23,False,False,False,True,False,False,False,False,False,True,True,False
0.8747588743404735,2.1703742060911244,299872.0,2025,10,23,False,False,False,False,False,False,False,False,True,False,False,True
-1.5766672930770564,2.233809934881269,37964.0,2025,10,23,False,False,False,False,False,False,False,False,False,False,False,False
0.8747588743404735,1.4236828151237932,254672.0,2025,10,23,True,False,False,True,False,False,False,False,True,False,False,True
-1.2264635548745522,-0.5149394882566989,34330.0,2025,10,23,False,True,False,True,False,False,False,True,False,False,False,False
-0.17585234026703933,-1.5583250690862704,46350.0,2025,10,23,False,False,True,True,False,False,True,False,False,False,True,False
-0.8762598166720479,0.15034271742994623,66597.0,2025,10,24,False,True,False,False,False,True,False,False,False,False,False,False
0.5245551361379692,-0.7870523332127582,105742.0,2025,10,24,True,False,False,False,True,False,False,False,False,False,True,False
-1.5766672930770564,-0.2991258526018933,18798.0,2025,10,24,True,False,False,False,False,True,False,False,False,False,False,False
1.2249626125429778,-0.6061283483925323,148275.0,2025,10,24,True,False,False,False,True,False,False,False,False,True,False,True
0.5245551361379692,-0.08132985042239564,143122.0,2025,10,24,False,True,False,False,True,False,False,True,False,False,True,False
0.5245551361379692,-0.3381123942541699,129521.0,2025,10,25,False,True,False,True,False,False,True,False,False,False,True,False
-1.2264635548745522,1.0732004135582425,58364.0,2025,10,25,True,False,False,True,False,False,True,False,False,False,False,False
-0.5260560784695436,-1.5928182466159118,36036.0,2025,10,25,False,False,True,False,False,True,False,False,False,True,True,False
1.2249626125429778,-1.0710593773169697,116613.0,2025,10,25,False,False,True,False,False,True,False,False,False,True,False,True
-1.2264635548745522,0.6879605189264246,52534.0,2025,10,25,True,False,False,False,True,False,False,False,True,False,False,False
1.575166350745482,-0.3119451561282351,187010.0,2025,10,25,False,True,False,False,False,False,True,False,False,False,False,True
0.8747588743404735,-1.7232579639406473,64176.0,2025,10,26,False,False,True,False,True,False,False,False,False,False,False,True
1.2249626125429778,-0.23555796604343554,173511.0,2025,10,26,True,False,False,True,False,False,False,False,True,False,False,True
-0.8762598166720479,0.9595447328092327,84966.0,2025,10,26,True,False,False,True,False,False,False,False,False,False,False,False
-1.5766672930770564,-0.5552476075921036,16860.0,2025,10,26,True,False,False,False,False,False,False,False,True,False,False,False
-0.5260560784695436,0.49963569908068184,99368.0,2025,10,26,True,False,False,True,False,False,True,False,False,False,True,False
0.8747588743404735,1.563373576230425,263128.0,2025,10,27,True,False,False,True,False,False,False,False,False,False,False,True
-0.17585234026703933,-1.0155531146255927,66885.0,2025,10,27,False,False,True,False,True,False,False,False,True,False,True,False
-1.2264635548745522,1.0161082576471119,57500.0,2025,10,27,True,False,False,False,True,False,True,False,False,False,False,False
-1.5766672930770564,-0.16128530025164084,19841.0,2025,10,27,True,False,False,False,True,False,False,False,True,False,False,False
1.2249626125429778,1.969758713792291,320262.5,2025,10,27,False,False,False,False,True,False,False,True,False,False,False,True
0.17435139793546492,-0.616965285394182,98358.0,2025,10,27,True,False,False,False,False,True,False,False,False,True,True,False
1.575166350745482,0.7688410731338595,268790.0,2025,10,27,True,False,False,False,False,True,False,True,False,False,False,True
-0.8762598166720479,-0.36916946980767834,54804.0,2025,10,27,False,True,False,False,True,False,False,False,True,False,False,False
1.575166350745482,-0.9523817013720735,138550.0,2025,10,27,False,False,True,False,False,False,True,False,False,False,False,True
0.8747588743404735,-0.11344418812240652,161624.0,2025,10,27,False,True,False,True,False,False,False,False,False,True,False,True
1.575166350745482,0.3168615055040767,234590.0,2025,10,27,False,True,False,False,False,False,True,False,False,False,False,True
-0.17585234026703933,1.8531955621403997,175420.0,2025,10,27,False,False,False,False,False,True,False,False,False,True,True,False
0.5245551361379692,-1.1827326915412872,84784.0,2025,10,27,False,False,True,False,False,True,False,False,True,False,True,False
-1.2264635548745522,0.6940397762688135,52626.0,2025,10,27,True,False,False,False,False,False,False,False,True,False,False,False
0.8747588743404735,0.1754526934093786,179112.0,2025,10,28,False,True,False,False,True,False,False,False,False,True,False,True
-0.5260560784695436,-0.8074046295329297,59808.0,2025,10,28,True,False,False,True,False,False,True,False,False,False,True,False
0.8747588743404735,0.3184473987238303,187768.0,2025,10,28,False,True,False,True,False,False,True,False,False,False,False,True
0.8747588743404735,0.0060264344323664645,168856.0,2025,10,28,False,True,False,False,True,False,False,False,False,False,False,True
1.2249626125429778,-0.32225346205663363,167607.0,2025,10,28,True,False,False,False,False,False,False,False,False,False,False,True
0.8747588743404735,-0.7393433788518367,123736.0,2025,10,28,True,False,False,False,True,False,False,False,False,True,False,True
-0.17585234026703933,-1.302996260705937,56010.0,2025,10,28,False,False,True,False,True,False,False,False,False,True,True,False
1.575166350745482,0.2938660538176492,232850.0,2025,10,28,True,False,False,False,True,False,False,True,False,False,False,True
1.2249626125429778,1.3508638847834393,281547.0,2025,10,28,True,False,False,False,False,True,False,False,False,True,False,True
0.17435139793546492,-0.18811332721913965,117828.0,2025,10,28,True,False,False,False,False,False,False,False,False,True,True,False
1.575166350745482,-0.04366488645324708,207310.0,2025,10,29,True,False,False,True,False,False,False,True,False,False,False,True
-0.17585234026703933,-1.0571828116441255,65310.0,2025,10,29,False,False,True,False,False,True,False,False,False,True,True,False
0.8747588743404735,-0.821941984047338,118736.0,2025,10,29,False,False,True,False,True,False,False,False,True,False,False,True
-1.2264635548745522,-1.004055388782379,26928.0,2025,10,29,True,False,False,False,False,False,False,False,True,False,False,False
-0.17585234026703933,-1.2819831755442017,56805.0,2025,10,29,False,False,True,True,False,False,True,False,False,False,True,False
1.2249626125429778,-0.056616347747901676,185697.0,2025,10,29,False,True,False,False,False,True,False,True,False,False,False,True
-0.5260560784695436,-0.6789472787328862,63696.0,2025,10,29,True,False,False,True,False,False,False,False,True,False,True,False
-0.5260560784695436,-1.6696019100056498,33712.0,2025,10,29,False,False,True,True,False,False,False,True,False,False,True,False
1.2249626125429778,0.2651878180937711,207612.0,2025,10,29,True,False,False,False,True,False,False,True,False,False,False,True
0.5245551361379692,-1.1753318565157704,85176.0,2025,10,29,False,False,True,False,False,True,False,False,False,True,True,False
-0.8762598166720479,1.5870298167584165,99210.0,2025,10,30,False,False,False,False,False,False,False,False,False,True,False,False
1.2249626125429778,0.43368897269259366,219087.0,2025,10,30,True,False,False,True,False,False,True,False,False,False,False,True
1.575166350745482,-0.9128665286465457,141540.0,2025,10,30,True,False,False,False,True,False,False,False,False,True,False,True
-0.17585234026703933,2.2368495635524637,189935.0,2025,10,30,False,False,False,False,False,False,False,False,False,False,True,False
0.5245551361379692,0.26148740058101266,161280.0,2025,10,30,True,False,False,False,False,False,False,True,False,False,True,False
-0.5260560784695436,0.0886250396278677,86928.0,2025,10,30,False,True,False,False,True,False,False,False,False,False,True,False
-0.17585234026703933,-1.2126003471799807,59430.0,2025,10,30,False,False,True,False,False,True,False,False,True,False,True,False
0.5245551361379692,0.34117853487363226,165501.0,2025,10,30,True,False,False,True,False,False,False,True,False,False,True,False
0.17435139793546492,2.157290587028157,224310.0,2025,10,30,False,False,False,False,True,False,False,False,False,True,True,False
-0.8762598166720479,1.112847744052083,88446.0,2025,10,30,True,False,False,True,False,False,False,False,False,False,False,False
1.575166350745482,-0.12388465181911788,201240.0,2025,10,30,False,True,False,True,False,False,True,False,False,False,False,True
1.2249626125429778,-1.2271377016943887,105984.0,2025,10,30,False,False,True,True,False,False,False,False,False,True,False,True
-0.17585234026703933,0.6127627487564403,128490.0,2025,10,30,True,False,False,False,False,False,False,False,False,False,True,False
-1.2264635548745522,0.5112655826922085,49860.0,2025,10,30,True,False,False,False,False,False,False,False,True,False,False,False
-0.8762598166720479,0.22461538322174093,68283.0,2025,10,31,False,True,False,False,False,True,False,False,False,False,False,False
0.17435139793546492,-0.01710117502237388,125592.0,2025,10,31,True,False,False,True,False,False,False,True,False,False,True,False
0.17435139793546492,1.6470294435724286,201144.0,2025,10,31,False,False,False,False,False,True,False,False,False,True,True,False
-0.5260560784695436,-0.11040455945121208,80904.0,2025,10,31,False,True,False,False,True,False,False,False,True,False,True,False
-0.17585234026703933,-0.8902675502650566,71625.0,2025,10,31,False,False,True,False,False,False,False,False,False,True,True,False
1.575166350745482,1.8401119430774324,320262.5,2025,10,31,False,False,False,True,False,False,False,False,False,True,False,True
-1.2264635548745522,-0.6755111767567533,31900.0,2025,11,1,True,False,False,True,False,False,True,False,False,False,False,False
-0.8762598166720479,-0.5257764252583487,51249.0,2025,11,1,False,True,False,False,False,True,False,False,True,False,False,False
-1.5766672930770564,2.031212076057744,36431.0,2025,11,1,False,False,False,False,False,False,True,False,False,False,False,False
1.2249626125429778,0.2888440586217627,209223.0,2025,11,1,True,False,False,False,False,False,False,True,False,False,False,True
0.5245551361379692,-1.027447313773745,93009.0,2025,11,1,True,False,False,False,False,True,False,True,False,False,True,False
-0.17585234026703933,1.8389225231626172,174880.0,2025,11,1,False,False,False,False,False,True,False,False,True,False,True,False
0.8747588743404735,0.05043144458546793,171544.0,2025,11,1,False,True,False,True,False,False,False,False,True,False,False,True
0.5245551361379692,-1.5509242340607536,65282.0,2025,11,1,False,False,True,False,False,False,False,False,False,True,True,False
0.17435139793546492,2.0306834449844926,218562.0,2025,11,1,False,False,False,False,False,True,False,False,True,False,True,False
-0.8762598166720479,-0.9826458303157052,40878.0,2025,11,1,True,False,False,False,False,True,True,False,False,False,False,False
0.8747588743404735,-0.07947964166601641,163680.0,2025,11,1,True,False,False,False,False,True,True,False,False,False,False,True
-1.5766672930770564,-1.2985028965833019,11236.0,2025,11,2,False,False,True,True,False,False,False,False,True,False,False,False
-0.17585234026703933,1.2923179934208682,154200.0,2025,11,2,True,False,False,False,False,False,True,False,False,False,True,False
0.5245551361379692,-0.4182000018517279,125279.0,2025,11,2,False,True,False,False,False,False,False,False,False,False,True,False
-0.17585234026703933,1.003421111889083,143270.0,2025,11,2,True,False,False,False,True,False,False,True,False,False,True,False
1.2249626125429778,-1.5357260907047814,84969.0,2025,11,2,False,False,True,False,False,False,False,True,False,False,False,True
-0.8762598166720479,-0.4989483982908499,51858.0,2025,11,2,True,False,False,True,False,False,False,False,False,False,False,False
-1.5766672930770564,-0.06243128955366496,20589.0,2025,11,2,False,True,False,False,False,False,False,False,False,False,False,False
1.575166350745482,0.16474791417604165,223080.0,2025,11,2,False,True,False,False,False,False,False,True,False,False,False,True
1.2249626125429778,-1.5570034914031425,83520.0,2025,11,2,False,False,True,False,False,False,False,False,False,False,False,True
0.17435139793546492,-0.5021201847303571,103572.0,2025,11,2,True,False,False,False,True,False,False,True,False,False,True,False
-0.5260560784695436,-0.8840561351543549,57488.0,2025,11,2,True,False,False,True,False,False,False,False,True,False,True,False
-0.5260560784695436,-1.2893840105697185,45220.0,2025,11,2,False,False,True,False,True,False,False,True,False,False,True,False
1.2249626125429778,-0.19643926662284616,176175.0,2025,11,3,False,True,False,False,False,False,False,True,False,False,False,True
0.8747588743404735,2.167863208493181,299720.0,2025,11,3,False,False,False,True,False,False,False,True,False,False,False,True
1.2249626125429778,-0.3030905856512774,168912.0,2025,11,3,False,True,False,False,False,True,False,False,False,False,False,True
1.2249626125429778,-0.9609719563124056,124110.0,2025,11,3,False,False,True,True,False,False,False,False,True,False,False,True
-0.8762598166720479,-0.13353216890595243,60153.0,2025,11,3,False,True,False,True,False,False,False,False,False,False,False,False
-0.5260560784695436,-1.4354183445553648,40800.0,2025,11,3,False,False,True,True,False,False,False,False,True,False,True,False
0.5245551361379692,-0.4719882135550383,122430.0,2025,11,3,True,False,False,False,False,True,False,True,False,False,True,False
0.17435139793546492,0.6547889190799113,156096.0,2025,11,3,True,False,False,True,False,False,False,True,False,False,True,False
0.5245551361379692,1.1047861201850022,205947.0,2025,11,3,True,False,False,False,False,True,False,True,False,False,True,False
0.8747588743404735,1.617293945702048,266392.0,2025,11,3,False,False,False,False,True,False,False,False,False,True,False,True
-0.5260560784695436,1.2846528428587256,123128.0,2025,11,3,True,False,False,False,False,False,True,False,False,False,True,False
-1.5766672930770564,-0.004149713727719288,21030.0,2025,11,4,False,True,False,True,False,False,False,True,False,False,False,False
-0.8762598166720479,-0.8656862053588754,43533.0,2025,11,4,False,False,True,False,False,False,False,False,False,False,False,False
-0.17585234026703933,-0.492208352106897,86685.0,2025,11,4,True,False,False,False,False,False,False,False,True,False,True,False
0.17435139793546492,-1.091411673637141,76818.0,2025,11,4,False,False,True,False,False,False,False,False,False,True,True,False
1.2249626125429778,-0.015515281802620257,188496.0,2025,11,4,False,True,False,False,False,True,True,False,False,False,False,True
0.8747588743404735,1.6195406277633657,266528.0,2025,11,4,False,False,False,False,False,False,False,False,True,False,False,True
0.5245551361379692,-0.5494326657863402,118328.0,2025,11,4,True,False,False,False,True,False,False,False,False,True,True,False
0.5245551361379692,-0.09560288940017826,142366.0,2025,11,4,False,True,False,True,False,False,False,False,False,False,True,False
1.2249626125429778,0.28289695904768664,208818.0,2025,11,4,False,True,False,False,False,False,False,False,False,False,False,True
-1.5766672930770564,-0.08304790141046207,20433.0,2025,11,4,False,True,False,False,False,False,True,False,False,False,False,False
0.5245551361379692,0.7968585200161735,189637.0,2025,11,4,True,False,False,False,False,True,False,True,False,False,True,False
-0.8762598166720479,-1.3855948659014383,31731.0,2025,11,4,False,False,True,False,False,True,False,False,False,True,False,False
0.17435139793546492,-0.023312590133075576,125310.0,2025,11,5,False,True,False,True,False,False,False,False,False,False,True,False
-1.5766672930770564,-0.21071230560062879,19467.0,2025,11,5,True,False,False,False,False,True,False,True,False,False,False,False
-0.17585234026703933,-0.06599954929811061,102810.0,2025,11,5,False,True,False,False,False,False,False,True,False,False,True,False
-0.17585234026703933,-0.6345422685797847,81300.0,2025,11,5,False,True,False,True,False,False,False,False,False,False,True,False
1.2249626125429778,-0.0251627988894548,187839.0,2025,11,5,True,False,False,False,False,False,False,True,False,False,False,True
-1.2264635548745522,-0.52960900053942,34108.0,2025,11,5,True,False,False,False,True,False,False,True,False,False,False,False
1.575166350745482,0.41360099190904775,241910.0,2025,11,5,False,True,False,False,True,False,False,False,True,False,False,True
1.2249626125429778,0.3997244262362036,216774.0,2025,11,5,False,True,False,False,True,False,False,False,False,False,False,True
1.2249626125429778,-1.219604708900559,106497.0,2025,11,5,False,False,True,False,False,True,False,False,False,True,False,True
1.2249626125429778,-0.6112825013567316,147924.0,2025,11,5,False,True,False,False,False,False,True,False,False,False,False,True
-1.5766672930770564,-0.4799176796538064,17430.0,2025,11,5,True,False,False,False,True,False,False,False,True,False,False,False
-0.5260560784695436,1.1407330331660843,118772.0,2025,11,5,True,False,False,True,False,False,False,False,False,True,True,False
0.17435139793546492,0.2967735247205308,139842.0,2025,11,5,False,True,False,True,False,False,False,False,True,False,True,False
0.8747588743404735,1.7571168645769926,274856.0,2025,11,6,False,False,False,True,False,False,False,False,True,False,False,True
0.5245551361379692,1.3129346052776651,216972.0,2025,11,6,True,False,False,True,False,False,True,False,False,False,True,False
0.8747588743404735,1.5463252241180736,262096.0,2025,11,6,True,False,False,False,False,False,False,False,False,True,False,True
0.17435139793546492,2.1929731844726135,225930.0,2025,11,6,False,False,False,False,False,False,True,False,False,False,True,False
0.17435139793546492,-0.006396395789036922,126078.0,2025,11,6,False,True,False,False,True,False,False,False,False,True,True,False
-0.5260560784695436,1.335665741427467,124672.0,2025,11,6,True,False,False,False,False,True,True,False,False,False,True,False
0.8747588743404735,-0.9412804488337981,111512.0,2025,11,6,True,False,False,False,False,False,True,False,False,False,False,True
-1.2264635548745522,0.8614836687211337,55160.0,2025,11,7,True,False,False,False,False,True,True,False,False,False,False,False
-0.8762598166720479,1.255710291598222,91689.0,2025,11,7,True,False,False,False,False,True,False,False,False,True,False,False
-1.5766672930770564,-0.9712802622408042,13712.0,2025,11,7,False,False,True,False,False,True,False,False,True,False,False,False
0.17435139793546492,-0.5647629669106253,100728.0,2025,11,7,False,True,False,False,True,False,True,False,False,False,True,False
-1.2264635548745522,-1.1377990503149347,24904.0,2025,11,7,False,False,True,False,False,False,False,False,False,False,False,False
-0.17585234026703933,0.6021901272914162,128090.0,2025,11,7,True,False,False,False,False,True,False,False,True,False,True,False
-1.5766672930770564,0.00642290773730487,21110.0,2025,11,7,False,True,False,True,False,False,False,False,False,False,False,False
-0.17585234026703933,0.09681882126326143,108970.0,2025,11,7,False,True,False,False,False,True,False,False,True,False,True,False
1.2249626125429778,-1.5729945813689916,82431.0,2025,11,7,False,False,True,False,False,False,False,False,True,False,False,True
0.17435139793546492,0.1216644817060682,131892.0,2025,11,7,False,True,False,False,False,True,False,False,True,False,True,False
-0.17585234026703933,0.26650939577689914,115390.0,2025,11,8,True,False,False,False,False,True,True,False,False,False,True,False
0.5245551361379692,0.11254559569248486,153391.0,2025,11,8,False,True,False,False,False,False,False,False,True,False,True,False
-0.17585234026703933,-0.3069231609323486,93695.0,2025,11,8,False,True,False,False,False,True,False,False,True,False,True,False
-1.5766672930770564,-1.3345819673326969,10963.0,2025,11,8,False,False,True,False,False,True,False,False,False,True,False,False
1.575166350745482,1.9208603395165542,320262.5,2025,11,8,False,False,False,False,True,False,False,False,True,False,False,True
0.8747588743404735,0.9140824605096288,223824.0,2025,11,8,True,False,False,False,False,False,False,False,True,False,False,True
-0.5260560784695436,-1.2953311101437945,45040.0,2025,11,8,False,False,True,False,False,False,False,False,False,True,True,False
-1.2264635548745522,-0.06956780904255627,41070.0,2025,11,9,True,False,False,False,True,False,False,False,True,False,False,False
-0.17585234026703933,0.11214912238754646,109550.0,2025,11,9,False,True,False,False,False,False,True,False,False,False,True,False
0.8747588743404735,0.9912625972043052,228496.0,2025,11,9,True,False,False,False,False,True,False,True,False,False,False,True
1.575166350745482,0.06351506364843533,215420.0,2025,11,9,False,True,False,False,False,True,False,False,False,False,False,True
1.2249626125429778,-0.2186417716993969,174663.0,2025,11,9,False,True,False,False,True,False,False,True,False,False,False,True
-0.5260560784695436,1.8920499460243634,141512.0,2025,11,9,False,False,False,False,False,True,False,False,True,False,True,False
-0.8762598166720479,-1.0373591463972052,39636.0,2025,11,9,True,False,False,False,False,True,True,False,False,False,False,False
-0.5260560784695436,-0.5214152189040262,68464.0,2025,11,9,True,False,False,False,True,False,False,True,False,False,True,False
-1.2264635548745522,-0.3550285885982085,36750.0,2025,11,9,True,False,False,False,False,False,True,False,False,False,False,False
-0.8762598166720479,-0.09983193798618792,60918.0,2025,11,9,True,False,False,False,True,False,True,False,False,False,False,False
1.2249626125429778,-1.650174718063668,77175.0,2025,11,9,False,False,True,True,False,False,False,False,False,False,False,True
-0.8762598166720479,1.120777210150851,88626.0,2025,11,10,True,False,False,False,True,False,True,False,False,False,False,False
1.575166350745482,-0.4265259412554344,178340.0,2025,11,10,True,False,False,False,True,False,True,False,False,False,False,True
-1.2264635548745522,-1.227005543926076,23554.0,2025,11,10,False,False,True,False,False,True,False,False,False,True,False,False
1.2249626125429778,-0.4450280288192267,159246.0,2025,11,10,False,True,False,False,True,False,False,False,False,False,False,True
-0.5260560784695436,-0.9952008183054213,54124.0,2025,11,10,False,False,True,True,False,False,False,False,False,False,True,False
-0.17585234026703933,-0.5941019914760673,82830.0,2025,11,10,True,False,False,True,False,False,False,False,True,False,True,False
-0.5260560784695436,-0.07577922415325795,81952.0,2025,11,10,True,False,False,False,True,False,True,False,False,False,True,False
1.2249626125429778,-0.5466573526517714,152325.0,2025,11,10,True,False,False,False,False,False,False,False,True,False,False,True
-1.5766672930770564,1.0381786049553499,28917.0,2025,11,10,True,False,False,False,False,True,False,True,False,False,False,False
-0.5260560784695436,-0.37405930723525205,72924.0,2025,11,11,True,False,False,False,False,False,True,False,False,False,True,False
0.5245551361379692,0.9469897448195166,197589.0,2025,11,11,True,False,False,True,False,False,False,False,True,False,True,False
1.2249626125429778,0.7701626508169875,242001.0,2025,11,11,True,False,False,True,False,False,False,False,False,True,False,True
0.8747588743404735,-0.17767286352242828,157736.0,2025,11,11,True,False,False,False,False,False,False,True,False,False,False,True
0.8747588743404735,1.081526352961949,233960.0,2025,11,11,True,False,False,False,False,True,False,False,True,False,False,True
-0.5260560784695436,-0.541635357455885,67852.0,2025,11,11,False,True,False,True,False,False,False,False,True,False,True,False
0.8747588743404735,0.4051428947370284,193016.0,2025,11,11,False,True,False,False,True,False,False,False,True,False,False,True
0.17435139793546492,-0.19313532241502612,117600.0,2025,11,12,True,False,False,False,True,False,False,True,False,False,True,False
1.575166350745482,0.00576211889574086,211050.0,2025,11,12,False,True,False,False,False,True,False,False,True,False,False,True
0.5245551361379692,-0.16921476635040897,138467.0,2025,11,12,False,True,False,False,True,False,False,False,True,False,True,False
1.575166350745482,1.5746069865370131,320262.5,2025,11,12,True,False,False,False,False,False,False,False,False,False,False,True
0.5245551361379692,0.025321468606035555,148771.0,2025,11,12,False,True,False,False,False,True,False,True,False,False,True,False
-0.5260560784695436,0.35901983359586054,95112.0,2025,11,12,False,True,False,False,True,False,False,False,True,False,True,False
-1.2264635548745522,1.9223140749679952,71214.0,2025,11,12,False,False,False,False,True,False,False,False,True,False,False,False
0.8747588743404735,-0.33348687236322183,148304.0,2025,11,12,False,True,False,False,False,False,False,False,True,False,False,True
0.5245551361379692,-1.511937692408477,67347.0,2025,11,12,False,False,True,False,False,True,False,True,False,False,True,False
-0.17585234026703933,0.09298624598219017,108825.0,2025,11,12,False,True,False,False,True,False,False,False,False,False,True,False
1.2249626125429778,1.4483963177982873,288189.0,2025,11,12,True,False,False,False,False,False,False,False,False,True,False,True
1.2249626125429778,-1.1285480065330384,112698.0,2025,11,12,False,False,True,False,False,True,True,False,False,False,False,True
-0.5260560784695436,-0.9551570145066424,55336.0,2025,11,12,False,False,True,False,False,False,True,False,False,False,True,False
1.575166350745482,-0.13538237766233166,200370.0,2025,11,12,True,False,False,False,False,True,False,True,False,False,False,True
0.17435139793546492,-1.1397814168396267,74622.0,2025,11,12,False,False,True,False,False,True,False,False,False,True,True,False
-0.17585234026703933,1.302361983812641,154580.0,2025,11,13,True,False,False,False,False,False,False,False,True,False,True,False
1.575166350745482,-0.016572543949122675,209360.0,2025,11,13,False,True,False,True,False,False,False,False,True,False,False,True
-0.17585234026703933,0.42192693131275427,121270.0,2025,11,13,False,True,False,False,False,True,False,True,False,False,True,False
0.8747588743404735,-0.08146200819070845,163560.0,2025,11,13,False,True,False,False,False,True,True,False,False,False,False,True
-0.5260560784695436,2.0068950466881885,144988.0,2025,11,13,False,False,False,False,False,True,False,True,False,False,True,False
1.2249626125429778,-0.12190228529442584,181251.0,2025,11,13,False,True,False,False,True,False,False,False,False,True,False,True
0.5245551361379692,0.1360696784521636,154637.0,2025,11,13,False,True,False,True,False,False,False,False,False,True,True,False
-0.17585234026703933,-1.2788113891046944,56925.0,2025,11,13,False,False,True,True,False,False,False,False,False,True,True,False
0.5245551361379692,-1.2070497209108428,83496.0,2025,11,13,False,False,True,False,False,False,False,False,True,False,True,False
-0.5260560784695436,-0.1372325864187109,80092.0,2025,11,13,False,True,False,False,True,False,False,True,False,False,True,False
0.5245551361379692,-0.42216473490111195,125069.0,2025,11,13,True,False,False,False,True,False,False,False,False,False,True,False
0.17435139793546492,1.09949980945249,176286.0,2025,11,13,True,False,False,True,False,False,False,False,False,False,True,False
-1.5766672930770564,-0.5370098355649369,16998.0,2025,11,13,False,True,False,False,False,False,False,False,False,True,False,False
-1.5766672930770564,0.8113958745305817,27201.0,2025,11,14,True,False,False,False,True,False,False,False,True,False,False,False
-0.17585234026703933,0.3422357970201347,118255.0,2025,11,14,True,False,False,False,False,False,False,False,False,False,True,False
1.2249626125429778,-1.339868278065209,98307.0,2025,11,14,False,False,True,False,False,False,False,True,False,False,False,True
-1.2264635548745522,-0.5902694161949961,33190.0,2025,11,14,False,True,False,True,False,False,True,False,False,False,False,False
-1.2264635548745522,-0.5585515517999236,33670.0,2025,11,14,False,True,False,False,False,False,False,False,False,False,False,False
-0.5260560784695436,-0.2629146240841856,76288.0,2025,11,14,True,False,False,False,True,False,False,False,True,False,True,False
1.575166350745482,-1.54603439663318,93630.0,2025,11,14,False,False,True,True,False,False,False,False,True,False,False,True
0.17435139793546492,1.2847850006270385,184698.0,2025,11,14,True,False,False,False,False,False,False,False,False,False,True,False
-0.17585234026703933,1.106900644478007,147185.0,2025,11,14,True,False,False,True,False,False,True,False,False,False,True,False
0.5245551361379692,0.4080503656399101,169043.0,2025,11,14,False,True,False,False,False,False,False,True,False,False,True,False
0.8747588743404735,1.6746504171498042,269864.0,2025,11,14,False,False,False,False,False,False,False,False,True,False,False,True
-0.17585234026703933,0.1548360815525815,111165.0,2025,11,14,False,True,False,False,False,False,False,False,False,True,True,False
1.575166350745482,1.300379617287949,309010.0,2025,11,14,True,False,False,True,False,False,False,False,False,False,False,True
-0.5260560784695436,-0.6615024533155963,64224.0,2025,11,15,True,False,False,False,True,False,False,False,True,False,True,False
0.5245551361379692,-0.25564594682698144,133889.0,2025,11,15,False,True,False,False,False,True,False,False,False,False,True,False
-0.5260560784695436,-0.8960824920708198,57124.0,2025,11,15,False,False,True,True,False,False,True,False,False,False,True,False
-0.17585234026703933,1.7137691165703937,170145.0,2025,11,15,False,False,False,False,True,False,False,False,False,False,True,False
0.5245551361379692,0.4338211304609065,170408.0,2025,11,15,False,True,False,False,False,True,True,False,False,False,True,False
1.575166350745482,-0.31723146686074716,186610.0,2025,11,16,True,False,False,True,False,False,False,False,True,False,False,True
-0.5260560784695436,-0.12467759842899469,80472.0,2025,11,16,False,True,False,False,True,False,True,False,False,False,True,False
-1.2264635548745522,0.035365458997808505,42658.0,2025,11,16,False,True,False,False,False,False,False,False,True,False,False,False
-1.2264635548745522,-1.6508355069052318,17140.0,2025,11,16,False,False,True,False,False,True,False,False,False,False,False,False
-1.5766672930770564,0.5165518934247205,24970.0,2025,11,16,True,False,False,False,False,False,True,False,False,False,False,False
1.2249626125429778,0.5506485976494234,227052.0,2025,11,16,True,False,False,False,False,True,False,False,False,False,False,True
-1.5766672930770564,1.5945628095522462,33127.0,2025,11,16,False,False,False,True,False,False,False,True,False,False,False,False
1.575166350745482,1.935794167335901,320262.5,2025,11,16,False,False,False,False,False,False,False,False,True,False,False,True
-0.8762598166720479,0.8991486326902822,83595.0,2025,11,16,True,False,False,False,False,False,False,False,False,True,False,False
1.575166350745482,0.6752733731683956,261710.0,2025,11,16,True,False,False,True,False,False,True,False,False,False,False,True
-0.8762598166720479,0.34765426552095957,71076.0,2025,11,17,True,False,False,True,False,False,False,False,False,True,False,False
-0.8762598166720479,-0.15507388514093914,59664.0,2025,11,17,False,True,False,False,False,False,False,True,False,False,False,False
-1.5766672930770564,-1.7132139735488745,8098.0,2025,11,17,False,False,True,False,True,False,False,False,False,False,False,False
0.8747588743404735,-0.8438801735872631,117408.0,2025,11,17,True,False,False,False,False,False,False,False,False,True,False,True
1.575166350745482,1.8858385309136618,320262.5,2025,11,17,False,False,False,False,False,False,True,False,False,False,False,True
-0.5260560784695436,-1.1229973802639008,50256.0,2025,11,17,False,False,True,False,True,False,False,False,False,False,True,False
1.2249626125429778,0.10646633835009597,196803.0,2025,11,17,False,True,False,False,False,True,False,False,False,False,False,True
1.2249626125429778,0.9122322517532496,251676.0,2025,11,17,True,False,False,True,False,False,False,False,True,False,False,True
-1.5766672930770564,-0.570974382021327,16741.0,2025,11,17,True,False,False,True,False,False,False,False,True,False,False,False
1.2249626125429778,1.6897164027374636,304623.0,2025,11,17,False,False,False,False,False,True,True,False,False,False,False,True
0.8747588743404735,1.3554894066743874,250544.0,2025,11,18,True,False,False,False,True,False,False,True,False,False,False,True
-0.17585234026703933,-0.05595555890633766,103190.0,2025,11,18,True,False,False,False,False,False,True,False,False,False,True,False
-1.2264635548745522,0.5683577386033389,50724.0,2025,11,18,True,False,False,False,False,True,False,True,False,False,False,False
0.17435139793546492,1.0790153553640058,175356.0,2025,11,18,True,False,False,False,False,True,False,True,False,False,True,False
-0.8762598166720479,2.156761955954906,112143.0,2025,11,18,False,False,False,True,False,False,False,False,False,True,False,False
0.8747588743404735,-0.04776177727094394,165600.0,2025,11,18,False,True,False,False,True,False,False,True,False,False,False,True
-0.8762598166720479,-0.22009550715083773,58188.0,2025,11,18,True,False,False,False,False,False,False,False,False,False,False,False
0.8747588743404735,0.7675194954507315,214952.0,2025,11,18,True,False,False,False,True,False,False,False,True,False,False,True
1.2249626125429778,1.5235940879682717,293310.0,2025,11,18,True,False,False,False,False,True,False,False,True,False,False,True
-1.5766672930770564,2.142621074745436,37274.0,2025,11,19,False,False,False,False,False,False,False,False,True,False,False,False
0.8747588743404735,-0.04445783306312389,165800.0,2025,11,19,True,False,False,False,True,False,False,False,True,False,False,True
-1.2264635548745522,-0.5865689986822376,33246.0,2025,11,19,False,True,False,False,False,False,False,False,False,False,False,False
-0.17585234026703933,0.6694584313626324,130635.0,2025,11,19,True,False,False,False,True,False,False,False,True,False,True,False
1.2249626125429778,-0.14357615929772538,179775.0,2025,11,19,False,True,False,False,True,False,True,False,False,False,False,True
0.17435139793546492,1.9061908272338333,212910.0,2025,11,19,False,False,False,False,False,True,False,False,False,True,True,False
-0.5260560784695436,2.1365418174030473,148912.0,2025,11,19,False,False,False,False,False,False,False,True,False,False,True,False
0.8747588743404735,0.3824117585872265,191640.0,2025,11,19,False,True,False,False,False,False,True,False,False,False,False,True
0.8747588743404735,1.5828007681724068,264304.0,2025,11,19,False,False,False,False,True,False,False,False,False,False,False,True
1.2249626125429778,-1.5951970864455423,80919.0,2025,11,19,False,False,True,False,False,True,False,False,False,True,False,True
-0.8762598166720479,0.22157575455054648,68214.0,2025,11,19,False,True,False,False,True,False,False,True,False,False,False,False
1.2249626125429778,-1.032072835664693,119268.0,2025,11,19,True,False,False,False,False,True,False,True,False,False,False,True
0.8747588743404735,-0.05000845933226158,165464.0,2025,11,19,False,True,False,False,True,False,True,False,False,False,False,True
0.5245551361379692,-0.6478902031793777,113113.0,2025,11,20,False,True,False,False,False,True,True,False,False,False,True,False
0.17435139793546492,-0.44886060410029793,105990.0,2025,11,20,False,True,False,False,False,True,True,False,False,False,True,False
0.8747588743404735,0.9853154976302291,228136.0,2025,11,20,True,False,False,True,False,False,False,False,False,True,False,True
1.2249626125429778,-0.5243226898069079,153846.0,2025,11,20,False,True,False,False,True,False,False,False,True,False,False,True
-0.5260560784695436,-0.15758488273888238,79476.0,2025,11,20,True,False,False,False,True,False,True,False,False,False,True,False
0.8747588743404735,-0.6184190208456228,131056.0,2025,11,20,True,False,False,False,False,True,False,False,False,False,False,True
-1.5766672930770564,-1.1548474024272861,12323.0,2025,11,20,False,False,True,True,False,False,False,False,False,False,False,False
-0.5260560784695436,-0.2268355533347906,77380.0,2025,11,20,False,True,False,False,True,False,False,False,False,False,True,False
1.575166350745482,-0.1115939793660273,202170.0,2025,11,20,True,False,False,False,False,True,False,False,False,True,False,True
-0.17585234026703933,-1.0833500497700603,64320.0,2025,11,20,False,False,True,False,False,True,False,False,False,False,True,False
-0.17585234026703933,2.1632376866022334,187150.0,2025,11,20,False,False,False,True,False,False,False,False,False,False,True,False
1.575166350745482,-1.0181962699918488,133570.0,2025,11,21,False,False,True,False,False,False,False,False,True,False,False,True
-0.17585234026703933,1.8689223365696233,176015.0,2025,11,21,False,False,False,False,False,False,False,False,False,False,True,False
0.8747588743404735,1.0611740566417776,232728.0,2025,11,21,True,False,False,True,False,False,False,False,False,False,False,True
0.17435139793546492,-0.3699624164175552,109572.0,2025,11,21,False,True,False,False,True,False,True,False,False,False,True,False
-0.8762598166720479,-1.1826005337729746,36339.0,2025,11,21,False,False,True,False,True,False,False,False,False,False,False,False
-0.17585234026703933,0.1348802585373484,110410.0,2025,11,21,False,True,False,True,False,False,True,False,False,False,True,False
-1.5766672930770564,0.9606019949557352,28330.0,2025,11,21,True,False,False,False,False,True,False,False,False,True,False,False
-0.8762598166720479,1.0783545665224417,87663.0,2025,11,21,True,False,False,False,True,False,False,True,False,False,False,False
-0.8762598166720479,-0.2389940680195684,57759.0,2025,11,21,False,True,False,False,False,True,False,False,True,False,False,False
-0.8762598166720479,0.2807824347546818,69558.0,2025,11,21,False,True,False,False,False,False,False,False,False,True,False,False
0.17435139793546492,-0.9819850414741411,81786.0,2025,11,21,False,False,True,False,False,True,False,True,False,False,True,False
1.575166350745482,-0.6332206908966567,162700.0,2025,11,21,True,False,False,True,False,False,False,False,False,True,False,True
0.5245551361379692,-0.42308983927930155,125020.0,2025,11,21,True,False,False,False,False,False,False,False,True,False,True,False
1.2249626125429778,-0.29780427491876527,169272.0,2025,11,21,False,True,False,False,False,True,False,True,False,False,False,True
0.8747588743404735,0.6888856233046143,210192.0,2025,11,21,True,False,False,True,False,False,False,False,False,True,False,True
0.17435139793546492,-0.8578888970284201,87420.0,2025,11,22,False,False,True,False,False,True,False,False,False,False,True,False
1.575166350745482,-0.3778918825163233,182020.0,2025,11,22,False,True,False,False,True,False,False,False,False,True,False,True
0.5245551361379692,0.3015312043797917,163401.0,2025,11,22,False,True,False,False,False,True,False,True,False,False,True,False
0.8747588743404735,-0.9915004007926629,108472.0,2025,11,22,False,False,True,False,False,True,False,True,False,False,False,True
-0.8762598166720479,0.4179621982633702,72672.0,2025,11,22,True,False,False,False,False,False,False,False,False,False,False,False
1.2249626125429778,-1.2119395583384165,107019.0,2025,11,22,False,False,True,True,False,False,False,True,False,False,False,True
-0.8762598166720479,1.7793193696535434,103575.0,2025,11,23,False,False,False,False,False,False,True,False,False,False,False,False
-1.2264635548745522,-0.10207862004750555,40578.0,2025,11,23,False,True,False,False,False,True,False,True,False,False,False,False
-1.5766672930770564,1.5851796080020373,33056.0,2025,11,23,False,False,False,False,False,False,False,True,False,False,False,False
-0.17585234026703933,-0.10353235549894638,101390.0,2025,11,23,False,True,False,False,False,True,False,False,False,False,True,False
-0.17585234026703933,-0.45507201921099966,88090.0,2025,11,23,True,False,False,False,False,True,False,True,False,False,True,False
-1.2264635548745522,0.441486281023049,48804.0,2025,11,23,False,True,False,False,False,True,True,False,False,False,False,False
0.17435139793546492,0.6876962033897991,157590.0,2025,11,23,True,False,False,False,True,False,False,True,False,False,True,False
0.8747588743404735,1.5095853645271147,259872.0,2025,11,23,True,False,False,False,True,False,False,False,False,True,False,True
0.8747588743404735,-0.030977740695218088,166616.0,2025,11,24,False,True,False,False,False,False,False,False,True,False,False,True
0.5245551361379692,2.1962771286804337,263760.0,2025,11,24,False,False,False,True,False,False,True,False,False,False,True,False
0.5245551361379692,-0.348685015719194,128961.0,2025,11,24,True,False,False,False,False,False,False,False,False,True,True,False
-0.17585234026703933,0.41214725645760697,120900.0,2025,11,24,True,False,False,False,True,False,False,False,False,True,True,False
1.2249626125429778,1.8185702268424455,313398.0,2025,11,24,False,False,False,True,False,False,True,False,False,False,False,True
0.5245551361379692,-1.1486359873165843,86590.0,2025,11,24,False,False,True,False,True,False,False,False,False,True,True,False
-0.8762598166720479,0.3471256344477084,71064.0,2025,11,24,False,True,False,False,False,True,True,False,False,False,False,False
1.2249626125429778,-0.09586720493680385,183024.0,2025,11,24,False,True,False,False,False,False,True,False,False,False,False,True
-0.17585234026703933,0.0033832790661104247,105435.0,2025,11,24,False,True,False,False,False,True,True,False,False,False,True,False
-0.5260560784695436,-0.015911755107558663,83764.0,2025,11,24,True,False,False,True,False,False,True,False,False,False,True,False
0.8747588743404735,0.15602550146739672,177936.0,2025,11,24,False,True,False,False,False,True,False,True,False,False,False,True
0.17435139793546492,-1.0406630906050252,79122.0,2025,11,24,True,False,False,False,False,True,False,True,False,False,True,False
1.2249626125429778,0.00034365039491597934,189576.0,2025,11,25,False,True,False,True,False,False,False,False,False,True,False,True
-1.2264635548745522,0.9492364268808342,56488.0,2025,11,25,True,False,False,False,False,True,False,False,False,True,False,False
0.5245551361379692,-0.19710005546441017,136990.0,2025,11,25,True,False,False,True,False,False,True,False,False,False,True,False
-1.5766672930770564,-0.2323861796039283,19303.0,2025,11,25,False,True,False,True,False,False,False,True,False,False,False,False
0.8747588743404735,0.7081806574782834,211360.0,2025,11,25,True,False,False,True,False,False,False,False,True,False,False,True
1.575166350745482,0.8807787028948028,277260.0,2025,11,25,True,False,False,True,False,False,False,True,False,False,False,True
1.575166350745482,-1.3382823848454553,109350.0,2025,11,26,False,False,True,False,True,False,False,False,True,False,False,True
1.2249626125429778,0.2222365433921105,204687.0,2025,11,26,False,True,False,False,False,True,False,False,False,True,False,True
0.8747588743404735,-1.0492533455453574,104976.0,2025,11,26,False,False,True,False,False,True,False,True,False,False,False,True
0.17435139793546492,-0.6838371161604598,95322.0,2025,11,26,True,False,False,True,False,False,False,True,False,False,True,False
-0.17585234026703933,1.8005967703519046,173430.0,2025,11,26,False,False,False,True,False,False,False,True,False,False,True,False
1.575166350745482,-0.1262634916487483,201060.0,2025,11,26,False,True,False,False,False,False,True,False,False,False,False,True
-1.5766672930770564,0.47386493425968546,24647.0,2025,11,26,True,False,False,False,False,False,False,False,False,True,False,False
0.17435139793546492,-0.1974965287693486,117402.0,2025,11,27,False,True,False,False,False,False,False,True,False,False,True,False
0.8747588743404735,-1.0024694955626254,107808.0,2025,11,27,True,False,False,True,False,False,False,True,False,False,False,True
-1.5766672930770564,-0.5070100221579308,17225.0,2025,11,27,True,False,False,False,True,False,False,False,True,False,False,False
0.8747588743404735,-1.241014267367233,93368.0,2025,11,27,False,False,True,True,False,False,False,False,False,False,False,True
-0.8762598166720479,0.23954921104108756,68622.0,2025,11,27,False,True,False,True,False,False,False,False,False,False,False,False
-0.8762598166720479,0.04369139840151503,64176.0,2025,11,27,False,True,False,False,False,True,False,False,False,True,False,False
0.8747588743404735,-1.4362112911652416,81552.0,2025,11,27,False,False,True,False,False,True,True,False,False,False,False,True
0.5245551361379692,-0.6416787880686761,113442.0,2025,11,27,True,False,False,False,True,False,False,False,True,False,True,False
-1.2264635548745522,-0.36850868096611433,36546.0,2025,11,27,False,True,False,False,True,False,False,False,False,True,False,False
0.5245551361379692,-1.2971813189001737,78722.0,2025,11,28,False,False,True,False,True,False,False,False,False,False,True,False
-0.8762598166720479,0.3072139884172422,70158.0,2025,11,28,False,True,False,False,False,False,False,False,False,True,False,False
1.2249626125429778,2.195880655375495,320262.5,2025,11,28,False,False,False,False,False,True,False,False,False,False,False,True
0.17435139793546492,-1.333128231881256,65844.0,2025,11,28,False,False,True,False,False,False,False,False,True,False,True,False
0.5245551361379692,1.6408180284617269,234339.0,2025,11,28,False,False,False,False,True,False,True,False,False,False,True,False
0.8747588743404735,-0.03560326258616616,166336.0,2025,11,28,False,True,False,True,False,False,False,False,False,True,False,True
1.2249626125429778,1.0332887675277762,259920.0,2025,11,28,True,False,False,False,True,False,False,False,False,True,False,True
0.8747588743404735,1.184212938940996,240176.0,2025,11,28,True,False,False,False,False,False,False,False,False,False,False,True
1.575166350745482,-0.34405949382824597,184580.0,2025,11,28,False,True,False,False,False,False,False,False,False,False,False,True
-0.5260560784695436,0.44386512085267943,97680.0,2025,11,28,False,True,False,True,False,False,True,False,False,False,True,False
0.17435139793546492,-0.5273623184781023,102426.0,2025,11,28,True,False,False,False,True,False,False,False,False,True,True,False
0.5245551361379692,-0.2956897506257605,131768.0,2025,11,28,False,True,False,False,True,False,True,False,False,False,True,False
0.8747588743404735,0.44677259175556105,195536.0,2025,11,28,False,True,False,False,False,False,False,False,False,False,False,True
1.575166350745482,-0.4931334564850866,173300.0,2025,11,29,True,False,False,False,False,True,False,False,False,False,False,True
-0.5260560784695436,0.5419261849407785,100648.0,2025,11,29,True,False,False,False,False,False,False,False,True,False,True,False
0.5245551361379692,0.14545288000237255,155134.0,2025,11,29,False,True,False,False,False,False,True,False,False,False,True,False
1.2249626125429778,-0.09639583601005507,182988.0,2025,11,29,False,True,False,True,False,False,False,True,False,False,False,True
-1.5766672930770564,1.0791475131323185,29227.0,2025,11,29,True,False,False,False,False,True,False,False,True,False,False,False
1.575166350745482,-1.085596731831378,128470.0,2025,11,29,False,False,True,True,False,False,False,False,False,True,False,True
1.575166350745482,-0.48996167004557933,173540.0,2025,11,29,False,True,False,False,False,False,False,True,False,False,False,True
-0.5260560784695436,0.6440841398465744,103740.0,2025,11,29,True,False,False,False,False,False,True,False,False,False,True,False
1.575166350745482,-0.3116808405916095,187030.0,2025,11,29,False,True,False,False,False,True,False,False,True,False,False,True
-1.2264635548745522,-1.076874319122733,25826.0,2025,11,29,False,False,True,True,False,False,False,False,True,False,False,False
1.2249626125429778,0.3488436854357748,213309.0,2025,11,29,False,True,False,False,True,False,False,False,True,False,False,True
1.2249626125429778,-1.677531376104418,75312.0,2025,11,29,False,False,True,False,False,True,False,False,False,True,False,True
1.575166350745482,-0.35423564198833174,183810.0,2025,11,30,False,True,False,True,False,False,False,False,False,False,False,True
-0.17585234026703933,-0.03296010721991012,104060.0,2025,11,30,True,False,False,False,True,False,False,True,False,False,True,False
0.5245551361379692,1.8587461884095373,245882.0,2025,11,30,False,False,False,True,False,False,False,False,False,True,True,False
0.5245551361379692,2.2086999589018372,264418.0,2025,11,30,False,False,False,False,True,False,False,False,True,False,True,False
-1.2264635548745522,-0.4673626916640902,35050.0,2025,11,30,False,True,False,False,False,True,False,False,True,False,False,False
-1.5766672930770564,1.174301106317536,29947.0,2025,11,30,True,False,False,True,False,False,False,False,False,True,False,False
1.2249626125429778,1.3594541397237716,282132.0,2025,11,30,True,False,False,False,True,False,True,False,False,False,False,True
-1.5766672930770564,-0.3412841806936771,18479.0,2025,11,30,True,False,False,False,True,False,False,False,False,True,False,False
1.575166350745482,-1.4862990853557936,98150.0,2025,11,30,False,False,True,False,False,True,False,True,False,False,False,True
1.2249626125429778,-1.0115883815762088,120663.0,2025,12,1,False,False,True,True,False,False,False,False,True,False,False,True
-0.5260560784695436,-0.5072743376945564,68892.0,2025,12,1,True,False,False,False,False,False,False,False,False,True,True,False
-1.5766672930770564,-0.48784714575257454,17370.0,2025,12,1,True,False,False,False,False,False,False,False,False,False,False,False
1.2249626125429778,-0.12784938486850195,180846.0,2025,12,1,False,True,False,False,True,False,False,False,True,False,False,True
-0.8762598166720479,-0.7468763716456664,46230.0,2025,12,1,True,False,False,False,False,False,False,False,False,False,False,False
1.2249626125429778,-0.9652010048984153,123822.0,2025,12,1,True,False,False,False,False,False,True,False,False,False,False,True
0.5245551361379692,-0.5708422242530141,117194.0,2025,12,1,True,False,False,False,False,False,True,False,False,False,True,False
1.575166350745482,-0.2791700295866602,189490.0,2025,12,1,False,True,False,False,False,True,False,False,False,False,False,True
-1.5766672930770564,1.3026262993492668,30918.0,2025,12,1,True,False,False,False,False,False,False,False,True,False,False,False
-1.2264635548745522,0.23743468674808274,45716.0,2025,12,1,False,True,False,False,False,True,True,False,False,False,False,False
0.8747588743404735,-1.63801620337889,69336.0,2025,12,2,False,False,True,True,False,False,False,False,False,False,False,True
0.8747588743404735,-1.0570506538758127,104504.0,2025,12,2,True,False,False,False,True,False,False,False,False,True,False,True
-0.8762598166720479,0.2421923664073436,68682.0,2025,12,2,False,True,False,False,False,True,False,True,False,False,False,False
0.17435139793546492,-1.707531189511424,48846.0,2025,12,2,False,False,True,True,False,False,False,False,True,False,True,False
0.5245551361379692,-0.31405968042123994,130795.0,2025,12,2,False,True,False,False,False,True,True,False,False,False,True,False
-0.5260560784695436,0.01170921846981695,84600.0,2025,12,2,False,True,False,False,True,False,False,True,False,False,True,False
1.575166350745482,0.6382691980408112,258910.0,2025,12,2,True,False,False,False,False,True,False,True,False,False,False,True
1.575166350745482,-0.3818566155657073,181720.0,2025,12,2,True,False,False,False,True,False,False,False,True,False,False,True
0.8747588743404735,-0.06124186963884974,164784.0,2025,12,2,False,True,False,True,False,False,False,False,False,False,False,True
1.2249626125429778,1.5185720927723851,292968.0,2025,12,2,True,False,False,False,False,False,False,False,False,False,False,True
0.8747588743404735,-1.1859044779807946,96704.0,2025,12,2,False,False,True,False,True,False,False,False,False,False,False,True
-1.2264635548745522,-0.8691223073350083,28970.0,2025,12,3,True,False,False,True,False,False,False,True,False,False,False,False
-0.5260560784695436,-0.6045424551727787,65948.0,2025,12,3,True,False,False,True,False,False,True,False,False,False,True,False
-1.2264635548745522,1.3817888025686351,63034.0,2025,12,3,True,False,False,False,False,False,False,False,False,False,False,False
-0.8762598166720479,-0.9461702862613718,41706.0,2025,12,3,True,False,False,False,True,False,True,False,False,False,False,False
-1.5766672930770564,-0.600313406586769,16519.0,2025,12,3,False,True,False,False,True,False,False,False,True,False,False,False
-0.5260560784695436,-0.8029112654102945,59944.0,2025,12,3,False,False,True,False,False,True,False,True,False,False,True,False
-0.8762598166720479,-0.3176279401656856,55974.0,2025,12,3,True,False,False,False,False,False,True,False,False,False,False,False
0.8747588743404735,-1.09749093097953,102056.0,2025,12,3,False,False,True,False,False,True,False,False,True,False,False,True
-0.8762598166720479,-0.42956556992662887,53433.0,2025,12,3,False,True,False,False,True,False,False,False,False,True,False,False
1.575166350745482,1.3829782224834504,315260.0,2025,12,3,True,False,False,False,True,False,False,False,True,False,False,True
0.5245551361379692,-0.28802460006361796,132174.0,2025,12,3,False,True,False,True,False,False,True,False,False,False,True,False
0.17435139793546492,0.2895048474633267,139512.0,2025,12,4,True,False,False,False,False,False,False,True,False,False,True,False
-1.2264635548745522,-0.9128665286465457,28308.0,2025,12,4,True,False,False,False,True,False,False,True,False,False,False,False
-1.5766672930770564,-0.10723277301170483,20250.0,2025,12,4,False,True,False,False,True,False,False,False,False,False,False,False
-1.2264635548745522,0.8589726711231904,55122.0,2025,12,4,True,False,False,False,True,False,False,False,False,True,False,False
0.5245551361379692,0.3021919932213557,163436.0,2025,12,4,True,False,False,False,True,False,True,False,False,False,True,False
-0.17585234026703933,-1.024143369565925,66560.0,2025,12,5,True,False,False,False,False,True,False,False,False,True,True,False
1.575166350745482,-0.3164385202508704,186670.0,2025,12,5,False,True,False,False,False,False,False,False,False,True,False,True
0.17435139793546492,-0.3723412562471856,109464.0,2025,12,5,False,True,False,True,False,False,False,False,True,False,True,False
0.17435139793546492,0.13831636051348126,132648.0,2025,12,5,False,True,False,False,True,False,False,False,False,False,True,False
0.8747588743404735,-1.1779750118820265,97184.0,2025,12,5,False,False,True,False,False,False,False,False,False,False,False,True
1.575166350745482,-0.0653387604565466,205670.0,2025,12,5,False,True,False,False,False,True,True,False,False,False,False,True
0.17435139793546492,-1.107534921371303,76086.0,2025,12,5,False,False,True,False,True,False,False,False,False,False,True,False
-0.8762598166720479,0.9147432493511929,83949.0,2025,12,5,True,False,False,False,False,False,False,False,True,False,False,False
-0.8762598166720479,0.2735137574974777,69393.0,2025,12,5,True,False,False,False,False,False,True,False,False,False,False,False
0.8747588743404735,1.396590472619669,253032.0,2025,12,5,True,False,False,True,False,False,False,True,False,False,False,True
-0.5260560784695436,1.494651536707768,129484.0,2025,12,5,True,False,False,False,False,False,False,False,False,False,True,False
0.5245551361379692,-0.014193704119492239,146678.0,2025,12,5,False,True,False,False,True,False,True,False,False,False,True,False
-1.5766672930770564,-0.03666052473266857,20784.0,2025,12,6,False,True,False,True,False,False,False,False,False,True,False,False
-0.8762598166720479,2.1455285456483177,111888.0,2025,12,6,False,False,False,True,False,False,False,False,True,False,False,False
-0.17585234026703933,1.9840317527700737,180370.0,2025,12,6,False,False,False,False,False,False,True,False,False,False,True,False
-0.8762598166720479,-0.24956668948459257,57519.0,2025,12,6,True,False,False,False,False,True,True,False,False,False,False,False
0.5245551361379692,1.669496264185605,235858.0,2025,12,6,False,False,False,False,True,False,False,False,False,False,True,False
-0.8762598166720479,-0.08423732132527728,61272.0,2025,12,6,False,True,False,True,False,False,False,False,False,False,False,False
-0.5260560784695436,-0.33507276558297544,74104.0,2025,12,6,True,False,False,False,False,True,False,False,False,True,True,False
1.2249626125429778,-0.025294956657767605,187830.0,2025,12,6,False,True,False,True,False,False,False,False,False,False,False,True
-1.2264635548745522,-0.24044780347100922,38484.0,2025,12,6,True,False,False,False,False,False,False,False,False,False,False,False
0.8747588743404735,-0.9303113540638356,112176.0,2025,12,6,False,False,True,False,False,False,False,False,True,False,False,True
0.17435139793546492,-0.5270980029414767,102438.0,2025,12,7,True,False,False,False,False,True,False,True,False,False,True,False
-0.8762598166720479,-0.716480084933722,46920.0,2025,12,7,True,False,False,False,False,True,False,False,False,True,False,False
-0.5260560784695436,-1.0936583556984587,51144.0,2025,12,7,False,False,True,False,False,True,False,False,False,True,True,False
-1.5766672930770564,-0.6682424994995493,16005.0,2025,12,7,False,True,False,False,False,False,True,False,False,False,False,False
-0.17585234026703933,0.24509983731022525,114580.0,2025,12,7,False,True,False,True,False,False,False,False,True,False,True,False
-0.8762598166720479,1.6946062401650372,101652.0,2025,12,7,False,False,False,False,False,False,False,False,True,False,False,False
-0.8762598166720479,0.9258445018894682,84201.0,2025,12,7,True,False,False,False,False,False,False,True,False,False,False,False
-1.2264635548745522,0.06364722141674813,43086.0,2025,12,8,False,True,False,False,True,False,True,False,False,False,False,False
0.17435139793546492,0.7040837666605865,158334.0,2025,12,8,True,False,False,False,True,False,False,False,False,True,True,False
1.575166350745482,-0.15573467398250315,198830.0,2025,12,8,False,True,False,False,False,False,False,True,False,False,False,True
-0.8762598166720479,-0.00296029381290407,63117.0,2025,12,8,False,True,False,False,True,False,False,False,True,False,False,False
-1.2264635548745522,-0.2456019564352085,38406.0,2025,12,8,False,True,False,False,False,False,False,False,False,True,False,False
-1.2264635548745522,0.15972591898015517,44540.0,2025,12,8,False,True,False,False,True,False,False,False,False,True,False,False
1.2249626125429778,-0.14331184376109976,179793.0,2025,12,8,True,False,False,False,False,True,False,False,False,True,False,True
0.8747588743404735,0.3812223386724113,191568.0,2025,12,8,False,True,False,False,False,True,False,False,False,True,False,True
-0.8762598166720479,-0.5643664936056869,50373.0,2025,12,8,True,False,False,False,True,False,False,False,False,False,False,False
-0.8762598166720479,-1.479294723635215,29604.0,2025,12,8,False,False,True,False,True,False,False,True,False,False,False,False
1.575166350745482,0.1551003970892071,222350.0,2025,12,9,False,True,False,False,True,False,True,False,False,False,False,True
-1.5766672930770564,-1.0192535321383513,13349.0,2025,12,9,True,False,False,True,False,False,False,True,False,False,False,False
-0.8762598166720479,0.6982688248548232,79035.0,2025,12,9,True,False,False,False,False,False,False,False,False,False,False,False
1.575166350745482,-1.25502299080839,115650.0,2025,12,9,False,False,True,False,False,True,False,False,False,True,False,True
1.2249626125429778,1.4294977569295566,286902.0,2025,12,9,True,False,False,True,False,False,False,False,False,True,False,True
-0.8762598166720479,1.368440867969042,94248.0,2025,12,9,True,False,False,False,False,True,False,False,False,True,False,False
1.2249626125429778,-1.1490324606215228,111303.0,2025,12,9,False,False,True,False,False,True,False,True,False,False,False,True
-0.8762598166720479,1.9182171841502982,106728.0,2025,12,9,False,False,False,False,False,False,False,False,False,True,False,False
-0.8762598166720479,-1.1133498631770662,37911.0,2025,12,9,False,False,True,False,False,True,False,False,False,True,False,False
-1.2264635548745522,-0.5610625493978668,33632.0,2025,12,9,True,False,False,False,False,True,True,False,False,False,False,False
0.17435139793546492,-0.6190798096871869,98262.0,2025,12,9,True,False,False,False,False,True,False,False,False,True,True,False
0.17435139793546492,1.1663716402187678,179322.0,2025,12,9,True,False,False,False,False,True,True,False,False,False,True,False
-1.5766672930770564,-1.178239327418652,12146.0,2025,12,10,False,False,True,True,False,False,False,False,False,False,False,False
0.5245551361379692,1.9887894324293345,252770.0,2025,12,10,False,False,False,True,False,False,False,False,True,False,True,False
-0.8762598166720479,-1.1412351522910675,37278.0,2025,12,10,False,False,True,True,False,False,False,False,False,True,False,False
1.2249626125429778,1.400555205669053,284931.0,2025,12,10,True,False,False,False,True,False,False,True,False,False,False,True
0.8747588743404735,-0.32965429708215055,148536.0,2025,12,10,True,False,False,False,False,True,False,False,True,False,False,True
0.5245551361379692,0.46104563073334365,171850.0,2025,12,10,False,True,False,False,False,False,True,False,False,False,True,False
-1.2264635548745522,0.2617517161176383,46084.0,2025,12,10,False,True,False,False,False,True,False,False,False,False,False,False
-1.2264635548745522,-1.4245814075537149,20564.0,2025,12,10,False,False,True,True,False,False,False,False,False,True,False,False
-0.17585234026703933,-0.7803122870288053,75785.0,2025,12,10,True,False,False,False,False,True,False,False,True,False,True,False
-1.5766672930770564,-0.6457756788863729,16175.0,2025,12,10,True,False,False,False,True,False,False,False,False,True,False,False
0.17435139793546492,0.4102970477012277,144996.0,2025,12,10,True,False,False,True,False,False,False,False,False,True,True,False
0.8747588743404735,1.2545208716834066,244432.0,2025,12,10,True,False,False,False,False,False,False,True,False,False,False,True
1.575166350745482,-0.5470538259567098,169220.0,2025,12,11,True,False,False,False,True,False,False,False,True,False,False,True
-0.5260560784695436,1.162803380474322,119440.0,2025,12,11,True,False,False,False,False,True,False,False,False,True,True,False
0.8747588743404735,-0.22643908002985222,154784.0,2025,12,11,False,True,False,True,False,False,True,False,False,False,False,True
-1.5766672930770564,1.6775578880526858,33755.0,2025,12,11,False,False,False,False,True,False,False,False,True,False,False,False
-0.17585234026703933,0.10461612959371674,109265.0,2025,12,11,False,True,False,False,False,False,False,False,False,True,True,False
1.575166350745482,0.13263357647603075,220650.0,2025,12,11,False,True,False,False,False,False,True,False,False,False,False,True
1.2249626125429778,1.364476134919658,282474.0,2025,12,11,True,False,False,False,True,False,True,False,False,False,False,True
1.2249626125429778,-1.6262541619990507,78804.0,2025,12,11,False,False,True,True,False,False,True,False,False,False,False,True
-0.8762598166720479,-0.5437498817488897,50841.0,2025,12,12,True,False,False,False,False,False,True,False,False,False,False,False
-0.8762598166720479,0.1356732051472252,66264.0,2025,12,12,False,True,False,False,False,False,False,True,False,False,False,False
0.5245551361379692,1.8153984404029384,243586.0,2025,12,12,False,False,False,False,False,True,False,False,False,False,True,False
1.575166350745482,0.30483514858761174,233680.0,2025,12,12,True,False,False,False,False,True,False,True,False,False,False,True
-0.8762598166720479,-0.8841882929226677,43113.0,2025,12,12,True,False,False,False,False,True,False,True,False,False,False,False
0.17435139793546492,-0.1187304988549186,120978.0,2025,12,12,False,True,False,False,True,False,False,False,False,False,True,False
-0.17585234026703933,-0.18124112326687394,98450.0,2025,12,12,True,False,False,False,False,True,False,False,True,False,True,False
1.2249626125429778,0.49249917959179057,223092.0,2025,12,12,True,False,False,True,False,False,True,False,False,False,False,True
-0.17585234026703933,2.0754849284425325,183830.0,2025,12,12,False,False,False,True,False,False,False,False,False,False,True,False
-1.5766672930770564,0.7531142987046361,26760.0,2025,12,12,True,False,False,False,True,False,False,True,False,False,False,False
0.5245551361379692,-0.22392808243190898,135569.0,2025,12,12,False,True,False,False,False,False,False,False,False,False,True,False
0.8747588743404735,-0.26013931094961673,152744.0,2025,12,13,True,False,False,False,False,True,False,True,False,False,False,True
-0.8762598166720479,-1.596122190823732,26952.0,2025,12,13,False,False,True,False,False,True,True,False,False,False,False,False
-1.2264635548745522,-0.8329110788173005,29518.0,2025,12,13,False,False,True,False,False,True,True,False,False,False,False,False
1.2249626125429778,-0.49035814335051775,156159.0,2025,12,13,False,True,False,True,False,False,True,False,False,False,False,True
0.8747588743404735,0.40078168838270595,192752.0,2025,12,13,True,False,False,True,False,False,False,False,False,True,False,True
-0.5260560784695436,-0.19075648258539568,78472.0,2025,12,14,False,True,False,False,True,False,False,False,False,True,True,False
1.575166350745482,1.3833746957883888,315290.0,2025,12,14,True,False,False,False,False,True,False,False,True,False,False,True
0.5245551361379692,-0.2391262257878812,134764.0,2025,12,14,False,True,False,False,True,False,False,False,False,True,True,False
0.17435139793546492,-1.4754621483541437,59382.0,2025,12,14,False,False,True,False,True,False,False,True,False,False,True,False
-0.17585234026703933,0.14611366884393656,110835.0,2025,12,14,False,True,False,False,False,True,False,False,False,True,True,False
-0.17585234026703933,-1.100134086345786,63685.0,2025,12,14,False,False,True,False,True,False,False,False,True,False,True,False
-0.17585234026703933,-1.2574018306380204,57735.0,2025,12,14,False,False,True,False,False,False,False,False,True,False,True,False
-0.17585234026703933,-1.2655956122734142,57425.0,2025,12,14,False,False,True,False,True,False,False,False,True,False,True,False
0.8747588743404735,0.46302799725803573,196520.0,2025,12,15,False,True,False,False,True,False,False,False,False,False,False,True
-0.17585234026703933,-0.06362070946848018,102900.0,2025,12,15,True,False,False,False,False,True,False,False,False,False,True,False
1.2249626125429778,0.35875551805923495,213984.0,2025,12,15,True,False,False,False,True,False,False,False,False,False,False,True
1.575166350745482,1.2954897798603753,308640.0,2025,12,15,True,False,False,False,False,False,True,False,False,False,False,True
1.575166350745482,1.196239295857461,301130.0,2025,12,15,True,False,False,False,False,True,False,False,True,False,False,True
-0.5260560784695436,0.1363339939887892,88372.0,2025,12,15,False,True,False,False,False,True,False,False,True,False,True,False
0.5245551361379692,0.069065689917573,151088.0,2025,12,15,False,True,False,True,False,False,False,False,False,True,True,False
0.8747588743404735,-0.2126946721253208,155616.0,2025,12,15,False,True,False,True,False,False,False,False,False,False,False,True
0.5245551361379692,2.1403743926841186,260799.0,2025,12,15,False,False,False,True,False,False,False,False,False,False,True,False
0.17435139793546492,2.1925767111676753,225912.0,2025,12,15,False,False,False,False,False,True,False,False,False,True,True,False
0.5245551361379692,-1.6483245093072887,60123.0,2025,12,15,False,False,True,False,False,True,False,False,False,True,True,False
-0.17585234026703933,2.222576524574681,189395.0,2025,12,16,False,False,False,False,True,False,True,False,False,False,True,False
-0.5260560784695436,1.5181756194674467,130196.0,2025,12,16,True,False,False,False,True,False,True,False,False,False,True,False
-0.17585234026703933,-1.5322899887286485,47335.0,2025,12,16,False,False,True,True,False,False,False,False,False,False,True,False
-0.5260560784695436,-1.2448468426483044,46568.0,2025,12,16,False,False,True,False,True,False,False,False,False,False,True,False
-1.2264635548745522,-0.2756017698422146,37952.0,2025,12,16,False,True,False,False,True,False,False,False,True,False,False,False
-1.2264635548745522,-0.976698730741629,27342.0,2025,12,16,True,False,False,False,False,True,True,False,False,False,False,False
-0.17585234026703933,1.486061281767436,161530.0,2025,12,17,True,False,False,False,True,False,False,False,False,True,True,False
-0.8762598166720479,0.47135393666174225,73884.0,2025,12,17,True,False,False,True,False,False,False,False,False,True,False,False
1.575166350745482,1.7469407164169068,320262.5,2025,12,17,False,False,False,False,True,False,False,False,False,True,False,True
1.575166350745482,-0.39084334381097785,181040.0,2025,12,17,False,True,False,False,True,False,False,False,True,False,False,True
0.5245551361379692,-1.6209678512665386,61572.0,2025,12,17,False,False,True,True,False,False,False,False,False,True,True,False
1.575166350745482,1.5977345959917535,320262.5,2025,12,17,False,False,False,False,False,False,True,False,False,False,False,True
0.17435139793546492,-0.5444106705904538,101652.0,2025,12,18,True,False,False,False,False,True,True,False,False,False,True,False
0.5245551361379692,-0.17727639021748987,138040.0,2025,12,18,True,False,False,True,False,False,False,False,False,False,True,False
0.5245551361379692,0.3491080009724004,165921.0,2025,12,18,False,True,False,False,False,True,False,False,True,False,True,False
0.5245551361379692,-0.27665903198871694,132776.0,2025,12,18,False,True,False,False,True,False,False,True,False,False,True,False
0.8747588743404735,0.05584991308629281,171872.0,2025,12,18,False,True,False,True,False,False,False,False,False,True,False,True
-0.8762598166720479,-0.078422379519514,61404.0,2025,12,18,False,True,False,False,False,False,True,False,False,False,False,False
1.575166350745482,-0.05635203221127607,206350.0,2025,12,18,False,True,False,True,False,False,False,True,False,False,False,True
0.17435139793546492,0.763819077937973,161046.0,2025,12,18,True,False,False,False,True,False,False,False,False,True,True,False
0.8747588743404735,1.1285745184813065,236808.0,2025,12,18,True,False,False,False,False,True,False,False,False,False,False,True
-1.5766672930770564,1.706103966008251,33971.0,2025,12,18,False,False,False,False,True,False,False,False,False,True,False,False
1.575166350745482,0.35994493797405014,237850.0,2025,12,18,True,False,False,True,False,False,False,False,False,False,False,True
-0.8762598166720479,0.3076104617221806,70167.0,2025,12,18,False,True,False,False,True,False,True,False,False,False,False,False
1.2249626125429778,-0.3005795880533341,169083.0,2025,12,18,False,True,False,True,False,False,True,False,False,False,False,True
1.2249626125429778,-1.1303982152894176,112572.0,2025,12,18,False,False,True,True,False,False,False,False,True,False,False,True
0.17435139793546492,-1.0713236928535952,77730.0,2025,12,19,False,False,True,True,False,False,False,True,False,False,True,False
1.2249626125429778,1.3266790131821966,279900.0,2025,12,19,True,False,False,True,False,False,True,False,False,False,False,True
-0.5260560784695436,0.4667284147707942,98372.0,2025,12,19,True,False,False,True,False,False,False,False,False,True,True,False
0.8747588743404735,0.3114430370032518,187344.0,2025,12,19,True,False,False,False,False,True,False,False,False,False,False,True
-0.8762598166720479,0.3902090669176818,72042.0,2025,12,19,False,True,False,True,False,False,False,False,False,False,False,False
0.17435139793546492,-0.025294956657767605,125220.0,2025,12,20,False,True,False,True,False,False,False,False,False,True,True,False
1.2249626125429778,1.3980442080711097,284760.0,2025,12,20,True,False,False,True,False,False,False,False,False,False,False,True
-0.17585234026703933,0.22686206528305858,113890.0,2025,12,20,False,True,False,False,False,False,False,False,False,False,True,False
0.17435139793546492,-0.6826476962456447,95376.0,2025,12,20,True,False,False,False,False,True,False,False,False,True,True,False
-0.17585234026703933,1.9238999681877487,178095.0,2025,12,20,False,False,False,False,True,False,False,True,False,False,True,False
-1.5766672930770564,0.6508241860305273,25986.0,2025,12,20,True,False,False,False,False,True,False,False,False,False,False,False
-0.8762598166720479,2.227862835307193,113757.0,2025,12,20,False,False,False,False,True,False,True,False,False,False,False,False
1.2249626125429778,0.6874318878531734,236367.0,2025,12,20,True,False,False,False,False,False,False,True,False,False,False,True
-0.17585234026703933,-0.04432567529481109,103630.0,2025,12,20,False,True,False,False,True,False,False,True,False,False,True,False
0.17435139793546492,1.8804200624128369,211740.0,2025,12,20,False,False,False,False,True,False,False,False,False,False,True,False
-1.5766672930770564,-1.3207054016598525,11068.0,2025,12,20,False,False,True,False,False,True,True,False,False,False,False,False
-0.5260560784695436,0.4373893902053521,97484.0,2025,12,20,False,True,False,False,False,False,False,False,False,False,True,False
-0.5260560784695436,-0.20265068173354786,78112.0,2025,12,20,False,True,False,False,True,False,False,True,False,False,True,False
1.575166350745482,-0.2577604711199863,191110.0,2025,12,20,False,True,False,False,False,False,True,False,False,False,False,True
-0.17585234026703933,-0.6373175817143536,81195.0,2025,12,20,True,False,False,True,False,False,False,True,False,False,True,False
-1.5766672930770564,0.15721492138221194,22251.0,2025,12,21,False,True,False,False,True,False,False,False,False,True,False,False
0.5245551361379692,-0.4324730408295105,124523.0,2025,12,21,True,False,False,False,False,True,False,False,False,True,True,False
0.17435139793546492,-0.5570978163484828,101076.0,2025,12,21,True,False,False,False,True,False,False,True,False,False,True,False
0.17435139793546492,-0.10974377060964807,121386.0,2025,12,21,False,True,False,False,False,True,True,False,False,False,True,False
1.575166350745482,2.045220799498901,320262.5,2025,12,21,False,False,False,False,False,True,False,True,False,False,False,True
0.5245551361379692,0.7619688691815938,187789.0,2025,12,21,True,False,False,False,False,False,False,False,False,False,True,False
0.5245551361379692,0.7236431163708812,185759.0,2025,12,21,True,False,False,False,True,False,False,True,False,False,True,False
-0.8762598166720479,0.38545138725842093,71934.0,2025,12,21,False,True,False,False,False,True,True,False,False,False,False,False
0.8747588743404735,-0.1183340255499802,161328.0,2025,12,21,False,True,False,False,True,False,False,False,False,True,False,True
-0.8762598166720479,-0.34657049142618923,55317.0,2025,12,21,False,True,False,False,False,False,False,False,True,False,False,False
-1.2264635548745522,-0.6460399944229985,32346.0,2025,12,21,True,False,False,False,False,True,False,False,False,False,False,False
-1.5766672930770564,-0.14608715689566862,19956.0,2025,12,21,False,True,False,False,True,False,True,False,False,False,False,False
0.5245551361379692,-0.7417222186814671,108143.0,2025,12,22,True,False,False,False,False,False,True,False,False,False,True,False
0.8747588743404735,2.1901978713380448,301072.0,2025,12,22,False,False,False,True,False,False,False,True,False,False,False,True
-0.5260560784695436,-1.470704468694883,39732.0,2025,12,22,False,False,True,False,True,False,False,False,False,False,True,False
-0.17585234026703933,-0.7929994327868343,75305.0,2025,12,22,True,False,False,False,False,True,False,False,False,True,True,False
0.17435139793546492,1.8695831254111872,211248.0,2025,12,22,False,False,False,True,False,False,True,False,False,False,True,False
-0.5260560784695436,-0.03507463151291495,83184.0,2025,12,22,False,True,False,False,True,False,False,False,False,True,True,False
0.5245551361379692,-1.4276210362249093,71813.0,2025,12,22,False,False,True,False,False,True,False,False,False,False,True,False
0.5245551361379692,-0.09745309815655749,142268.0,2025,12,22,True,False,False,True,False,False,False,False,False,True,True,False
0.8747588743404735,-0.6034851930262762,131960.0,2025,12,22,False,True,False,True,False,False,False,False,True,False,False,True
-1.2264635548745522,-1.5530387583537584,18620.0,2025,12,22,False,False,True,False,False,True,False,True,False,False,False,False
-0.5260560784695436,-0.44833197302704675,70676.0,2025,12,23,True,False,False,False,True,False,False,True,False,False,True,False
0.8747588743404735,0.3595484646691118,190256.0,2025,12,23,False,True,False,False,False,False,False,False,False,True,False,True
1.575166350745482,0.15932944567521676,222670.0,2025,12,23,False,True,False,False,False,False,False,False,True,False,False,True
-0.5260560784695436,0.39906363739463957,96324.0,2025,12,23,False,True,False,True,False,False,True,False,False,False,True,False
-1.5766672930770564,1.939758900385285,35739.0,2025,12,23,False,False,False,False,True,False,False,False,False,False,False,False
-1.2264635548745522,-0.35608585074471094,36734.0,2025,12,23,False,True,False,True,False,False,False,False,False,True,False,False
-1.5766672930770564,-0.6028244041847123,16500.0,2025,12,23,True,False,False,False,False,False,False,False,True,False,False,False
-1.5766672930770564,2.0703307754783333,36727.0,2025,12,23,False,False,False,False,False,True,True,False,False,False,False,False
0.8747588743404735,0.8309552242408764,218792.0,2025,12,23,True,False,False,False,False,False,True,False,False,False,False,True
-1.5766672930770564,0.10646633835009597,21867.0,2025,12,23,False,True,False,False,False,False,True,False,False,False,False,False
0.8747588743404735,1.14760523711835,237960.0,2025,12,23,True,False,False,True,False,False,False,False,False,True,False,True
-1.5766672930770564,0.5712652095062205,25384.0,2025,12,24,True,False,False,False,False,False,True,False,False,False,False,False
0.8747588743404735,-1.2618951947606558,92104.0,2025,12,24,False,False,True,False,True,False,True,False,False,False,False,True
-0.5260560784695436,-0.5415031996875721,67856.0,2025,12,24,True,False,False,True,False,False,True,False,False,False,True,False
-0.5260560784695436,-1.3040535228524395,44776.0,2025,12,24,False,False,True,False,False,False,False,True,False,False,True,False
0.5245551361379692,-0.532252155905676,119238.0,2025,12,24,True,False,False,False,False,False,True,False,False,False,True,False
-0.17585234026703933,-1.4436121261907584,50690.0,2025,12,24,False,False,True,False,False,False,False,False,True,False,True,False
1.2249626125429778,-1.1063455014564878,114210.0,2025,12,24,False,False,True,False,False,False,True,False,False,False,False,True
-1.5766672930770564,0.07607005163815152,21637.0,2025,12,24,False,True,False,False,False,True,False,False,True,False,False,False
0.17435139793546492,2.049449848084911,219414.0,2025,12,24,False,False,False,False,True,False,False,False,False,True,True,False
0.5245551361379692,-1.4033040068553537,73101.0,2025,12,24,False,False,True,False,True,False,False,False,False,True,True,False
-0.5260560784695436,-1.4210131478092694,41236.0,2025,12,24,False,False,True,False,False,True,True,False,False,False,True,False
1.575166350745482,0.030739937106860436,212940.0,2025,12,24,False,True,False,True,False,False,False,True,False,False,False,True
-1.5766672930770564,0.5096796894724548,24918.0,2025,12,24,False,True,False,False,False,True,False,True,False,False,False,False
0.5245551361379692,1.2986615662998826,216216.0,2025,12,24,True,False,False,False,False,False,False,False,True,False,True,False
-1.5766672930770564,0.3361565396777458,23605.0,2025,12,24,False,True,False,False,True,False,False,False,False,True,False,False
-0.8762598166720479,-0.16776103089896813,59376.0,2025,12,25,True,False,False,False,False,True,False,True,False,False,False,False
-1.2264635548745522,-0.5109747552073148,34390.0,2025,12,25,True,False,False,False,False,False,False,True,False,False,False,False
1.2249626125429778,-0.7121188785793995,141057.0,2025,12,25,True,False,False,False,True,False,False,False,True,False,False,True
-0.8762598166720479,0.47320414541812145,73926.0,2025,12,25,True,False,False,False,True,False,True,False,False,False,False,False
-1.5766672930770564,-1.0456850858009117,13149.0,2025,12,25,False,False,True,False,False,True,False,False,True,False,False,False
1.2249626125429778,0.3908698557592458,216171.0,2025,12,25,True,False,False,False,True,False,True,False,False,False,False,True
-1.5766672930770564,0.2349236891501395,22839.0,2025,12,25,False,True,False,False,False,False,True,False,False,False,False,False
0.8747588743404735,0.4915740752136009,198248.0,2025,12,25,True,False,False,False,False,False,False,False,False,False,False,True
1.575166350745482,2.061740520538001,320262.5,2025,12,25,False,False,False,False,False,True,True,False,False,False,False,True
-0.17585234026703933,-1.1051560815416726,63495.0,2025,12,26,False,False,True,False,False,False,False,True,False,False,True,False
-1.2264635548745522,-1.3205732438915398,22138.0,2025,12,26,False,False,True,False,True,False,True,False,False,False,False,False
0.8747588743404735,-1.3045821539256908,89520.0,2025,12,26,False,False,True,False,False,True,True,False,False,False,False,True
0.5245551361379692,-1.1647592350507463,85736.0,2025,12,26,False,False,True,False,False,True,True,False,False,False,True,False
-1.2264635548745522,1.4630658300810082,64264.0,2025,12,26,True,False,False,False,False,False,False,True,False,False,False,False
0.17435139793546492,1.422493395208978,190950.0,2025,12,26,True,False,False,True,False,False,True,False,False,False,True,False
-1.2264635548745522,-1.361938625373447,21512.0,2025,12,26,False,False,True,False,False,False,True,False,False,False,False,False
-0.5260560784695436,-0.6108860280517932,65756.0,2025,12,26,True,False,False,False,True,False,True,False,False,False,True,False
1.575166350745482,-0.3135310493479887,186890.0,2025,12,26,False,True,False,False,False,False,False,False,False,True,False,True
0.8747588743404735,-1.3065645204503828,89400.0,2025,12,26,False,False,True,False,True,False,False,False,False,True,False,True
-0.17585234026703933,-0.11410497696397054,100990.0,2025,12,26,True,False,False,False,False,False,True,False,False,False,True,False
0.17435139793546492,-1.0324693089696315,79494.0,2025,12,26,True,False,False,False,False,True,False,False,False,True,True,False
0.5245551361379692,0.5706044206646566,177653.0,2025,12,26,True,False,False,False,True,False,False,True,False,False,True,False
0.8747588743404735,-0.22181355813890413,155064.0,2025,12,27,True,False,False,False,False,False,False,False,False,True,False,True
1.575166350745482,1.1446977662154683,297230.0,2025,12,27,True,False,False,False,False,False,False,False,False,True,False,True
1.2249626125429778,-1.6419809364282743,77733.0,2025,12,27,False,False,True,False,True,False,True,False,False,False,False,True
-0.8762598166720479,-0.9784167817296955,40974.0,2025,12,27,False,False,True,True,False,False,False,False,False,True,False,False
0.8747588743404735,0.7454491481424935,213616.0,2025,12,27,True,False,False,True,False,False,False,False,False,False,False,True
0.17435139793546492,0.878003389760234,166230.0,2025,12,27,True,False,False,False,False,True,False,False,False,True,True,False
-1.2264635548745522,0.3927200645156251,48066.0,2025,12,27,True,False,False,False,False,True,True,False,False,False,False,False
-0.8762598166720479,1.8900675794996715,106089.0,2025,12,27,False,False,False,False,False,True,False,False,False,False,False,False
0.8747588743404735,-0.3629580546969767,146520.0,2025,12,27,False,True,False,False,True,False,False,False,False,False,False,True
-0.17585234026703933,-0.3106235784451071,93555.0,2025,12,27,True,False,False,False,False,False,True,False,False,False,True,False
-0.17585234026703933,-1.1100459189692462,63310.0,2025,12,28,False,False,True,True,False,False,False,False,False,False,True,False
-1.2264635548745522,0.7285329537984548,53148.0,2025,12,28,True,False,False,True,False,False,False,True,False,False,False,False
1.575166350745482,0.2287122740394378,227920.0,2025,12,28,False,True,False,True,False,False,False,False,False,False,False,True
-0.8762598166720479,-0.7082863032983282,47106.0,2025,12,28,True,False,False,False,False,False,True,False,False,False,False,False
0.17435139793546492,-0.10802571962158164,121464.0,2025,12,28,False,True,False,False,False,True,False,False,False,False,True,False
0.8747588743404735,-0.3837068243220866,145264.0,2025,12,28,False,True,False,False,True,False,False,False,False,False,False,True
-1.2264635548745522,0.42377714006913353,48536.0,2025,12,28,True,False,False,False,False,True,False,False,False,False,False,False
0.8747588743404735,-1.0318085201280676,106032.0,2025,12,28,False,False,True,False,False,False,False,True,False,False,False,True
-0.17585234026703933,-0.6671852373530468,80065.0,2025,12,28,True,False,False,False,True,False,False,True,False,False,True,False
0.8747588743404735,-1.0119848548811472,107232.0,2025,12,29,True,False,False,False,True,False,False,False,False,True,False,True
0.17435139793546492,0.62029574155027,154530.0,2025,12,29,True,False,False,False,False,True,False,False,False,True,True,False
0.17435139793546492,1.2809524253459672,184524.0,2025,12,29,True,False,False,False,False,False,False,False,False,False,True,False
-1.2264635548745522,-1.0028659688675639,26946.0,2025,12,29,False,False,True,False,False,True,False,True,False,False,False,False
0.8747588743404735,1.365797712602786,251168.0,2025,12,29,True,False,False,True,False,False,True,False,False,False,False,True
1.2249626125429778,-0.28339907817266985,170253.0,2025,12,29,True,False,False,False,True,False,False,False,False,True,False,True
-1.2264635548745522,-0.3722090984788728,36490.0,2025,12,29,False,True,False,True,False,False,False,False,True,False,False,False
-0.5260560784695436,0.3421036392518219,94600.0,2025,12,29,True,False,False,True,False,False,False,False,True,False,True,False
0.17435139793546492,1.4273832326365516,191172.0,2025,12,29,True,False,False,False,False,False,False,True,False,False,True,False
0.8747588743404735,0.22659774974643296,182208.0,2025,12,30,False,True,False,False,False,True,False,True,False,False,False,True
1.2249626125429778,-0.25353142253397665,172287.0,2025,12,30,False,True,False,False,True,False,True,False,False,False,False,True
-1.2264635548745522,0.3146148234427591,46884.0,2025,12,30,False,True,False,False,True,False,True,False,False,False,False,False
1.2249626125429778,0.14333835570936773,199314.0,2025,12,30,False,True,False,False,False,False,False,False,True,False,False,True
-1.5766672930770564,-0.66639229074317,16019.0,2025,12,30,True,False,False,False,False,False,True,False,False,False,False,False
1.575166350745482,-0.05555908560139926,206410.0,2025,12,30,False,True,False,False,True,False,False,False,True,False,False,True
-0.8762598166720479,-0.09295973403392221,61074.0,2025,12,31,False,True,False,False,False,True,False,False,False,False,False,False
-1.5766672930770564,0.29188368729295716,23270.0,2025,12,31,True,False,False,False,False,True,False,True,False,False,False,False
1.575166350745482,0.3288878624205417,235500.0,2025,12,31,False,True,False,False,False,True,False,False,False,False,False,True
-1.5766672930770564,-0.2043687327216143,19515.0,2025,12,31,False,True,False,False,True,False,False,True,False,False,False,False
1.2249626125429778,-1.241675056208797,104994.0,2025,12,31,False,False,True,False,False,True,False,False,True,False,False,True
1.2249626125429778,-1.4975324956623817,87570.0,2025,12,31,False,False,True,False,False,False,False,False,False,True,False,True
1.2249626125429778,1.6852230386148284,304317.0,2025,12,31,False,False,False,True,False,False,False,False,False,False,False,True
0.5245551361379692,-0.3999622298245612,126245.0,2025,12,31,False,True,False,False,False,False,False,True,False,False,True,False
1.2249626125429778,-0.4171427397052255,161145.0,2025,12,31,True,False,False,False,False,False,True,False,False,False,False,True
-0.8762598166720479,-0.747140687182292,46224.0,2025,12,31,True,False,False,False,False,True,False,False,False,False,False,False
